tweet_id,user,tweet,date,likes,comments,repost,views,is_retweet,is_reply,has_media
1929371608839332061,FabrizioRomano,"🚨 Liverpool remain confident to finalize Florian Wirtz deal as new round of talks has been scheduled this week.

Club optimistic to get the agreement sealed with Bayer Leverkusen soon. https://t.co/TAkyE7Yjvy",Mon Jun 02 02:56:52 +0000 2025,19843,615,1420,856475,False,False,True
1929291429286715401,FabrizioRomano,"🚨 Chelsea remain in contact with Jadon Sancho’s camp over contract terms, still no agreement on salary so far.

Final decision will be in few days, outcome expected next week.

If contract terms are not agreed, Sancho will go back to Manchester United with £5m compensation. https://t.co/H8nDCd3WAg",Sun Jun 01 21:38:15 +0000 2025,31258,1005,1919,2097024,False,False,True
1929287492819185879,FabrizioRomano,"🚨🔵 Strasbourg are set to sign Brazilian 16 year old fullback Angelo Candido from São Paulo, agreement done.

São Paulo will keep 12% sell-on clause as @mabragatchelo reports, deal in place.

One for the future with potential view on Chelsea move in the following years. 🇧🇷 https://t.co/4ZznwiVvdU",Sun Jun 01 21:22:37 +0000 2025,15462,235,845,1465583,False,False,True
1929281098355269893,FabrizioRomano,"🚨🇦🇹 Joao Sacramento, set to sign as new head coach at Austrian side LASK. Two year contract almost agreed.

Former Mourinho’s assistant at Spurs and Roma, also Galtier's assistant at PSG and Lille, considered to be a talented coach with important future ahead. https://t.co/EmcT8X1vuZ",Sun Jun 01 20:57:12 +0000 2025,12322,170,501,1329102,False,False,True
1929281083314414061,FabrizioRomano,"🎧 Here we go podcast post UCL.

◉ Florian Wirtz negotiations underway.
◉ PSG consider Mastantuono as future top player.
◉ Al Hilal push to get Simone Inzaghi’s green light.
◉ Donnarumma’s contract + Doué deal secrets. 

🎥 More @MenInBlazers: https://t.co/kw0s0JA1AE https://t.co/lwZGNHZO3k",Sun Jun 01 20:57:09 +0000 2025,9981,171,494,1314137,False,False,True
1929264051554505001,FabrizioRomano,"🚨⚪️ Spurs chairman Daniel Levy set to decide Ange Postecoglou’s future in the next days, situation open.

Thomas Frank and Marco Silva are both appreciated, discussed internally as options for Spurs job if Ange gets fired.

No final decision on Postecoglou yet. https://t.co/GNvtBcjiAD",Sun Jun 01 19:49:28 +0000 2025,48246,1152,2494,3432630,False,False,True
1929235096155857299,FabrizioRomano,"🚨🔵 Liam Delap completes first part of his medical at Chelsea and formal steps will follow early next week.

All set to get the deal official. Delap will play for Chelsea. https://t.co/mOtO4bXQp6",Sun Jun 01 17:54:25 +0000 2025,51682,871,3828,2516626,False,False,True
1929217878412108054,FabrizioRomano,"🚨⚪️⚫️ Former Toulouse president Damien Comolli has signed in as new Juventus general director.

Three year contract sealed. https://t.co/9OxVxAQqos",Sun Jun 01 16:46:00 +0000 2025,20813,503,927,2550362,False,False,True
1929202328973762883,FabrizioRomano,"🔵⚪️🦅 Maurizio Sarri and Lazio, deal set to be signed next week on two year contract plus option.

Story revealed yesterday, confirmed. ⤵️",Sun Jun 01 15:44:12 +0000 2025,12249,256,609,3286566,False,False,False
1929202088510132232,FabrizioRomano,"🚨🔴⚪️ Caoimhin Kelleher to Brentford, here we go! Deal done for the goalkeeper to join from Liverpool on £18m package fee add-ons included.

Mark Flekken will leave Brentford and join Bayer Leverkusen for €10m 🔴⚫️🇩🇪 https://t.co/uDfhSEoV8U",Sun Jun 01 15:43:15 +0000 2025,94928,1429,5975,6387503,False,False,True
1929201446731251789,FabrizioRomano,🚨🏅 UEFA Team of the Season for UCL campaign 2024/25 has been released! ✨ https://t.co/hml4zaZkLk,Sun Jun 01 15:40:42 +0000 2025,77252,2065,5254,4330528,False,False,True
1929201297355407775,FabrizioRomano,🚨🏅 Ousmane Dembélé wins Best Player of the Season Award from UEFA for UCL. https://t.co/H4dot33cOv,Sun Jun 01 15:40:06 +0000 2025,120090,1281,7597,3155597,False,False,True
1929201209123930347,FabrizioRomano,🚨🏅 Désiré Doué wins Young Player of the Season Award from UEFA for UCL. https://t.co/uYsmdE2eKa,Sun Jun 01 15:39:45 +0000 2025,89806,868,4464,2841572,False,False,True
1929166245925888507,FabrizioRomano,"🚨❌ Francesco Acerbi has rejected to join Italian national team for the upcoming international games.

“Acerbi informed me by text message this morning, we move on”, says Italy coach Luciano Spalletti. https://t.co/dDuzj3uCzX",Sun Jun 01 13:20:49 +0000 2025,51446,709,1891,4364113,False,False,True
1929161993069416774,FabrizioRomano,"🚨 OFFICIAL: Matheus Cunha joins Man United on five year deal plus one year option from Wolves.

All documents signed after £62.5m release clause has been triggered earlier this week.

First signing of the summer for Man Utd. https://t.co/iesnVyEBaC",Sun Jun 01 13:03:55 +0000 2025,111339,2014,10672,6387129,False,False,True
1929161504764448777,FabrizioRomano,🚨✅🇧🇷 #MUFC,Sun Jun 01 13:01:59 +0000 2025,32767,330,1695,3469853,False,False,False
1929149735798972755,FabrizioRomano,🔴👀⏳ #LFC,Sun Jun 01 12:15:13 +0000 2025,54271,925,3571,6893033,False,False,False
1929141735860380065,FabrizioRomano,"🚨⚠️ Ter Stegen on Joan García and Barça talks: “No one has spoken to me about this… but it doesn't concern me too much. I know that I WILL be in Barcelona next year”.

“For me the situation has not changed in principle. I’m very excited for next season”. https://t.co/8frpV3AKm0",Sun Jun 01 11:43:26 +0000 2025,29885,1153,1297,2873048,False,False,True
1929141060128694669,FabrizioRomano,"🚨🔵 Manchester City and OL are in club to club talks for Rayan Cherki, deal expected to advance fast next week.

Price tag will be in excess of €30m for Cherki; Man City are confident.

2️⃣ #MCFC mantain their plan: Cherki and Reijnders deals to be done in the next days. https://t.co/NQNfJqWncH",Sun Jun 01 11:40:45 +0000 2025,47846,722,3187,4699882,False,False,True
1929132858150392179,FabrizioRomano,"🚨🔵🔴 Robert Lewandowski: “I will stay at Barça, it’s not even a topic. For sure”.

“I’m sure our team will be stronger and I want to win even more”. https://t.co/fB0JPtt1qj",Sun Jun 01 11:08:09 +0000 2025,58769,483,2343,2368767,False,False,True
1929126060777504943,FabrizioRomano,"🚨❤️💙 Nasser Al Khelaifi: “Now our mission is to win the FIFA Club World Cup and then the Champions League again”.

“That’s our mentality”. https://t.co/Lg2xzsvUl6",Sun Jun 01 10:41:08 +0000 2025,137400,1332,6558,4480767,False,False,True
1929119806617207253,FabrizioRomano,"🚨🟡🔵 Fenerbahçe have agreed deal to sign Amara Diouf, one of the best talents in Africa.

Negotiations at final stages for a player who was in the list of several clubs and he’s joining Fener, as per @yagosabuncuoglu. https://t.co/zvhJ4tVOH0",Sun Jun 01 10:16:17 +0000 2025,44063,638,1988,4783810,False,False,True
1929113730832298082,FabrizioRomano,"🚨🔴⚫️ Bayer Leverkusen agree deal to sign Mark Flekken as new goalkeeper, all set to be sealed with Brentford.

It was always the plan to bring in new GK and it’s now all done for €10m transfer fee.

Medical tests to follow shortly, as @Plettigoal @PippoArens report. https://t.co/J0jUHkubNj",Sun Jun 01 09:52:09 +0000 2025,28086,517,1396,3250146,False,False,True
1929113711957995785,FabrizioRomano,🔴⚫️✅ #Bayer04,Sun Jun 01 09:52:04 +0000 2025,11221,176,348,2759892,False,False,False
1929093308761923599,FabrizioRomano,"🚨🔴🔵 Paris Saint-Germain will try to get Franco Mastantuono deal done as talks have been ongoing for weeks.

Nothing sealed or agreed yet but PSG will try to anticipate several top European clubs and sign the Argentinian gem.

One to watch in the next days/weeks. https://t.co/MKbT9mQ15M",Sun Jun 01 08:31:00 +0000 2025,49946,905,2435,4767060,False,False,True
1929073428172255259,FabrizioRomano,"🚨🦅 Maurizio Sarri, on the verge of becoming new Lazio manager as exclusively reported yesterday.

Process on course to complete two year deal plus option, get it signed and return to the club. https://t.co/xZbFNR0xIE",Sun Jun 01 07:12:00 +0000 2025,19154,446,972,3214886,False,False,True
1929057825474678945,FabrizioRomano,"🚨 Simone Inzaghi will meet with Inter board at the beginning of next week to discuss his future.

The chances to part ways are concrete with Al Hilal proposal available on the table. 👀🇸🇦 https://t.co/4FbuvfATJa",Sun Jun 01 06:10:00 +0000 2025,47655,675,2584,3403684,False,False,True
1928983313127006615,FabrizioRomano,"🚨 Donnarumma on his future: “New deal or leaving? We will see what happens… I don’t know”.

“It’s time to enjoy this magic season now. I will go on holiday and then we will see”, told Sky. https://t.co/dEc44Rcgw6",Sun Jun 01 01:13:55 +0000 2025,49057,510,1941,2660084,False,False,True
1928946602946814383,FabrizioRomano,"🚨✨ Luis Enrique: “I’d give the Ballon d’Or to mr Ousmane Dembélé”.

“The way he defended tonight… only that can be worth the Ballon d’Or. This is how you lead a team. Goals, titles, leadership, defending, how he was pressing…”.

“Ousmane is my Ballon d’Or. No doubts at all”. https://t.co/2fjuHO51kM",Sat May 31 22:48:02 +0000 2025,268677,1761,18967,9661218,False,False,True
1928939651487691067,FabrizioRomano,❤️💙 Luis Enrique. What a manager. https://t.co/lHLPiwOxaY,Sat May 31 22:20:25 +0000 2025,113341,411,5553,2685941,False,False,True
1928937391328289188,FabrizioRomano,"🚨 𝐎𝐅𝐅𝐈𝐂𝐈𝐀𝐋: Désiré Doué wins the 𝐌𝐚𝐧 𝐨𝐟 𝐭𝐡𝐞 𝐌𝐚𝐭𝐜𝐡 Award in Champions League final 🏅

Two goals, one assist, 19 years old. 𝑮𝒐𝒍𝒅𝒆𝒏 𝑩𝒐𝒚. ✨ https://t.co/dVEthqlCtA",Sat May 31 22:11:26 +0000 2025,119782,651,6176,3087974,False,False,True
1928934307118084490,FabrizioRomano,"❤️‍🩹💙 Luis Enrique: “Xana is not physically here, but she is always connected to me and she is enjoying this time with us”. https://t.co/zS2PYxN5iG",Sat May 31 21:59:11 +0000 2025,219427,618,10620,5857204,False,False,True
1928932427201683782,FabrizioRomano,"🚨 Simone Inzaghi on Al Hilal proposal or staying at Inter: “My future? We will see in the next days”.

“I will meet with the club and we will assess the situation together”. https://t.co/EwRDToL66R",Sat May 31 21:51:43 +0000 2025,43933,529,1808,3208695,False,False,True
1928924717857095751,FabrizioRomano,❤️💙 Paris Saint-Germain lift the Champions League for the first time! 🏆 https://t.co/DyZygPq1Cv,Sat May 31 21:21:05 +0000 2025,133036,1047,8813,3229802,False,False,True
1928917473610383852,FabrizioRomano,❤️💙🏆 Paris St Germain destroy Inter and win the final with the largest margin in Champions League history! 🇫🇷 https://t.co/yDsExvhxjp,Sat May 31 20:52:17 +0000 2025,213820,2325,15203,6768924,False,False,True
1928914377429721180,FabrizioRomano,"Nasser Al Khelaifi, Luis Enrique and Luis Campos have built a fantastic team.

Top talents, not only big superstars like before, excellent mentality and élité coach.

Well deserved Treble for PSG. 🔴🔵",Sat May 31 20:39:59 +0000 2025,111428,1144,8846,4756335,False,False,False
1928910186728563116,FabrizioRomano,"❤️💙 Brace in Champions League final, insane season. Insane signing. Désiré Doué. https://t.co/siQXpDHeBk",Sat May 31 20:23:20 +0000 2025,72370,839,3836,2702584,False,False,True
1928896489377440112,FabrizioRomano,"❤️💙⭐️ 10 G/A on first Champions League season at PSG for Désiré Doué.

Top signing, super talent. ✨🇫🇷 https://t.co/IBurw4Hm6F",Sat May 31 19:28:54 +0000 2025,49119,480,2433,2102331,False,False,True
1928892882770948521,FabrizioRomano,"❤️💙 9 goals, 14 assists this season for Achraf Hakimi. Fantastic season for PSG right back. https://t.co/J5WJeDtP5H",Sat May 31 19:14:35 +0000 2025,110618,1011,5870,3659639,False,False,True
1928867676367057221,FabrizioRomano,"🚨 Barça director Deco: “Gyökeres is a great striker who did excellent things at Sporting but we’re currently not looking for that position”.

“We have Lewandowski at number 9”. https://t.co/Yg1SlvH9uF",Sat May 31 17:34:25 +0000 2025,84376,2222,3330,4817722,False,False,True
1928866340779045126,FabrizioRomano,"🚨🦅 Understand Lazio are closing in on verbal agreement with Maurizio Sarri to return as new coach.

Two year contract plus one year option in case Lazio reach UCL qualification during one of the two years, club sources confirm.

Staff being clarified before signing. https://t.co/wx6AISK02T",Sat May 31 17:29:06 +0000 2025,22201,477,1340,6387334,False,False,True
1928857780535886289,FabrizioRomano,💙👀🇫🇷 #MCFC,Sat May 31 16:55:05 +0000 2025,39315,927,2220,5915324,False,False,False
1928857775980814547,FabrizioRomano,"🚨 Inter president Marotta: “PSG director Campos anticipates the market, he signed Bernardo Silva for Monaco when he was at Benfica B team!”.

“That shows the vision, for sure”, told El Pais. https://t.co/GexnfftpRK",Sat May 31 16:55:04 +0000 2025,28957,216,1220,2323098,False,False,True
1928814425143730478,FabrizioRomano,"🚨🔵🔴 EXCLUSIVE: Olympique Lyon have made a proposal to Junior Firpo as free agent with negotiations underway.

OL are pushing to make it happen with Firpo available with contract due to expire at Leeds United.

AC Milan are also keen if Theo Hernández leaves. https://t.co/76fiMf9oCZ",Sat May 31 14:02:49 +0000 2025,26687,875,1387,3851392,False,False,True
1928812979597762614,FabrizioRomano,"🚨🇪🇸 Sergio Reguilón, assessing options on the market as he’s available as free agent with several clubs making contact.

Movements already started after former Real Madrid and Man United left back said goodbye to Spurs. https://t.co/68AGsduNfT",Sat May 31 13:57:04 +0000 2025,33580,855,1309,3718798,False,False,True
1928812498456662183,FabrizioRomano,"🚨 Onur Cinel, attracting interest after terminating his contract with Red Bull Salzburg.

Championship, Dutch and German clubs have made contact as he will pick his next step as head coach very wisely and remains crucial part of Ralf Rangnick’s ÖFB team. https://t.co/B2sB6A4u3Y",Sat May 31 13:55:09 +0000 2025,9426,195,393,1669906,False,False,True
1928795807139975658,FabrizioRomano,"🚨🔵🔴 The agreement between Barça and Joan García on long term deal is now very advanced, almost done.

Negotiations underway with Spanish GK with club confident to get his green light in the upcoming days.

Barça want to get it done asap and anticipate Premier League clubs. https://t.co/xYIGPLyOHp",Sat May 31 12:48:50 +0000 2025,99847,2457,8612,14681998,False,False,True
1928793631336366241,FabrizioRomano,💙❤️👀 #FCB,Sat May 31 12:40:11 +0000 2025,59490,1549,3802,8985777,False,False,False
1928786161687748681,FabrizioRomano,"RT @FabrizioRomano: 🚨🔵 Manchester City are set to submit their opening bid also for Rayan Cherki next week.

The plan is to accelerate for…",Sat May 31 12:10:30 +0000 2025,0,0,3314,9,False,False,False
1928768902340792493,FabrizioRomano,"🚨❤️🤍 Official, exclusive story confirmed: John Heitinga returns to Ajax as new head coach. https://t.co/qMjLWEWQ9I",Sat May 31 11:01:55 +0000 2025,24249,264,1167,2350910,False,False,True
1928765158735683995,FabrizioRomano,💙⏳⌛️🇧🇪 #Napoli,Sat May 31 10:47:03 +0000 2025,47272,436,2197,4590448,False,False,False
1928764372135948796,FabrizioRomano,"RT @FabrizioRomano: 🚨🇧🇪 Napoli next priority after Antonio Conte’s decision to stay is to seal Kevin De Bruyne deal soon.

Napoli director…",Sat May 31 10:43:55 +0000 2025,0,0,3436,6,False,False,False
1928748358979424764,FabrizioRomano,"🚨⚪️ Spurs confirm Kevin Danso has been signed permanently from Lens after the obligation to buy in his loan deal was triggered.

€25m total package. https://t.co/0liCFrWrkk",Sat May 31 09:40:17 +0000 2025,46345,413,2086,2976977,False,False,True
1928742869805768955,FabrizioRomano,"🚨🔙 Timo Werner leaves Tottenham and returns to RB Leipzig after loan deal.

He will leave Leipzig this summer and ready for new move. 👀 https://t.co/dJ5dYFUHNu",Sat May 31 09:18:29 +0000 2025,59537,673,2641,4081122,False,False,True
1928741629596209458,FabrizioRomano,"🚨 Fraser Forster, Sergio Reguilon and Alfie Whiteman leave Spurs following the conclusion of their contracts. https://t.co/zuRyZvas1x",Sat May 31 09:13:33 +0000 2025,24484,232,1006,2549853,False,False,True
1928739990420263327,FabrizioRomano,Exclusive story confirmed: Miron Muslic signs in as Schalke04 head coach 💙🤍 https://t.co/aRjvwyGaXf,Sat May 31 09:07:02 +0000 2025,9943,166,411,2489753,False,False,True
1928735171383103972,FabrizioRomano,"🔵🇧🇷 Andrey Santos confirms plan to play for Chelsea: “Everyone knows about my love, my desire to play for Chelsea”, told Daily Mail. https://t.co/bS91RlGwXl",Sat May 31 08:47:53 +0000 2025,51037,437,2753,2122641,False,False,True
1928732718998622672,FabrizioRomano,"🚨❤️🤍 Diego Simeone: ""There’s a clear intention to be title contenders again. That’s why I’m here. That's why I'm staying”.

“I want more at this club”, told @simplefutbol_ok. https://t.co/BiLee44zLT",Sat May 31 08:38:08 +0000 2025,53364,635,2169,2936214,False,False,True
1928725836846272615,FabrizioRomano,"🚨🔵 Manchester City are set to submit their opening bid also for Rayan Cherki next week.

The plan is to accelerate for Cherki and try get Tijjani Reijnders deal sealed in the upcoming days. https://t.co/juwnMa8l3s",Sat May 31 08:10:48 +0000 2025,56586,876,3314,11870294,False,False,True
1928723485175459954,FabrizioRomano,🚨🔴 Liverpool will pay €35m fee for Jeremie Frimpong in three annual installments as part of the agreement with Bayer Leverkusen. https://t.co/D11eHAmXwm,Sat May 31 08:01:27 +0000 2025,48070,530,2130,6176095,False,False,True
1928723453164614095,FabrizioRomano,RT @fantasy_pepe: Here we come! PSG or Inter? Predict here➡️ https://t.co/eaxp0HbMf8 https://t.co/A1iTqWZfgS,Sat May 31 08:01:19 +0000 2025,0,0,129,2,False,False,True
1928707265101705415,FabrizioRomano,"🚨🔵 Chelsea have already started working internally on new deal to be proposed to Moisés Caicedo.

Talks to start soon. 🇪🇨 https://t.co/6RHf0yw1Ew",Sat May 31 06:57:00 +0000 2025,58443,721,2988,2991163,False,False,True
1928692925065736295,FabrizioRomano,"🚨 Official: Jonny Evans 𝐫𝐞𝐭𝐢𝐫𝐞𝐬 from professional football after leaving United ❤️👋🏻

🏆 x4 Community Shield
🏆 x3 Premier League
🏆 x2 Football League Cup
🏆 x1 Champions League
🏆 x1 FA Cup
🏆 x1 Club World Cup https://t.co/v9nHhh8EpI",Sat May 31 06:00:01 +0000 2025,149284,1796,12554,4948017,False,False,True
1928578218493194272,FabrizioRomano,"🚨 Paris Saint-Germain are in concrete talks to sign Franco Mastantuono from River.

Not a done deal yet but initial contacts made as per @GerGarciaGrova.

◉ No issues on Cunha deal.
◉ Luis Diaz/Hancko in Al Nassr list.
◉ Walker leaves Milan.

🎥 More: https://t.co/SqPak8pfYY https://t.co/RHiV9FSYhd",Fri May 30 22:24:13 +0000 2025,28046,792,1591,4234478,False,False,True
1928567147757703335,FabrizioRomano,"🚨🏴󠁧󠁢󠁥󠁮󠁧󠁿 Plans confirmed for Kyle Walker: AC Milan will not activate the buy option, Walker will formally return to Man City…

…and then he will leave again as Walker will not travel for FIFA Club World Cup.

Several approaches already started for new solution. https://t.co/LhpW6XzYuE",Fri May 30 21:40:13 +0000 2025,47030,480,2319,3651916,False,False,True
1928564285900272126,FabrizioRomano,"🚨🔵 Pep Lijnders will start working for Manchester City from June as he’s gonna be available for FIFA Club World Cup.

Pep Guardiola, waiting for him. https://t.co/SIRAq0CG6f",Fri May 30 21:28:51 +0000 2025,51945,674,2453,3538470,False,False,True
1928564256154202541,FabrizioRomano,"RT @gamdomsport: Champions League heartbreak in 2020 for PSG and for Inter in 2023. 🥵

Now they clash again - one moves forward, one will f…",Fri May 30 21:28:44 +0000 2025,0,0,510,1,False,False,False
1928559443177869615,FabrizioRomano,"🚨🇨🇴 Al Nassr consider Luis Diaz as one of their main targets for the summer window to re-start with ambitious plan.

Barcelona have also Luis Diaz on the list, but it depends on financial request by Liverpool.

👀🇸🇦 Al Nassr have Hancko and Luis Diaz among top priorities. https://t.co/xjLAk8VkAe",Fri May 30 21:09:36 +0000 2025,36363,830,2352,4209129,False,False,True
1928559041174757499,FabrizioRomano,"👀🇸🇦 Al Nassr and Luis Diaz, exclusive story from April… still ongoing.",Fri May 30 21:08:00 +0000 2025,35640,830,1994,8659731,False,False,False
1928558722453758271,FabrizioRomano,"🚨🔵 Chelsea have exchanged documents with Ipswich Town tonight confirming £30m for Liam Delap.

Medical booked on Monday. 🤝🏻 https://t.co/utLWes7Fzq",Fri May 30 21:06:44 +0000 2025,56678,538,3461,2680565,False,False,True
1928558691667612044,FabrizioRomano,"🟡🔴 Gian Piero Gasperini’s contract at AS Roma includes special bonuses in case of UCL qualification and Serie A title win.

The contract will be valid until June 2028. https://t.co/nMtStYLElg",Fri May 30 21:06:37 +0000 2025,17439,171,894,1898088,False,False,True
1928522905052225551,FabrizioRomano,"🚨🟣 David De Gea has just signed new deal at Fiorentina until June 2028.

After AS Monaco approaches, De Gea picks Fiorentina project. https://t.co/1LCgZWA0ZI",Fri May 30 18:44:25 +0000 2025,64351,367,3066,3056984,False,False,True
1928522680296153281,FabrizioRomano,"🚨🔵 Pep Lijnders, set to become part of Manchester City staff as he will join Pep Guardiola’s team.

Exclusive story confirmed… and Kolo Touré could be next. 👀 https://t.co/Of2aV8uzMd",Fri May 30 18:43:31 +0000 2025,41390,879,2426,6377648,False,False,True
1928522455057915976,FabrizioRomano,RT @FabrizioRomano: 🚨🔵 EXCLUSIVE: Kolo Touré and Pep Lijnders are two options under consideration at Manchester City to be part of Pep Guar…,Fri May 30 18:42:38 +0000 2025,0,0,2117,4554,False,False,False
1928521772858536443,FabrizioRomano,🚨🤍 Real Madrid confirm Jesus Vallejo leaves the club as he’s out of contract and it won’t be extended. https://t.co/HHFtYCG5fg,Fri May 30 18:39:55 +0000 2025,38535,388,1527,2186538,False,False,True
1928515586826314117,FabrizioRomano,"🚨🟡🔴 BREAKING: AS Roma agree three year deal with Gian Piero Gasperini as new head coach.

Gasperini leaves Atalanta after 9 years as expected and joins AS Roma project. https://t.co/jJvWrtpT4W",Fri May 30 18:15:20 +0000 2025,86237,866,5461,5997683,False,False,True
1928515572452528155,FabrizioRomano,"🚨🇵🇹 Mario Branco has decided to part ways with Fenerbahçe SK after three seasons at the club.

The Portuguese sporting director was responsible for several high-profile moves to Istanbul including José Mourinho, Milan Škriniar, Fred or Dušan Tadić. Also key for wonder kid Arda… https://t.co/2jbbn6mlKo",Fri May 30 18:15:17 +0000 2025,15586,341,692,2547452,False,False,True
1928495747382591812,FabrizioRomano,🚨🔵 The negotiations between Napoli and Alex Meret over new deal at the club remain at final stages. https://t.co/iWTLCJa1On,Fri May 30 16:56:30 +0000 2025,19254,212,796,1941895,False,False,True
1928483986315108700,FabrizioRomano,"🚨🟡🔴 AS Roma are confident to seal the agreement with Gian Piero Gasperini on three year contract, as planned.

Negotiations at the final stages, as @Fil_Biafora reports. https://t.co/U7NCoryLtP",Fri May 30 16:09:46 +0000 2025,22638,308,1207,2426695,False,False,True
1928482671694331964,FabrizioRomano,"🚨✍🏻 Official, confirmed. Jeremie Frimpong joins Liverpool on €35m deal from Bayer Leverkusen. https://t.co/VQTmNoL1qx",Fri May 30 16:04:33 +0000 2025,98717,694,6291,3257517,False,False,True
1928480706356732057,FabrizioRomano,"🚨 Jeremie Frimpong to Liverpool, official in 4 minutes. The first signing of the summer for Arne Slot.",Fri May 30 15:56:44 +0000 2025,72054,709,2920,9601030,False,False,False
1928470678258254185,FabrizioRomano,🚨⚫️🔵 Simone Inzaghi on Al Hilal approaches: “I’m happy here at Inter. I feel good and I’ve everything to do important things at this club”. https://t.co/zeGQqY1VbP,Fri May 30 15:16:53 +0000 2025,33492,342,1533,3032671,False,False,True
1928465715004125330,FabrizioRomano,"🚨 Rúben Amorim on Al Hilal pushing to sign Bruno Fernandes: “My feeling is that Bruno wants to stay. He is saying no to a lot of things”.

“The club can find other ways to make money”. ⚠️👀

“I feel he wants to stay for sure with Man United, you never know”, via @lauriewhitwell. https://t.co/aMs4reghWj",Fri May 30 14:57:10 +0000 2025,42197,710,2631,3269797,False,False,True
1928465192758714757,FabrizioRomano,"🚨🇦🇪 EXCL: Al Ain agree deal to sign Rui Patricio as new goalkeeper on short term contract for FIFA Club World Cup.

Verbal agreement in place with Portuguese GK. https://t.co/FWdUOfzBGc",Fri May 30 14:55:05 +0000 2025,22787,196,1193,2680970,False,False,True
1928462093310660839,FabrizioRomano,"RT @FabrizioRomano: 🚨🔵 Manchester City made contact to start initial talks for Rayan Cherki as target for #10 position.

He’s top of the li…",Fri May 30 14:42:46 +0000 2025,0,0,3405,1242,False,False,False
1928455394491355630,FabrizioRomano,"🚨🔴⚫️ AC Milan keep working on deal to sign Samuele Ricci since January, he’s still one of the main targets.

No issues on personal terms as Ricci’s keen on the move, clubs again in contact with discussions underway for months. https://t.co/VHLxQvtdoX",Fri May 30 14:16:09 +0000 2025,19285,255,1088,2250980,False,False,True
1928455111824588932,FabrizioRomano,"RT @FabrizioRomano: 🚨🔴⚫️ Understand AC Milan have made concrete progress to sign Samuele Ricci as new midfielder from season 2025/26.

He’s…",Fri May 30 14:15:02 +0000 2025,0,0,1392,999,False,False,False
1928455067130007836,FabrizioRomano,"🚨🇸🇦 Al Hilal are in direct contact with AC Milan for Theo Hernández as he’s a priority target for the Saudi side.

No agreement club to club yet and still waiting for player’s decision, as Theo didn’t give green light to move so far.

🎥🇮🇹 @MatteMoretto https://t.co/p6TAgQXUf7 https://t.co/Y55NhaVJpf",Fri May 30 14:14:51 +0000 2025,30202,717,2243,4919786,False,False,True
1928428588656705830,FabrizioRomano,"🚨⏳ The structure of the add-ons is the final detail being negotiated between Liverpool and Bayer Leverkusen for Florian Wirtz.

The deal is expected to happen soon, as it’s always been the case: optimism and not a long saga. 💣 https://t.co/FVpfk4DkI9",Fri May 30 12:29:38 +0000 2025,59823,744,4371,3568461,False,False,True
1928426551437033474,FabrizioRomano,"🚨🔴 More on Florian Wirtz deal. Talks are advancing as reported earlier with club optimistic as Liverpool proposal around €130m is now on the table.

Negotiations are underway on structure of the add-ons, key to get the agreement sealed.

Wirtz ONLY wants Liverpool. ⏳⌛️ https://t.co/dpxdQVSSHV",Fri May 30 12:21:32 +0000 2025,89029,1337,6809,5877900,False,False,True
1928414897064349791,FabrizioRomano,"🚨❤️🤍 Ajax have agreed deal to appoint John Heitinga as new head coach on two year contract.

Exclusive story confirmed as Liverpool gave their green light earlier this week and Heitinga will go back to Ajax. 🇳🇱 https://t.co/cp8ZkH6j4a",Fri May 30 11:35:14 +0000 2025,29565,430,1780,2811255,False,False,True
1928414324877414845,FabrizioRomano,❤️🤍✅ #Ajax,Fri May 30 11:32:57 +0000 2025,11261,134,420,2903177,False,False,False
1928406573832905068,FabrizioRomano,"🔵⏳ Negotiations underway between Man City and AC Milan for Reijnders, as reported earlier today. ⤵️",Fri May 30 11:02:09 +0000 2025,22902,414,1403,3594807,False,False,False
1928391884134596786,FabrizioRomano,🚨⚪️ Understand the release clause into Trent Alexander-Arnold’s contract will be €1B. https://t.co/lK2dgpy3n0,Fri May 30 10:03:47 +0000 2025,165927,3251,6898,11490917,False,False,True
1928390998058586113,FabrizioRomano,"🚨⚪️ Understand Real Madrid to pay transfer fee around €10m to Liverpool to have Trent Alexander-Arnold at the Club World Cup.

Real will also cover his salary for June and July as part of the agreement with Liverpool. https://t.co/Y4lCeqsadX",Fri May 30 10:00:16 +0000 2025,97384,2202,5450,9960895,False,False,True
1928390980358554014,FabrizioRomano,"🚨🤍 BREAKING: Trent Alexander-Arnold joins Real Madrid and he will play the FIFA Club World Cup.

Contract until June 2031 as Real Madrid see Trent as the best right back in the world, the missing piece to their puzzle. https://t.co/LIUoy4k0yS",Fri May 30 10:00:12 +0000 2025,127337,1529,9441,5001180,False,False,True
1928387603784499276,FabrizioRomano,"🚨🔴⚫️ Official, confirmed. Max Allegri has been appointed as new AC Milan head coach.

Two year deal plus one year as option. https://t.co/vgD4fqBCOu",Fri May 30 09:46:47 +0000 2025,35986,316,1942,2421217,False,False,True
1928378859981844579,FabrizioRomano,"🚨 The negotiations between Liverpool and Bayer Leverkusen continue well with club to club agreement getting closer.

Liverpool expect it to be matter of time then Wirtz will join the club, as he told Bayer last week about his clear plan to sign for #LFC. https://t.co/w0XtvrEGdB",Fri May 30 09:12:02 +0000 2025,61175,878,4663,3662988,False,False,True
1928377820692054268,FabrizioRomano,"💙🤍✅ Miron Muslic, new Schalke head coach as exclusively revealed.",Fri May 30 09:07:54 +0000 2025,11876,210,456,2786393,False,False,False
1928358385910469049,FabrizioRomano,"🚨✅ Jeremie Frimpong deal, all signed and sealed with official announcement now imminent.

Liverpool have their new right back for €35m. https://t.co/addXBvE1n2",Fri May 30 07:50:41 +0000 2025,132337,1432,9811,5926588,False,False,True
1928355785894953215,FabrizioRomano,"🚨🔵 Manchester City initial bid for Tijjani Reijnders has been received by AC Milan in the recent hours.

Proposal worth around €60m including add-ons, AC Milan want more to let the midfielder leave.

Negotiations are advancing. 🇳🇱 https://t.co/iUaLERcLsh",Fri May 30 07:40:21 +0000 2025,40273,633,2439,6381299,False,False,True
1928353435289637315,FabrizioRomano,"🚨 Ermedin Demirović could leave Stuttgart this summer as he’s currently not happy with game time.

Demirović, top scorer with 25 G/A and 15 goals in Bundesliga — one goal each 123 mins, after also being Cup winner on first season. https://t.co/xuhixdV0b1",Fri May 30 07:31:00 +0000 2025,16649,301,698,2473579,False,False,True
1928338418158776561,FabrizioRomano,"🚨🐉 FC Porto are closing in on Gabri Veiga deal from Al Ahli with negotiations progressing to final stages.

There are still some details to clarify for Spanish midfielder to join Porto but deal at very advanced stages. https://t.co/Ql39aJXbCe",Fri May 30 06:31:20 +0000 2025,22257,431,1281,2520464,False,False,True
1928330538190000216,FabrizioRomano,"🚨 Understand Wolves have now approached Liverpool for 18 year old highly rated talent Kieran Morrison.

Wolves have genuine interest, as he’s on their shortlist with more clubs around Europe also keen. https://t.co/8CIyI51oKq",Fri May 30 06:00:01 +0000 2025,22098,301,959,2497022,False,False,True
1928224910796574931,FabrizioRomano,"RT @FabrizioRomano: 🚨⚪️ Real Madrid mantain their hope to get Trent Alexander-Arnold at the club before the Club World Club, as always plan…",Thu May 29 23:00:18 +0000 2025,0,0,2121,477,False,False,False
1928224840088986037,FabrizioRomano,"🚨🔵 Chelsea are in active talks with Jadon Sancho’s agents to understand salary requests as crucial point ahead of the final decision on player’s future.

Chelsea won’t match Sancho’s current salary at Manchester United, talks to follow…

…and decision to be made in few days. https://t.co/McbU6iIZMr",Thu May 29 23:00:01 +0000 2025,60320,794,4043,4386379,False,False,True
1928223781174010286,FabrizioRomano,"💙💛✍🏻 Ángel Di Maria signs his contract at Rosario Central, back as free agent. https://t.co/3mIO72mRB3",Thu May 29 22:55:48 +0000 2025,61130,423,2127,3084710,False,False,True
1928221427703984137,FabrizioRomano,🚨🇧🇷 It’s over between Arsenal and Marquinhos as Brazilian winger joins Cruzeiro on permanent deal until 2028. https://t.co/zpMiIfqWAV,Thu May 29 22:46:27 +0000 2025,46723,815,2343,4892341,False,False,True
1928216316764135919,FabrizioRomano,"🚨🇧🇪 Napoli next priority after Antonio Conte’s decision to stay is to seal Kevin De Bruyne deal soon.

Napoli director Manna: “We feel closer to getting Kevin De Bruyne deal done. We are definitely close”. https://t.co/hDuGulB77n",Thu May 29 22:26:09 +0000 2025,63962,490,3436,4789293,False,False,True
1928205035143307512,FabrizioRomano,"🚨⤵️ No doubts on Nkunku leaving Chelsea this summer, as part of both sides’ plan.",Thu May 29 21:41:19 +0000 2025,25479,466,1362,4036397,False,False,False
1928203923396936171,FabrizioRomano,"🚨🔵 Chelsea have booked medical for Liam Delap after agreement sealed on personal terms and £30m release clause activated.

Delap has also spoken to Enzo Maresca, a crucial factor to make the deal happen. https://t.co/ehQ5tnC0zT",Thu May 29 21:36:54 +0000 2025,50054,633,3354,2680791,False,False,True
1928202934786920885,FabrizioRomano,"🚨🇸🇦 Al Nassr are in active talks to sign David Hancko from Feyenoord this summer.

Feyenoord have still not received any official proposal but initial contacts on.

He’s high on the shortlist as @Santi_J_FM reports, one of the main options being considered by the management. https://t.co/GJ6735U74i",Thu May 29 21:32:58 +0000 2025,14171,268,744,2023268,False,False,True
1928188277980364990,FabrizioRomano,"🚨❤️🤍 Arsenal are on the verge of reaching an agreement with Gabriel Magalhães over long term deal.

Negotiations at advanced stages, as BBC reported.

❗️ Understand deal will be valid until June 2030. https://t.co/ExiUI1qHcm",Thu May 29 20:34:44 +0000 2025,54003,683,3767,3348926,False,False,True
1928187921380618457,FabrizioRomano,"RT @FabrizioRomano: 🚨 BREAKING: Trent Alexander-Arnold to Real Madrid, here we go! 💣⚪️

Decision to leave Liverpool now confirmed as Trent…",Thu May 29 20:33:19 +0000 2025,0,0,42170,765,False,False,False
1928184942611103859,FabrizioRomano,"🚨🚜 EXCL: Ipswich are considering Divin Mubama with initial request to Manchester City for terms.

Manchester City position over transfer is £10m valuation… while there’s serious interest also from Lille. 🇫🇷 https://t.co/E8Vkc6knJz",Thu May 29 20:21:28 +0000 2025,21362,245,935,2644026,False,False,True
1928181822648668604,FabrizioRomano,"🚨💙🤍 OFFICIAL: Antonio Conte stays at Napoli next season, confirmed.

“We keep going, stronger than before!”, says president Aurelio De Laurentiis. https://t.co/71JsIluryl",Thu May 29 20:09:05 +0000 2025,39345,305,1827,2498444,False,False,True
1928174665593184304,FabrizioRomano,"🚨🔴⚫️ AC Milan confirm Sérgio Conceição will no longer be the head coach as they part ways with immediate effect.

Next manager: Massimiliano Allegri. ✍🏻🔐 https://t.co/QzNo8M1bCK",Thu May 29 19:40:38 +0000 2025,27515,280,1368,2172035,False,False,True
1928171724605911239,FabrizioRomano,"🚨💙💛 Ángel Di Maria has signed in as new Rosario Central player, back to his boyhood club in Argentina.

After a fantastic international career, World Cup winner Di Maria returns home. https://t.co/EglFpnkj8I",Thu May 29 19:28:57 +0000 2025,124291,787,6381,6239931,False,False,True
1928168481289032047,FabrizioRomano,"RT @FabrizioRomano: 🚨🔵⚪️ EXCL: Brighton are interested in Hellas Verona centre back Diego Coppola with initial contacts taking place.

Ther…",Thu May 29 19:16:04 +0000 2025,0,0,909,310,False,False,False
1928168132520144985,FabrizioRomano,"🚨🔵 BREAKING: Antonio Conte stays at Napoli! It was never over… and he will continue.

Agreement reached with president De Laurentiis to increase his salary and mantain same contract structure.

Ambitious plan on transfer market and for long term vision. Conte stays. 🤝🏻 https://t.co/ZFxUThOAbd",Thu May 29 19:14:41 +0000 2025,55207,581,3631,3656053,False,False,True
1928152793816170623,FabrizioRomano,"🚨🔵 Napoli president De Laurentiis now meets Antonio Conte with club increasingly confident to keep him.

De Laurentiis will officially present salary increase proposal as revealed today; not a new deal, only adjusting current salary…

…and also ambitious summer transfer plan. https://t.co/He2F8Xvm8s",Thu May 29 18:13:44 +0000 2025,20662,319,1082,2116247,False,False,True
1928149442252714157,FabrizioRomano,"🚨 Understand Arsenal have started moving initial concrete talks for Benjamin Šeško deal.

He’s always been high on recruitment team, management, Mikel Arteta list with attempts to get deal done rejected by Leipzig in May 2024 and January…

…now Šeško will leave. Arsenal on it. https://t.co/UHXkPxoeb5",Thu May 29 18:00:24 +0000 2025,70483,3497,6331,16866549,False,False,True
1928129510894969073,FabrizioRomano,"🚨🔴⚫️ Massimiliano Allegri has just SIGNED in as new AC Milan manager, here we go!

Meeting right now with Giorgio Furlani, Igli Tare, Allegri and Giovanni Branchini with all contracts being sealed.

Allegri’s back to the club with agreement in place to proceed with new project. https://t.co/hqYT04LBXq",Thu May 29 16:41:12 +0000 2025,81102,1430,6888,12261357,False,False,True
1928129359044370749,FabrizioRomano,"🚨⚒️ Daniel Cummings will join West Ham on July 1st, agreement done and here we go!

Celtic talent has scored 30 goals this season and made his Champions League debut at Villa Park. 

Medical complete and deal done. Celtic will get €300k training compensation. https://t.co/D9fgS0h9Py",Thu May 29 16:40:36 +0000 2025,26504,384,1299,3492527,False,False,True
1928124581409112301,FabrizioRomano,"🚨🆕 Liam Delap will sign his Chelsea contract in the next 24 hours as Ipswich Town has now authorized medical tests.

Man City will get 30% of the deal as they had sell-on clause included in agreement with Ipswich Town.

Buy back clause won’t be activated, Delap will join #CFC. https://t.co/SJKNUJfuPu",Thu May 29 16:21:37 +0000 2025,57184,1166,4708,3785908,False,False,True
1928120104241213847,FabrizioRomano,"🚨🔵 BREAKING: Liam Delap to Chelsea, here we go! Agreement in place as £30m release clause will be triggered.

Manchester City will not use buy back clause and Delap has already accepted Chelsea project.

Long term deal, Maresca’s impact + UCL football key. Delap will join #CFC. https://t.co/LmgmfQE8Su",Thu May 29 16:03:50 +0000 2025,159386,5621,18419,14395887,False,False,True
1928119169641230504,FabrizioRomano,"🚨🔵 Gana Gueye will sign new deal at Everton next week valid for the next two years.

Verbal agreement in place until June 2027, waiting to get it sealed. https://t.co/9NuDUvqwIu",Thu May 29 16:00:07 +0000 2025,28473,238,1442,2205293,False,False,True
1928110356821352658,FabrizioRomano,"🚨🔵 EXCLUSIVE: Kolo Touré and Pep Lijnders are two options under consideration at Manchester City to be part of Pep Guardiola’s staff.

Decisions on new staff members soon following departures of Juanma Lillo, Íñigo Domínguez and Carlos Vicens. https://t.co/ONc90TpG4K",Thu May 29 15:25:06 +0000 2025,40118,617,2117,5643868,False,False,True
1928107286658003406,FabrizioRomano,👀💙⏳ #Napoli,Thu May 29 15:12:54 +0000 2025,19028,324,910,3803111,False,False,False
1928106041666842646,FabrizioRomano,"🚨🚜 Ipswich Town have offered loan move to Marc Guiu as priority target, one of key profiles wanted by McKenna.

It’s a separate story from Liam Delap-Chelsea but clubs in good relationship and Ipswich are pushing for Guiu. https://t.co/8ygWam5d7H",Thu May 29 15:07:57 +0000 2025,41323,556,2233,3463718,False,False,True
1928102627075588272,FabrizioRomano,"🔵✍🏻 Everton activate €15m buy option clause for Charly Alcaraz from Flamengo.

€3m add-ons as part of the package with deal set to be sealed. https://t.co/wEGpqBUrEb",Thu May 29 14:54:23 +0000 2025,28492,281,1437,2473915,False,False,True
1928074745712419281,FabrizioRomano,"🚨🔵 Chelsea are closing in on Liam Delap deal as details of the long term contract are being completed with his agents.

Enzo Maresca appreciation + UCL football made the difference as Chelsea are set to activate £30m release clause.

#CFC just wait for formal communication now. https://t.co/PrzhCBNMRy",Thu May 29 13:03:35 +0000 2025,51821,1651,4336,4034570,False,False,True
1928066260618608734,FabrizioRomano,"RT @FabrizioRomano: 🚨🔵 Chelsea are prepared to seal Liam Delap deal soon after positive talks with the striker again this week.

Delap give…",Thu May 29 12:29:52 +0000 2025,0,0,5173,245,False,False,False
1928066230335709197,FabrizioRomano,"🚨🟡🔴 AS Roma management and Gian Piero Gasperini are in a meeting right now to complete the agreement.

He’s on the verge of becoming the new head coach at AS Roma, after leaving Atalanta. https://t.co/sMXmN2cI5v",Thu May 29 12:29:45 +0000 2025,64321,556,3646,4373446,False,False,True
1928064567319339423,FabrizioRomano,"🚨🔴⚫️ AC Milan are closing in on the appointment of Massimiliano Allegri as new head coach.

New round of talks took place today with AC Milan management, now waiting to get the agreement signed.

AC Milan, working to get it all signed as soon as possible. https://t.co/ZKfBRy24tq",Thu May 29 12:23:09 +0000 2025,33224,445,2188,3059303,False,False,True
1928063561252704466,FabrizioRomano,"🚨🔵 Chelsea are prepared to seal Liam Delap deal soon after positive talks with the striker again this week.

Delap gives his preference to Chelsea project and now expected to follow with formal steps including £30m release clause to be triggered.

Deal underway. 💣 https://t.co/kDKVdKimec",Thu May 29 12:19:09 +0000 2025,66465,2395,5173,6998282,False,False,True
1928060426505380290,FabrizioRomano,"🚨🇸🇦 Al Nassr director Hierro: “Cristiano Ronaldo's presence from the beginning is a national project”.

“He is a huge phenomenon in the history of football, has helped the league grow. We are in contact to renew his contract and hope he continues with us”. https://t.co/BIkR3QDa5g",Thu May 29 12:06:41 +0000 2025,61258,689,3726,3359266,False,False,True
1928059403632038363,FabrizioRomano,"🚨🇸🇦 Al Nassr director Fernando Hierro: “We are still in negotiations with Cristiano Ronaldo over new deal”. 

“Hopefully we can find a solution on a renewal”. https://t.co/yeI2NsIp43",Thu May 29 12:02:38 +0000 2025,32795,433,1625,2234041,False,False,True
1928047821032165765,FabrizioRomano,🔴🔵✍🏻 Vincenzo Italiano has signed new deal at Bologna until June 2027. https://t.co/tGsduzKtVV,Thu May 29 11:16:36 +0000 2025,21844,235,881,1578977,False,False,True
1928025029339390010,FabrizioRomano,"🚨🔵 EXCL: Napoli have offered Antonio Conte to improve his current salary as part of the plan to stay at the club.

President De Laurentiis, trying his best efforts with important signings like Kevin De Bruyne…

…and higher salary to keep Conte at the club. https://t.co/fzZufuTMqM",Thu May 29 09:46:02 +0000 2025,43426,528,2521,6494254,False,False,True
1928015375179874575,FabrizioRomano,"🚨🔵 Manchester City made contact to start initial talks for Rayan Cherki as target for #10 position.

He’s top of the list with Morgan Gibbs-White after Wirtz deal off, while Cherki’s also aware of Man City interest. https://t.co/YvQPEXoumr",Thu May 29 09:07:40 +0000 2025,56008,978,3405,6526906,False,False,True
1928011179831500869,FabrizioRomano,"🚨🇲🇨 Understand AS Monaco and Barça are completing the agreement for Ansu Fati.

All done on player side, loan move with buy option confirmed… and final details on sell-on clause for Barça being fixed.

Almost there. ⏳🏁 https://t.co/P2YxWPGTh0",Thu May 29 08:51:00 +0000 2025,59529,441,2878,3032752,False,False,True
1928010113358426287,FabrizioRomano,"🚨⚫️🔵 Atalanta have made contact with Stefano Pioli as one of the three candidates to replace Gian Piero Gasperini.

Pioli could leave Saudi Pro League side Al Nassr, Atalanta are informed on his situation. https://t.co/DqpUVsx36k",Thu May 29 08:46:46 +0000 2025,22653,554,1324,3154298,False,False,True
1927983980474667403,FabrizioRomano,"🚨 Official, confirmed. Jonathan Tah joins FC Bayern on four year contract until June 2029.

Free transfer from Leverkusen, confirmed. https://t.co/SeX8hZmrJ0",Thu May 29 07:02:55 +0000 2025,40289,348,1739,2490430,False,False,True
1927982444424094093,FabrizioRomano,❤️🤍✅ #FCBayern,Thu May 29 06:56:49 +0000 2025,17090,209,517,3551125,False,False,False
1927957244131315869,FabrizioRomano,"💚👋🏾 Farewell time for Willian Estêvão as he’s leaving Palmeiras after the FIFA Club World Cup…

…and joining Chelsea for next season. 💙🔜 https://t.co/dhfcBOvr5w",Thu May 29 05:16:41 +0000 2025,95022,668,7455,2986762,False,False,True
1927946761114452220,FabrizioRomano,Neymar Jr and Xavi Simons together! 🇧🇷🇳🇱 https://t.co/oOkYck5O8d,Thu May 29 04:35:02 +0000 2025,102507,313,2927,2904919,False,False,True
1927935762894373158,FabrizioRomano,"🇦🇷2️⃣ Leo Messi’s brace for Inter Miami means 863 goals in his professional career…

…and Messi becomes the first player in Inter Miami history to produce 50 goal contributions (29 goals, 21 assists) in regular season play. 🔛 https://t.co/O8Rj69fVFM",Thu May 29 03:51:19 +0000 2025,57213,689,3916,2202915,False,False,True
1927836811331530894,FabrizioRomano,🚨🏅 Man of the Match: Cole Palmer. https://t.co/G5AGZbVwvp,Wed May 28 21:18:07 +0000 2025,110902,895,6913,2843352,False,False,True
1927831060655546873,FabrizioRomano,Chelsea are the first European team to win all the international trophies! 💙🏆 https://t.co/qbpCVFcBLR,Wed May 28 20:55:16 +0000 2025,184785,3234,27071,5376480,False,False,True
1927825187132563853,FabrizioRomano,"🔵❄️ Two assists for Cole Palmer, once again crucial for Chelsea. https://t.co/CR6iUqzdtX",Wed May 28 20:31:56 +0000 2025,78673,567,5019,2738024,False,False,True
1927824955133001774,FabrizioRomano,"🔵🇸🇳 13th goal of the season for Nico Jackson, 18 G/A in all competitions so far. https://t.co/xGO25L6O4i",Wed May 28 20:31:01 +0000 2025,31323,296,1522,1913759,False,False,True
1927823530277646782,FabrizioRomano,"💙🇦🇷 Enzo Fernández reaches 8 goals, 13 assists this season in all competitions.

Beautiful assist by Cole Palmer. https://t.co/Bt781AYjTQ",Wed May 28 20:25:21 +0000 2025,70245,451,4420,2425300,False,False,True
1927809094045376806,FabrizioRomano,"🚨🔴⚫️ AC Milan have sent their formal proposal to Massimiliano Allegri to be their new head coach.

He’s the main option to replace Sérgio Conceiçao, with good chances for it to happen if Napoli will continue with Antonio Conte. https://t.co/MOHCXvK3fH",Wed May 28 19:27:59 +0000 2025,33306,424,1807,2904438,False,False,True
1927807278066921558,FabrizioRomano,"🚨 Napoli are confident to keep Antonio Conte as their head coach for the next season.

President De Laurentiis spoke again to Conte today with positive direct contact.

Final answer soon but Napoli now hope for Conte to stay. It was never over or closed chapter, so far. https://t.co/YniZNpNSX3",Wed May 28 19:20:46 +0000 2025,31255,371,1932,2673244,False,False,True
1927800207955181850,FabrizioRomano,"🚨🔵 EXCL: Schalke04 activate the clause to appoint Miron Muslic as new head coach.

Hull City, Köln and Hannover were also keen on Plymouth manager who’s now due to join Schalke. https://t.co/226wfRpA14",Wed May 28 18:52:41 +0000 2025,17276,405,730,9567351,False,False,True
1927758772589474193,FabrizioRomano,"🚨🏴󠁧󠁢󠁥󠁮󠁧󠁿 More on Marcus Rashford. He was already keen on joining Barcelona last January… and he remains very keen on the project.

Positive feelings on player side again after new meeting, but still early stages club to club.

Barça have more options + Man United insist on £40m. https://t.co/ApdnPeOhSF",Wed May 28 16:08:02 +0000 2025,77652,1191,4778,4779047,False,False,True
1927756218136752599,FabrizioRomano,🚨🇧🇷 Rúben Amorim on Matheus Cunha: “I won’t confirm anything. I have no news. We will see. There will be some changes…”. https://t.co/LPOs2QJTzx,Wed May 28 15:57:53 +0000 2025,50850,306,1981,2739117,False,False,True
1927755770889654735,FabrizioRomano,"🚨🔴⚪️ Excl: Southampton agree deal to sign 20 year old centre back Joshua Quarshie to Southampton FC. 

€3.5m transfer fee to Hoffenheim, medical done. https://t.co/rCJVvBcy5z",Wed May 28 15:56:06 +0000 2025,15812,189,647,2286335,False,False,True
1927709589333545186,FabrizioRomano,"🚨🔴⚫️ Bayer Leverkusen are advancing to final stages for Mark Flekken deal as he’s expected to be the new goalkeeper for Erik ten Hag.

Personal terms are not an issue as club to club talks are well underway. https://t.co/YYTGoxTO5Q",Wed May 28 12:52:35 +0000 2025,32236,1010,1545,6620417,False,False,True
1927705657056075938,FabrizioRomano,"🚨🟣 Raffaele Palladino has decided to resign as Fiorentina head coach, leaving his job immediately. https://t.co/5B7K7nrvMX",Wed May 28 12:36:58 +0000 2025,16623,255,781,2263990,False,False,True
1927701781032706337,FabrizioRomano,"🚨🩺 Jonathan Tah, undergoing medical as new FC Bayern player today as planned.

Deal done until June 2029, exclusive story confirmed. https://t.co/CD0SS4jiVC",Wed May 28 12:21:34 +0000 2025,23097,341,1102,2150545,False,False,True
1927701588413485267,FabrizioRomano,✅🔴🩺 #FCBayern,Wed May 28 12:20:48 +0000 2025,13187,207,455,3092504,False,False,False
1927696763944649205,FabrizioRomano,"🚨 Understand Milos Kerkez has already said yes to Liverpool project, no issues on personal terms.

Club to club talks underway with Liverpool also busy on Florian Wirtz deal but in regular contact with Bournemouth.

Deal absolutely on. 🔛🇭🇺 https://t.co/j89F8ERejE",Wed May 28 12:01:38 +0000 2025,83828,884,6756,11572457,False,False,True
1927696743665131613,FabrizioRomano,"🚨🇳🇴 Sindre Walle Egeli can leave Nordsjælland this summer with Lille among clubs making contact.

Nordsjælland rejected €15m proposal from Feyenoord for 18 year old winger in January, now attracting interest again after 17 G/A this season. https://t.co/QJowIuWwk9",Wed May 28 12:01:33 +0000 2025,10826,123,464,1733604,False,False,True
1927696729475797354,FabrizioRomano,"🚨 Feyenoord are interested in Cercle Brugge 21 year old midfielder Lawrence Agyekum with several clubs also in the race.

After an important season, PL clubs and Strasbourg will also be in attendance this week at Unity Cup to follow Ghana player. https://t.co/9OwpUspwat",Wed May 28 12:01:29 +0000 2025,13334,205,864,1781523,False,False,True
1927691510021050449,FabrizioRomano,"🚨🔴⚪️ Arsenal plans for midfield are confirmed after Jorginho’s exit: Martin Zubimendi will formally complete his €60m move soon with medical/signature, here we go confirmed.

Negotiations also underway for Thomas Partey’s new deal. https://t.co/49FQ6LzZT4",Wed May 28 11:40:45 +0000 2025,51339,739,4359,3285192,False,False,True
1927690195882611058,FabrizioRomano,"🚨 Marcus Rashford will be available for all clubs for £40m.

He remains on Barça shortlist since January, when deal didn’t happen as no sale took place.

His camp met with Barcelona again today, as @tjuanmarti reports as Rashford is one of 4 options on Barça list. https://t.co/VUan0WRtFX",Wed May 28 11:35:32 +0000 2025,48978,853,2846,3411498,False,False,True
1927689448940060950,FabrizioRomano,"🔴🔵🇮🇹 Vincenzo Italiano, on the verge of signing new deal at Bologna until June 2028 despite links with several clubs. https://t.co/OF4885lhMJ",Wed May 28 11:32:34 +0000 2025,15493,168,648,1652523,False,False,True
1927683702290579698,FabrizioRomano,❤️🤍✅🏁 #AFC,Wed May 28 11:09:43 +0000 2025,57480,870,4280,5710642,False,False,False
1927682084195254498,FabrizioRomano,"RT @FabrizioRomano: 🚨⚫️🔵 EXCL: Luis Henrique to Inter, here we go! Verbal agreement in place for Brazilian winger to join from OM.

Preside…",Wed May 28 11:03:18 +0000 2025,0,0,4241,475,False,False,False
1927681737238212992,FabrizioRomano,"🔴⚪️🐝 Michael Kayode becomes Brentford player on permanent move for €17.5m from Fiorentina, confirmed. https://t.co/ohuHvURSUK",Wed May 28 11:01:55 +0000 2025,22007,247,903,1785145,False,False,True
1927674642187084282,FabrizioRomano,"🚨⚫️🔵 EXCL: Luis Henrique to Inter, here we go! Verbal agreement in place for Brazilian winger to join from OM.

Presidents Marotta and Longoria got deal done today for €25m package, waiting to get sorted payment terms.

Luis will sign 5 year deal, ready for Club World Cup. https://t.co/1ihHPT9Ntm",Wed May 28 10:33:43 +0000 2025,58661,800,4241,6140584,False,False,True
1927664877650252192,FabrizioRomano,"RT @FabrizioRomano: 🚨🔵⚪️ Deal done for Como to sign Alex Valle from Barça on permanent move, as revealed in April.

Details of the deal: €6…",Wed May 28 09:54:55 +0000 2025,0,0,932,883,False,False,False
1927605757316395123,FabrizioRomano,"🚨⚪️ EXCL: Real Madrid have now made official club to club contact with Benfica for Álvaro Carreras, deal could be done soon!

Talks are now underway. Agreement already done with the player on personal terms.

Excellent relationship between Benfica and Real. 🔜🏁 https://t.co/lH3mtdUPhy",Wed May 28 06:00:00 +0000 2025,67420,1011,4268,7941213,False,False,True
1927560962455851277,FabrizioRomano,"🚨🇸🇪 Understand Hellas Verona have activated €3.5m buy option clause for Amin Sarr from Olympique Lyon.

Contract until June 2029 for Sarr. https://t.co/xOM8snrEeM",Wed May 28 03:02:00 +0000 2025,17017,183,653,2648101,False,False,True
1927523885890560412,FabrizioRomano,🤍⏳⌛️🔜 Álvaro Carreras and Real Madrid… the NEXT ONE.,Wed May 28 00:34:40 +0000 2025,39191,434,2057,4770875,False,False,False
1927520124694601884,FabrizioRomano,RT @FabrizioRomano: 🚨🔴⚪️ EXCL: Liverpool gives permission to John Heitinga for talks with Ajax as negotiations to become the new head coach…,Wed May 28 00:19:43 +0000 2025,0,0,1788,400,False,False,False
1927501428962005372,FabrizioRomano,"🚨 Liverpool remain in active, positive talks to get Florian Wirtz deal done.

◉ Man Utd fix Rashford price at £40m.
◉ Cherki’s future with Man City included.
◉ Sancho, Szczesny, Cunha total relax.

🎥 More: https://t.co/FRwGtKBw0u https://t.co/U79TD9jKjf",Tue May 27 23:05:26 +0000 2025,42749,384,2115,3637422,False,False,True
1927500373998145721,FabrizioRomano,"🚨 Barcelona will soon extend Marc Bernal’s contract as part of Deco’s plan for new deals.

The contract will be valid until 2029. 💙❤️ https://t.co/eDd3HetjvB",Tue May 27 23:01:15 +0000 2025,37634,202,1580,2025591,False,False,True
1927484222526177758,FabrizioRomano,"⤵️🏴󠁧󠁢󠁥󠁮󠁧󠁿 Marcus Rashford, available for £40m… and Barcelona remain among clubs informed on the situation.",Tue May 27 21:57:04 +0000 2025,34503,679,1987,5400109,False,False,False
1927481349608194511,FabrizioRomano,"🚨🔴⚪️ EXCL: Liverpool gives permission to John Heitinga for talks with Ajax as negotiations to become the new head coach are advanced.

Liverpool have begun the process of looking at replacements if the Heitinga deal goes through, as looks likely. https://t.co/erFHPx1vcj",Tue May 27 21:45:39 +0000 2025,31715,655,1788,9273099,False,False,True
1927466393777098988,FabrizioRomano,"🚨⚫️🔵 Gian Piero Gasperini has informed Atalanta about his current plan to leave the club.

Gasperini, set to part ways with the club after 9 years if all goes to plan with next steps this week. @MatteMoretto 🤝 https://t.co/mI6RTCKJ4m",Tue May 27 20:46:13 +0000 2025,35682,449,1911,3394512,False,False,True
1927458995104616450,FabrizioRomano,"RT @FabrizioRomano: 🚨🟣🔵 EXCLUSIVE: Aston Villa agree deal to sign Zepiqueno Redmond on a free transfer from Feyenoord, here we go!

Agreeme…",Tue May 27 20:16:49 +0000 2025,0,0,1752,196,False,False,False
1927458006490394976,FabrizioRomano,"🚨👋🏻 Jorginho has confirmed his departure from Arsenal as free agent, as expected.

He’s signed in as new Flamengo player on three year deal, available for FIFA Club World Cup. All done. 🔴⚫️🇧🇷 https://t.co/5fDY0VZJIK",Tue May 27 20:12:53 +0000 2025,83497,729,5247,3801348,False,False,True
1927457721160266010,FabrizioRomano,"RT @FabrizioRomano: 🚨🇧🇷 Jorginho will play the FIFA Club World Cup as Flamengo player after receiving the green light from Arsenal.

Deal s…",Tue May 27 20:11:45 +0000 2025,0,0,6284,552,False,False,False
1927457280628322731,FabrizioRomano,🚨🇺🇾 Ronald Araujo: “I’m Barça captain and I’m gonna stay at the club. I’m under contract until June 2031”. https://t.co/yah7Pajcbu,Tue May 27 20:10:00 +0000 2025,52760,1042,1987,3216391,False,False,True
1927456693304053982,FabrizioRomano,"🚨 Joan García on his future: “It would be nice to play against Espanyol. These things can happen”.

“I try to look for the positive side of things, and if it happens, I will accept it with enthusiasm”, told @esport3. https://t.co/W63rz61kUa",Tue May 27 20:07:40 +0000 2025,39137,460,1658,3170350,False,False,True
1927445910302146985,FabrizioRomano,"🚨 No doubt since Sunday night: Matheus Cunha will be Manchester United player from Wolves for £62.5m release clause paid in installments.

Verbal agreement done on Sunday and to be formally signed next week, as always planned.

Here we go, confirmed. ✅🇧🇷 https://t.co/JsgmLPaMxd",Tue May 27 19:24:49 +0000 2025,62071,896,4780,3087149,False,False,True
1927439305611325852,FabrizioRomano,"🚨🟣🔵 EXCLUSIVE: Aston Villa agree deal to sign Zepiqueno Redmond on a free transfer from Feyenoord, here we go!

Agreement sealed on deal valid until June 2029 for 18 year old talent at #AVFC. https://t.co/G4qfK38yUK",Tue May 27 18:58:35 +0000 2025,35123,423,1752,5301723,False,False,True
1927439167237087395,FabrizioRomano,💜💙🔐✅ #AVFC,Tue May 27 18:58:02 +0000 2025,10897,123,385,2983259,False,False,False
1927429988212506888,FabrizioRomano,"🚨💙❤️ Official, confirmed. Lamine Yamal signs new contract at Barcelona until June 2031. https://t.co/5v70xPr2Mp",Tue May 27 18:21:33 +0000 2025,102255,1265,5906,4667011,False,False,True
1927424412418003415,FabrizioRomano,🚨⚠️ Enzo Maresca on Jadon Sancho back to Man United or staying: “In the next 24 or 48 hours we will talk about the future but no decision has been made on Jadon or any other player”. https://t.co/LvMq1IrrAB,Tue May 27 17:59:24 +0000 2025,44032,630,2388,3573245,False,False,True
1927419448702423329,FabrizioRomano,"RT @FabrizioRomano: 🚨🇧🇷 Matheus Cunha to Manchester United, here we go! Verbal agreement  in place between all parties involved.

Cunha wil…",Tue May 27 17:39:40 +0000 2025,0,0,29664,239,False,False,False
1927412006312649157,FabrizioRomano,"🚨🏴󠁧󠁢󠁥󠁮󠁧󠁿 Jordan Henderson will decide his future this month; English midfielder has the option to trigger additional year at Ajax but has interest from Premier League and Serie A.

Henderson had a top season captaining Ajax back to UCL and back in the England squad with Tuchel. https://t.co/SUNQsgvWdy",Tue May 27 17:10:06 +0000 2025,27324,621,1295,2684272,False,False,True
1927409473015914618,FabrizioRomano,🔵🔴✍🏻 Lamine Yamal has just signed his new deal at Barcelona.,Tue May 27 17:00:02 +0000 2025,71151,886,3945,4132422,False,False,False
1927402111341330576,FabrizioRomano,"🚨 Matheus Cunha asked about Ruben Amorim: “He’s a great coach and I wish him nothing but the best”.

“I hope he conquers the world as he did Portugal”, reports @NathSalt1.

The deal is 100% verbally done. 🏁🇧🇷 https://t.co/XATyR71jUF",Tue May 27 16:30:47 +0000 2025,53523,403,2864,2580581,False,False,True
1927392288524603490,FabrizioRomano,"🔵🔴✍🏻 Lamine Yamal has arrived to sign new deal at Barça as revealed yesterday.

The contract will be valid until June 2031. https://t.co/TXUNWhAWsk",Tue May 27 15:51:45 +0000 2025,38374,304,1946,1862157,False,False,True
1927391331619373128,FabrizioRomano,"🚨🔵🔴 Wojciech Szczesny, on the verge of signing new deal at Barcelona as part of club’s plan since March.

Formal steps needed but Barça remain convinced of Szczesny as part of GKs squad next season.

The player’s expected to sign soon, as @UEFAComPiotrK reports. https://t.co/yCXa7y7nl8",Tue May 27 15:47:57 +0000 2025,26999,299,1259,2243887,False,False,True
1927390384985944333,FabrizioRomano,"RT @FabrizioRomano: 🚨🔵🔴 The verbal agreement between Wojciech Szczesny and Barça over new contract is almost done.

Small details to be sor…",Tue May 27 15:44:11 +0000 2025,0,0,2241,328,False,False,False
1927382174208073912,FabrizioRomano,"🚨🇧🇷 Betis manager Pellegrini: “Antony wanted revenge… we’d like to keep him here but it’s not easy when you pay 100m for a player”.

“Antony is a great player and it was a good time in Betis improving in his career”. https://t.co/dFjTKaJPQr",Tue May 27 15:11:34 +0000 2025,114707,710,4814,4136400,False,False,True
1927354019497828735,FabrizioRomano,"🚨⚫️🔵 Gian Piero Gasperini’s future at Atalanta is open after meeting with the club today.

His exit is a concrete possibility being considered despite new deal remains on the table since last week. https://t.co/Ndk8r575Gy",Tue May 27 13:19:41 +0000 2025,20570,293,922,2457198,False,False,True
1927353731475001604,FabrizioRomano,🤍 Dean Huijsen shows his Real Madrid love since he was a kid… as he’s set to be presented soon as new signing. https://t.co/g8ny3M0lUl,Tue May 27 13:18:32 +0000 2025,71703,579,3259,3386772,False,False,True
1927344556875407869,FabrizioRomano,"🚨⚪️⚫️ Paul Mitchell leaves Newcastle from end of June.

“I'd like to thank everyone at Newcastle United for their support over the last year, including Eddie Howe, Becky Langley, the players, staff, owners and fans”. https://t.co/bvp3YO6iQz",Tue May 27 12:42:05 +0000 2025,19643,334,856,2727141,False,False,True
1927327397759648037,FabrizioRomano,🚨🔵 Meeting ongoing between Antonio Conte and Napoli president De Laurentiis to discuss his future at the club. https://t.co/Oc4sWUlROH,Tue May 27 11:33:54 +0000 2025,50436,399,2153,3776938,False,False,True
1927319650989162597,FabrizioRomano,"🚨 More on Manchester City. Rayan Cherki and Morgan Gibbs-White are in the list as #10 position targets…

…not affecting their interest in Tijjani Reijnders, top target at #8 position with contacts ongoing with AC Milan. 🔵👀 https://t.co/ut3lNlqUMJ",Tue May 27 11:03:07 +0000 2025,44657,629,2475,3573098,False,False,True
1927317842791199141,FabrizioRomano,"🚨🔵 Manchester City are interested in Rayan Cherki and informed on exit costs details.

He’s on the shortlist with Morgan Gibbs-White also still there, two names highly rated at Man City.

Cherki, one more idea as @TeleFootball reports. https://t.co/UMfAufUKs6",Tue May 27 10:55:56 +0000 2025,40182,1237,2648,11498883,False,False,True
1927307571787874722,FabrizioRomano,🚨⚪️ Raúl leaves Real Madrid Castilla with immediate effect. https://t.co/vxXURjQHfn,Tue May 27 10:15:07 +0000 2025,46698,439,1578,4235576,False,False,True
1927303051922010252,FabrizioRomano,"🚨 Real Madrid and Benfica, in contact this week as planned for Álvaro Carreras deal.

Agreement done with the player on long term deal, club to club now due to talk about transfer fee. https://t.co/2KoXRaL5NU",Tue May 27 09:57:09 +0000 2025,45013,552,2396,3430029,False,False,True
1927296091692699916,FabrizioRomano,"RT @FabrizioRomano: 🚨🔵 EXCL: Chelsea are planning potential pre-agreement for Emanuel Emegha to join in summer 2026.

NO chances for 22 yea…",Tue May 27 09:29:30 +0000 2025,0,0,1925,562,False,False,False
1927287884354060752,FabrizioRomano,"🚨 Rúben Amorim confirms his intention to keep Bruno: “For sure Bruno takes responsibility. He's really important for us”.

“He’s really important also for what we want to build with this team”. https://t.co/roCCZT5oUe",Tue May 27 08:56:53 +0000 2025,39669,455,2032,2264889,False,False,True
1927287436767379792,FabrizioRomano,"🚨🇧🇪 Kevin De Bruyne’s lawyers are set to arrive in Napoli in the next hours to finalize details of the three-year deal.

Napoli are hopeful to get the agreement done in the next 48h. @MatteMoretto https://t.co/zRHMAtafPw",Tue May 27 08:55:06 +0000 2025,94511,758,5431,9697685,False,False,True
1927251925575295047,FabrizioRomano,"🚨 Lamine Yamal, his agent Jorge Mendes and Barcelona board will meet today to formally sign all the documents for new deal.

Agreement until 2031, done and set to be sealed as revealed yesterday. https://t.co/1EPZMwEYWh",Tue May 27 06:34:00 +0000 2025,37134,559,1889,2224854,False,False,True
1927138187706503519,FabrizioRomano,"🚨⚪️ Real Madrid will inform Como and Nico Páz on final decision about buy back clause this week.

The clause available for Real Madrid is €8m this summer, €9m in 2025 and €10m in 2026.

Real also mantain 50% sell-on clause.

Xabi Alonso, involved in the decision. 👀 https://t.co/RqKzi5tbMl",Mon May 26 23:02:03 +0000 2025,43192,428,2115,3559364,False,False,True
1927130714719301972,FabrizioRomano,"🚨🔵 EXCL: Chelsea are planning potential pre-agreement for Emanuel Emegha to join in summer 2026.

NO chances for 22 year old striker to leave Strasbourg this summer; he’ll lead the line in Europe as key part of the project 🇫🇷

Chelsea like him as possible option for the future. https://t.co/1Ie8VHmVAS",Mon May 26 22:32:21 +0000 2025,33453,976,1925,5088394,False,False,True
1927127677514715343,FabrizioRomano,"🚨🇺🇦 Understand Arda Turan has just signed his contract as new Shakhtar Donetsk head coach.

Agreement sealed until June 2027 with director Srna and CEO Palkin, story confirmed.

Deal set to become official in 24h. 🇹🇷 https://t.co/zkpB6RS4Ry",Mon May 26 22:20:17 +0000 2025,25770,288,986,2954449,False,False,True
1927115789561180183,FabrizioRomano,"🚨🇲🇨 More on Ansu Fati and AS Monaco story from Saturday.

Agreement done with Ansu as he’s said yes to Monaco project after rejecting all approaches from +5 clubs in January.

Barça and Monaco are closing in on loan plus buy option; last detail, sell-on clause… then here we go. https://t.co/9Azw0IiQvl",Mon May 26 21:33:02 +0000 2025,28557,305,1600,2407117,False,False,True
1927111486016475370,FabrizioRomano,"Ansu Fati and AS Monaco, moving to the final stages. ⏳🇲🇨

◎ Bryan Mbeumo on United list but depends on sales, not easy.
◎ Lamine Yamal new deal details.
◎ Real Madrid to decide soon on Nico Páz.

🎥 More: https://t.co/yciBcb0X6F",Mon May 26 21:15:56 +0000 2025,11318,234,619,4303920,False,False,False
1927104603977396390,FabrizioRomano,"RT @FabrizioRomano: 🚨🔵🔴 EXCLUSIVE: Lamine Yamal will SIGN new deal at Barcelona tomorrow, all done!

Agreement until June 2031 sealed today…",Mon May 26 20:48:36 +0000 2025,0,0,8309,191,False,False,False
1927102975563948124,FabrizioRomano,🚨 Cristiano Ronaldo on Instagram: “This chapter is over. The story? Still being written. Grateful to all”. https://t.co/CMH4XXTS6K,Mon May 26 20:42:07 +0000 2025,135680,1744,5822,9383285,False,False,True
1927100962520408509,FabrizioRomano,"🤖🇵🇹 Cristiano Ronaldo has reached 800 club career goals, 936 career goals in total…

…and his second Saudi Pro League Golden Boot in two years. https://t.co/YNwAckrLG6",Mon May 26 20:34:07 +0000 2025,108688,1125,7731,4077315,False,False,True
1927091551450092021,FabrizioRomano,"Lamine Yamal signs his new Barça deal in the next 24h, all set 🔐✍🏻 https://t.co/fdDexu3eBP",Mon May 26 19:56:44 +0000 2025,50149,537,2385,2941305,False,False,True
1927084785500934570,FabrizioRomano,"🚨🔵🔴 EXCLUSIVE: Lamine Yamal will SIGN new deal at Barcelona tomorrow, all done!

Agreement until June 2031 sealed today with agent Jorge Mendes key to get it done with Barça.

SIX year contract, one more crucial move for Barça director Deco and president Laporta. ✍🏻🏁 https://t.co/nM7AdjcQ6O",Mon May 26 19:29:51 +0000 2025,112144,1826,8309,17315577,False,False,True
1927079287607136511,FabrizioRomano,👀💙🤍🐉 #FCPorto,Mon May 26 19:08:00 +0000 2025,17863,781,1140,5029362,False,False,False
1927076733364093065,FabrizioRomano,"RT @FabrizioRomano: 🚨💣 BREAKING: AS Monaco are close to getting deal done to sign Ansu Fati from Barça! 🇲🇨

Understand negotiations are und…",Mon May 26 18:57:51 +0000 2025,0,0,5940,208,False,False,False
1927075669810241741,FabrizioRomano,"🚨⚠️ Ancelotti: “Neymar’s out of the list as he’s just returned from injury. I spoke to Ney and we’ve agreed on this”.

“I trust Neymar, I count on him, we want him to arrive in best conditions to the World Cup”.

“Joelinton, Rodrygo, Éderson, Militão are also out due to injury”. https://t.co/Uxp0I5ODwY",Mon May 26 18:53:37 +0000 2025,48769,293,2486,2571780,False,False,True
1927070112030343429,FabrizioRomano,"🚨🇧🇷 Carlo Ancelotti’s first Brazil squad includes Antony, Casemiro, Andrey Santos, Carlos Augusto, Willian Estévão.

🧤 Alisson, Bento, Hugo Sosa.

🛡️ A. Sandro, Ribeiro, Beraldo, Carlos Augusto, Danilo, Ortiz, Marquinhos, Vanderson, Wesley.

🧠 Andreas Pereira, Andrey Santos,… https://t.co/j9wTM1lj1k",Mon May 26 18:31:32 +0000 2025,96457,1582,4938,6796871,False,False,True
1927064950221967647,FabrizioRomano,"🚨 All documents have been approved by FC Bayern for Jonathan Tah to sign his four year contract. It’s all completed.

Medical also taking place this week and then move sealed until June 2029.

Exclusive story, confirmed. 🔐 https://t.co/9w4SYzFh85",Mon May 26 18:11:01 +0000 2025,37908,406,1732,4054576,False,False,True
1927044454176768128,FabrizioRomano,"🔴⚫️ Official, confirmed. Igli Tare has signed in at AC Milan as new director. https://t.co/1Z0Cqj8WYi",Mon May 26 16:49:35 +0000 2025,19931,208,780,2301218,False,False,True
1927043019598975436,FabrizioRomano,"RT @FabrizioRomano: 🚨🔵 Manchester City have started club to club talks with AC Milan for Tijjani Reijnders as top target.

Negotiations to…",Mon May 26 16:43:53 +0000 2025,0,0,2894,200,False,False,False
1927035648826921437,FabrizioRomano,"🚨🇲🇨 EXCL: AS Monaco have David De Gea on their shortlist as new goalkeeper, one of their desired targets.

Fiorentina are in talks to keep De Gea and extend his contract until June 2028 as a priority.

🎥🇮🇹 @MatteMoretto https://t.co/HvOdRWdoKu https://t.co/g76K1eXso3",Mon May 26 16:14:35 +0000 2025,25683,314,1450,2509686,False,False,True
1927030477178749040,FabrizioRomano,"🚨 Marcus Rashford will return to Man United after loan to Aston Villa… and will be available for £40m this summer.

Same price as buy option clause into his Villa loan contract available also to other clubs.

Rashford will assess all options ahead of the summer transfer window. https://t.co/vBcvv6Cc1K",Mon May 26 15:54:02 +0000 2025,59268,1196,3617,10714981,False,False,True
1927027965356830929,FabrizioRomano,"🚨🇧🇷 Man United will pay £62.5m full package for Matheus Cunha by the end of 2027, as planned.

Cunha said yes to Man United even before the UEL final, his contract is being checked by lawyers and it will be valid until June 2030 plus option.

Story confirmed. ✅✍🏻 https://t.co/dtZS9DC9Vs",Mon May 26 15:44:04 +0000 2025,62492,765,4393,3248047,False,False,True
1927018764425392148,FabrizioRomano,"🚨👋🏻 Everton confirm Jack Harrison, Jesper Lindstrøm, Orel Mangala and Armando Broja will return to their clubs after loan spell at the club. https://t.co/owM7JGUDKi",Mon May 26 15:07:30 +0000 2025,31700,276,1287,2903602,False,False,True
1927016691768152477,FabrizioRomano,🚨🔴⚪️ Brentford have activated €17.5m buy clause for Michael Kayode to join the club on permanent deal from Fiorentina. https://t.co/mx8fhZkTxA,Mon May 26 14:59:16 +0000 2025,34425,242,1586,2797762,False,False,True
1927013328099979763,FabrizioRomano,RT @FabrizioRomano: 🚨💣 Liverpool first official bid for Florian Wirtz in excess of €100m package with add-ons has been received by Bayer Le…,Mon May 26 14:45:54 +0000 2025,0,0,10818,122,False,False,False
1927004824530268402,FabrizioRomano,"🚨 Xabi Alonso on signing new midfielder: “We always have to improve the team. I want to talk with the club about this”.

“In my view, our football must be proactive. We have to control the game”. https://t.co/1DpPiTTcXL",Mon May 26 14:12:06 +0000 2025,51779,370,2257,2817351,False,False,True
1927004481683656930,FabrizioRomano,"🚨⚪️ Xabi Alonso: “I see Jude Bellingham as a midfielder”.

“He’s an incredible player. It's a good moment to work with him and make him great”. https://t.co/U94oauEx5h",Mon May 26 14:10:45 +0000 2025,61271,338,2424,2961739,False,False,True
1927003095277416649,FabrizioRomano,🚨🔵 Napoli director Manna: “We’ve been working on Kevin De Bruyne deal for months… and we’re now about to see the finish line”. 👀🏁 https://t.co/VWPVap1K9n,Mon May 26 14:05:14 +0000 2025,51302,324,2228,2959161,False,False,True
1927000264772407631,FabrizioRomano,"🤍✨ Xabi Alonso on Modrić: “Luka and I had such a chemistry when we played together. When I left him he became the conductor of the team, for years. He's been a great legend”.

”I'm going to be lucky enough to coach him in the Club World Cup and I'm going to try to enjoy him”. https://t.co/mBPI3SHJaU",Mon May 26 13:53:59 +0000 2025,38911,228,1903,1693497,False,False,True
1926998399137595819,FabrizioRomano,"🚨💣 Napoli president De Laurentiis: “I really think Kevin De Bruyne will now JOIN us”.

“I’m told he’s already bought a beautiful house… I spoke to KDB, his wife, his kid this morning, it’s been beautiful”, told Rai.

“Done deal? Until contracts are signed, we must be careful”. https://t.co/inGdeUFwwW",Mon May 26 13:46:34 +0000 2025,61064,452,3195,3406669,False,False,True
1926982504822477057,FabrizioRomano,"RT @FabrizioRomano: 🚨🔴⚪️ More on exclusive story on Jonathan Tah to FC Bayern.

The agreement will be sealed in the next days after green l…",Mon May 26 12:43:25 +0000 2025,0,0,1523,108,False,False,False
1926981753777889470,FabrizioRomano,🚨❕ Xabi Alonso: “Rodrygo is a Real Madrid player. He is a spectacular player and we will need him”. https://t.co/vdEPslHqeK,Mon May 26 12:40:26 +0000 2025,116088,690,4934,5025188,False,False,True
1926980457939214366,FabrizioRomano,"🚨 Simone Inzaghi on Al Hilal interest: “There are requests from Italy, from Saudi as well. But it’d be crazy to think about it with a final to play on Saturday”.

“I’ll meet Inter management after the final and if there are the right conditions, we will continue together”. https://t.co/46HywnuUqw",Mon May 26 12:35:17 +0000 2025,35090,281,1556,2598847,False,False,True
1926955975115686158,FabrizioRomano,"🚨🤍 Xabi Alonso: “I want to build a great team, we’ve top players. We can achieve great things”.

“I want people to say: this is my Real Madrid, when they watch us”. https://t.co/YDVNc7gFxX",Mon May 26 10:58:00 +0000 2025,64288,572,3764,2728683,False,False,True
1926954684712902802,FabrizioRomano,🤍👀 Florentino Pérez: “From the first day you sat on the bench of Real Madrid's U14 in 2018… we knew where you would end up. Right here”. https://t.co/syfigipDhT,Mon May 26 10:52:52 +0000 2025,48762,351,2241,2076207,False,False,True
1926953112926904594,FabrizioRomano,"Xabi Alonso: “Madridistas, I’m here! I’m very happy to start this new chapter with excitement and energy. 𝐇𝐚𝐥𝐚 𝐌𝐚𝐝𝐫𝐢𝐝!” ✨ https://t.co/2OnkJBk0ia",Mon May 26 10:46:37 +0000 2025,30754,324,1818,1793623,False,False,True
1926950528514162691,FabrizioRomano,Xabi Alonso era has started. 🤍🔛 https://t.co/lInyd3HdCs,Mon May 26 10:36:21 +0000 2025,54911,417,2759,16252934,False,False,True
1926932545477689785,FabrizioRomano,"🚨 Erik ten Hag: “Bayer Leverkusen is one of the best clubs in Germany and also belongs to the expanded European elite”.

“The club offers excellent conditions, the talks with those responsible have impressed me very much”. https://t.co/9dGW8scHyh",Mon May 26 09:24:54 +0000 2025,28702,524,1476,2083335,False,False,True
1926930422069338313,FabrizioRomano,"🚨✍🏻 Official, confirmed. Erik ten Hag signs in as new Bayer Leverkusen head coach replacing Xabi Alonso.

Two year deal until June 2027 as ten Hag was always the main candidate. https://t.co/eXORQfRtuy",Mon May 26 09:16:27 +0000 2025,52591,900,3199,2884164,False,False,True
1926924058395836828,FabrizioRomano,"🚨🔵 Understand Manchester City have asked for deal conditions for Rayan Aït-Nouri at Wolves.

He’s high on the list for left back position with contacts expected to continue. https://t.co/W0eo0HrYSn",Mon May 26 08:51:10 +0000 2025,51015,938,2714,4887368,False,False,True
1926906399033880910,FabrizioRomano,"🚨💣 Liverpool first official bid for Florian Wirtz in excess of €100m package with add-ons has been received by Bayer Leverkusen.

Club to club negotiations underway, restarting today to get the deal done very soon.

Wirtz already told Bayer that he only wants Liverpool. https://t.co/rhVakmBulA",Mon May 26 07:41:00 +0000 2025,155908,2026,10818,10377457,False,False,True
1926896085097910426,FabrizioRomano,"🚨 Barcelona initial plan for Joan García would be to sign the GK from Espanyol for €25m clause and loan him out to another club.

There are more clubs in the race and no decision has been made at this stage, all open.

Player’s decision will also be key. https://t.co/yz6ksBQ5LK",Mon May 26 07:00:01 +0000 2025,47024,854,2212,10854253,False,False,True
1926889789845807170,FabrizioRomano,"🚨 All formal steps for Matheus Cunha deal will start this week.

Contracts will be checked on player side for five year deal +1 year option, while Man United and Wolves will complete all details of installments for £62.5m release clause. https://t.co/LI8IOM0Wm9",Mon May 26 06:35:00 +0000 2025,36076,489,2490,2362155,False,False,True
1926880983980339264,FabrizioRomano,"🚨 Viktor Gyökeres on his future: “It’s impossible to say, we never know what happens in football”.

“Arsenal links? I don’t know anything. My focus was on the games. If the links were true then… we will see this summer”. https://t.co/xyl2RhWF0U",Mon May 26 06:00:00 +0000 2025,62501,736,3141,3315357,False,False,True
1926836085222498619,FabrizioRomano,"🚨🔵 Chelsea will advance in talks to extend Moises Caicedo’s contract in the next months.

Plan since March is to open negotiations over new deal for the midfielder and it will happen in the upcoming months, as Chelsea see Caicedo as world class midfielder. https://t.co/mtCWvcfjuN",Mon May 26 03:01:36 +0000 2025,49044,502,2793,2752673,False,False,True
1926835737246257458,FabrizioRomano,"🚨🇨🇷 Manfred Ugalde, expected to leave Spartak Moscow with many clubs keen after he became best scorer of the league this season.

After Monaco and PSG interest in December, there are more clubs in the race now. https://t.co/srEASVz92v",Mon May 26 03:00:13 +0000 2025,17671,216,837,2140708,False,False,True
1926807560746684554,FabrizioRomano,"🚨🇧🇷 Carlo Ancelotti arrives in Brazil as new head coach of the Seleçao…

…in style. 🧢 https://t.co/j0ytPC0faA",Mon May 26 01:08:15 +0000 2025,55381,279,2396,2184342,False,False,True
1926759326246437096,FabrizioRomano,"🚨🇧🇷 Matheus Cunha to Manchester United, here we go! Verbal agreement  in place between all parties involved.

Cunha will sign deal until June 2030 with option until 2031. Wolves to receive £62.5m clause value in installments.

Formal steps/contracts to be checked next week. https://t.co/RiP4iMoH6m",Sun May 25 21:56:35 +0000 2025,237350,5628,29664,22660040,False,False,True
1926759233044763048,FabrizioRomano,💣🇧🇷🏁 #MUFC,Sun May 25 21:56:13 +0000 2025,26206,288,1171,3360131,False,False,False
1926756441341280458,FabrizioRomano,"🚨 Pep Guardiola: “We are miles away from Liverpool! How many points are they in front of us?! That is the reality”.

“But I have the feeling that next season we will be better. We might be tired after Club World Cup… but I feel we will be closer”. https://t.co/IbxFsn93id",Sun May 25 21:45:07 +0000 2025,34696,303,1519,2128480,False,False,True
1926756421867131329,FabrizioRomano,"🚨 New Here we go podcast episode.

◉ Grealish can leave City, Walker will leave for sure.
◉ Why Tah to Bayern and not to Barça?
◉ Monaco advance on Ansu Fati loan move.
◉ Napoli improve proposal to De Bruyne.

🎧 More @MenInBlazers: https://t.co/ljL7oqq0yE",Sun May 25 21:45:03 +0000 2025,7337,81,390,3071290,False,False,False
1926754138978734496,FabrizioRomano,"🚨⚪️⚫️ Juventus manager Igor Tudor: “My future won’t be decided after the Club World Cup — it will be known before”.

“You’ll know soon, for sure”, Tudor says.

His contract has been extended until June 2026 after reaching UCL but Juve have a clause to terminate it before. https://t.co/7bCLjcZhHk",Sun May 25 21:35:58 +0000 2025,16412,142,895,1609743,False,False,True
1926753758601413095,FabrizioRomano,"🚨 Arne Slot confirms Liverpool plans to bring in players as early as possible: “We just want good players. Ideally you sign them as early as you can”.

“This club doesn’t start working on transfers from today, there has already been so much hard work done on targets”. https://t.co/NH2QJkh31s",Sun May 25 21:34:28 +0000 2025,27674,219,1424,1678526,False,False,True
1926737918116184515,FabrizioRomano,Special moment at Anfield with Jurgen Klopp and Arne Slot together ❤️🫂 https://t.co/QqWAEekIea,Sun May 25 20:31:31 +0000 2025,99602,592,5015,4303269,False,False,True
1926730957115006983,FabrizioRomano,"🚨 Tom Heaton was not saying goodbye to Old Trafford today with Evans, Eriksen and Lindelöf as he’s expected to stay.

Manchester United and Heaton, in talks over new deal for +1 season. ⤵️🧤",Sun May 25 20:03:51 +0000 2025,12958,239,723,2833831,False,False,False
1926729157754396973,FabrizioRomano,"🚨🇯🇵 Understand Real Sociedad star Takefusa Kubo has decided to sign for Sport360 as new representatives.

The Japanese winger will assess his future with the new agents starting from next week. https://t.co/3TwBUFrYEK",Sun May 25 19:56:42 +0000 2025,34817,254,2133,4555069,False,False,True
1926727977166868528,FabrizioRomano,👀🇧🇷⏳ #MUFC,Sun May 25 19:52:01 +0000 2025,38406,708,2030,4845394,False,False,False
1926723319216173418,FabrizioRomano,RT @FabrizioRomano: 🚨🇧🇷 More on Matheus Cunha exclusive story. Man United are set to approach also Wolves to proceed with £62.5m release cl…,Sun May 25 19:33:30 +0000 2025,0,0,5209,263,False,False,False
1926721619952566500,FabrizioRomano,"🚨🤍 Ange Postecoglou: “It’s very important to keep Cuti Romero and for the long term”.

“Romero is absolutely important to keep at this football club. You just saw the way he's been in recent games and he hasn't been entirely fit with his toe. The lads respect him highly”. https://t.co/mfFE9f7OQe",Sun May 25 19:26:45 +0000 2025,23680,179,972,1750161,False,False,True
1926715027374911943,FabrizioRomano,"🍒✨ Dean Huijsen wins Player of the Season Award at Bournemouth…

…and he will travel to Madrid next week to be presented as new Real player 🤍 https://t.co/5Pd9coYbHL",Sun May 25 19:00:33 +0000 2025,98347,375,4736,2647815,False,False,True
1926710998397763990,FabrizioRomano,🚨👀 Virgil van Dijk again on Liverpool plans: “It’s gonna be a massive summer”. https://t.co/leaRwdb7Cr,Sun May 25 18:44:33 +0000 2025,69888,353,2613,3103648,False,False,True
1926706923069493262,FabrizioRomano,"💚🦁 Viktor Gyökeres scores also in tonight’s final for Sporting reaching 63 (!) goals for club and country this season.

76 G/A in all competitions for Sporting and Swedish national team. Machine. https://t.co/gBPjeR7gtR",Sun May 25 18:28:21 +0000 2025,85120,1270,4515,4390539,False,False,True
1926706204560023791,FabrizioRomano,"💔🥺 Trent broke down in tears at Anfield with family as he also kissed Liverpool badge 👋🏻

“From the bottom of my heart I hope that one day the fans, supporters will recognise what I did for the team”. 

“There was never a minute I didn’t think about the team, since I was six… https://t.co/gz78YjaP0B",Sun May 25 18:25:30 +0000 2025,112015,1738,5928,7285236,False,False,True
1926703606687797326,FabrizioRomano,"🚨⚠️ Pep Guardiola on Grealish out: “It was the selection. Of course, Jack has to play… that's the truth”.

“Jack is an unbelievable player that has to play football every 3 days it didn't happen this season or last season”.

“And he needs to do it, with us or another place…”. https://t.co/6NVFoBiZIH",Sun May 25 18:15:10 +0000 2025,19731,236,894,1583314,False,False,True
1926702862903452057,FabrizioRomano,"🚨 Postecoglou on his future: “I've been finding it really weird talking about my future when we've done something unprecedented!”.

“I've got no doubt though that this could be a really defining moment for this club”. https://t.co/htQaq1OhJT",Sun May 25 18:12:13 +0000 2025,18727,349,864,1583056,False,False,True
1926699741649260670,FabrizioRomano,"🚨👀 Milos Kerkez: “I don’t know what will happen next week but… cherries family, thank you”.

Liverpool are on it. ⤵️💣",Sun May 25 17:59:49 +0000 2025,33331,252,2072,3596849,False,False,False
1926699332415209775,FabrizioRomano,"🚨⚠️ Aston Villa intend to make an official complaint to the Premier League about a “more experienced referee had to be selected” to officiate a game of such magnitude.

Unai Emery: “I spoke to the referee. He knows what I think. I don’t wanna comment”. https://t.co/OfqfhOKcEm",Sun May 25 17:58:11 +0000 2025,52384,637,2202,3024456,False,False,True
1926698326201618764,FabrizioRomano,"🚨🤍🖤 Marco Silva: “I will stay at Fulham. I will be here next season”.

“The decision is made”, told @Talksport. No move to Saudi Pro League for Silva. https://t.co/0rPLgWNzY9",Sun May 25 17:54:11 +0000 2025,15837,145,787,1511961,False,False,True
1926697537181831268,FabrizioRomano,🏆✨ The big moment for Liverpool! ❤️ https://t.co/K5zj6Ccnip,Sun May 25 17:51:03 +0000 2025,53169,355,3580,1673821,False,False,True
1926697103847284743,FabrizioRomano,🚨 Bruno Fernandes: “I'm just a guy living his dream at one of the best clubs in the world”. https://t.co/St2A24byrQ,Sun May 25 17:49:20 +0000 2025,42130,952,1836,2705075,False,False,True
1926696447489020376,FabrizioRomano,"🚨❄️ Enzo Maresca on critics who doubted Chelsea squad: “Well… in English I’d say: ‘F off' to all of them!”, says via @JamesOlley. https://t.co/CRsQL0AyWi",Sun May 25 17:46:44 +0000 2025,33772,684,2366,2102979,False,False,True
1926695277106278847,FabrizioRomano,"💙👋🏻 Kevin De Bruyne has played his last game as Man City player in Premier League…

…up next week, decision on his future. https://t.co/8kWYnvPB0b",Sun May 25 17:42:04 +0000 2025,24920,243,1154,1218197,False,False,True
1926691911634407712,FabrizioRomano,"🚨 Rúben Amorim’s speech to Man United fans: “I want to apologise for this season. I am really disappointed with the team.

Secondly, I want to say thank you. We are very grateful for your support over the season. I know it was very hard in many games. 

Now we have to make a… https://t.co/IcpRSTNOX2",Sun May 25 17:28:42 +0000 2025,77042,1255,5561,5790773,False,False,True
1926691561271701728,FabrizioRomano,"🚨 Rúben Amorim: “If there’s one club who can overcome any situation, it’s Manchester United”. https://t.co/DZKeXMDfsH",Sun May 25 17:27:19 +0000 2025,44030,771,2238,2336312,False,False,True
1926691128218100184,FabrizioRomano,"🚨 Kylian Mbappé wins the 𝐄𝐮𝐫𝐨𝐩𝐞𝐚𝐧 𝐆𝐨𝐥𝐝𝐞𝐧 𝐁𝐨𝐨𝐭 as best scorer 24/25! 👟✨

👟🏆 Champions League Golden Boot
👟🌎 World Cup Golden Boot
👟🇪🇺 European Golden Boot
👟🇫🇷 6x Ligue1 Golden Boot
👟🇪🇸 La Liga Golden Boot

42 goals in all competitions. https://t.co/rVB46vJZKQ",Sun May 25 17:25:35 +0000 2025,105603,1305,10365,3848560,False,False,True
1926690962459259296,FabrizioRomano,"🤴🏼 Mo Salah wins Premier League 𝐭𝐢𝐭𝐥𝐞, Premier League 𝐆𝐨𝐥𝐝𝐞𝐧 𝐁𝐨𝐨𝐭 for the fourth time… and also Premier League 𝐏𝐥𝐚𝐲𝐞𝐫 𝐨𝐟 𝐭𝐡𝐞 𝐒𝐞𝐚𝐬𝐨𝐧! ❤️🇪🇬

Salah reached 4️⃣7️⃣ G/A, equalling the 𝐫𝐞𝐜𝐨𝐫𝐝 𝐟𝐨𝐫 𝐭𝐡𝐞 𝐦𝐨𝐬𝐭 𝐆/𝐀 in a single PL season. https://t.co/JTNKFtYGHJ",Sun May 25 17:24:56 +0000 2025,73747,616,6037,2609608,False,False,True
1926688494446899347,FabrizioRomano,"🚨👋🏻 Christian Eriksen, Victor Lindelöf and Jonny Evans say goodbye to Man United fans as they’re leaving as free agents. https://t.co/1TYqesMObm",Sun May 25 17:15:07 +0000 2025,61327,390,3591,2261567,False,False,True
1926686987987157036,FabrizioRomano,"🚨💙 Enzo Maresca brings Chelsea back to Champions League, his position was never under review this season.

Club always been very happy with his job for long term, now even more with Chelsea back in UCL + Conference final to play.

He’s fully involved also in transfer strategy. https://t.co/NFregQS1rJ",Sun May 25 17:09:08 +0000 2025,47179,668,3854,1968824,False,False,True
1926685253596291126,FabrizioRomano,"🚨 OFFICIAL: Liverpool, Arsenal, Man City, Chelsea and Newcastle are qualified to Champions League! 🏆

Tottenham will also play Champions League after winning the UEL despite finishing 17th in Premier League. https://t.co/P1029KuiSj",Sun May 25 17:02:15 +0000 2025,103841,1166,7198,4448711,False,False,True
1926681052984005000,FabrizioRomano,🚨🏆 Manchester City will play Champions League football next season.,Sun May 25 16:45:33 +0000 2025,64961,606,2840,4440402,False,False,False
1926663497317855278,FabrizioRomano,"🚨🇧🇪 Napoli president Aurelio de Laurentiis confirms: “We want Kevin De Bruyne, we want to sign him”.

“We need his approval in order to make it happen”, told Il Mattino. https://t.co/sDTKTVkStZ",Sun May 25 15:35:48 +0000 2025,54735,293,2064,3415814,False,False,True
1926661093134328032,FabrizioRomano,🚨🔙 Nordi Mukiele will not be signed by Bayer Leverkusen on permanent deal as he’s returning to PSG after loan spell. https://t.co/2ZKUbqmJSK,Sun May 25 15:26:14 +0000 2025,14922,125,572,1405491,False,False,True
1926660953866637462,FabrizioRomano,"🚨🇧🇪 Axel Witsel has confirmed that he will leave Atlético Madrid as free agent in July, same as Cesar Azpilicueta. https://t.co/Qno6l3nHn0",Sun May 25 15:25:41 +0000 2025,15633,156,672,1143378,False,False,True
1926658348104966324,FabrizioRomano,"🔴⚫️✍🏻 Igli Tare’s contract as new AC Milan director has been registered after he signed the three year agreement.

Tare will start working from next week with official statement to follow. https://t.co/ColvG5Uirs",Sun May 25 15:15:20 +0000 2025,10821,151,559,1250486,False,False,True
1926655088694546525,FabrizioRomano,"❤️🏟️ Jurgen Klopp, back at Anfield for title day! https://t.co/Vt9XHAkZG2",Sun May 25 15:02:23 +0000 2025,45281,250,1906,1635612,False,False,True
1926652919102816618,FabrizioRomano,"🚨 Rúben Amorim: “Alejandro Garnacho continues to be a Man United player, not in the squad today but still a Man United player”.

“He will fly with us for post-season tour. We need to be all there, we have to give something back to our fans”. https://t.co/Z8ajjI54ZO",Sun May 25 14:53:46 +0000 2025,18734,209,965,1366571,False,False,True
1926652043894145183,FabrizioRomano,"🚨 Rúben Amorim: “It has been really hard. The toughest time in my career but I take responsibility for some actions I will take in the summer. I want to close this chapter”.

“I know that we are going to have a great future. This club is going to return”. https://t.co/0rCVoxZKa7",Sun May 25 14:50:17 +0000 2025,31060,304,1557,1984021,False,False,True
1926651528841928705,FabrizioRomano,🚨⚠️ Pep Guardiola on why Jack Grealish is not part of the squad today: “Selection”. https://t.co/XQ7vL24wb0,Sun May 25 14:48:14 +0000 2025,32801,220,954,2194806,False,False,True
1926638273088127323,FabrizioRomano,"🚨 BREAKING: André Onana and Alejandro Garnacho have been left OUT of Manchester United squad.

Garnacho, expected to leave the club this summer with Onana’s future also open. https://t.co/FYUOT6HemQ",Sun May 25 13:55:34 +0000 2025,67737,1190,4248,4458036,False,False,True
1926638121950601504,FabrizioRomano,"🚨🚫 Jack Grealish has been left out of Man City squad for final game of the season.

Future open ahead of summer transfer window. https://t.co/twdwBcbuSv",Sun May 25 13:54:58 +0000 2025,25553,383,1127,2024756,False,False,True
1926628474115989542,FabrizioRomano,"🚨🇧🇷 EXCL: Carlo Ancelotti on his way to Brazil right now! He’s ready to start his new chapter as Seleçao head coach.

Ancelotti will start operating at Seleçao from Monday with first selected players list to follow up soon.

Carlo está chegando. ✈️👀 https://t.co/annwrGTDjs",Sun May 25 13:16:37 +0000 2025,43032,519,2851,2013668,False,False,True
1926619501900009922,FabrizioRomano,"🚨 Barcelona are among several clubs keen on signing Joan García after his excellent season at Espanyol.

There’s concrete interest as @ffpolo reports, he’s on the shortlist but more clubs are keen on the goalkeeper.

Premier League and Bundesliga clubs are also in the race. 👀 https://t.co/l8weC50Xdw",Sun May 25 12:40:58 +0000 2025,45615,729,2732,4459097,False,False,True
1926617906537746658,FabrizioRomano,"🚨 Rúben Amorim will speak to Man United fans today as there are no doubts on his future: he’s staying and continuing his project.

Full support from the club again right after the final and plans ready for summer.

First signing planned: Matheus Cunha, as revealed on Monday ⏳🇧🇷 https://t.co/C0LfsGC7RG",Sun May 25 12:34:38 +0000 2025,26339,423,1758,1723250,False,False,True
1926617332098457783,FabrizioRomano,"🚨🤍❤️ Will Still, in attendance today at Southampton after signing a three year deal as new #SaintsFC head coach.

Project due to start next week with Johannes Spors coordinating the sporting area and Still as new manager. https://t.co/tBxmSZHsYA",Sun May 25 12:32:21 +0000 2025,18578,147,799,1465919,False,False,True
1926617310028005791,FabrizioRomano,RT @bcouce26: No te retires nunca. @lukamodric10 https://t.co/qLpacTTCi5,Sun May 25 12:32:16 +0000 2025,0,0,390,1247,False,False,True
1926590348479906171,FabrizioRomano,"🚨 Real Madrid inform that Fede Valverde has been diagnosed with lumbosciatalgia following tests done today

Real staff expect Fede to be back at the start of June, then available for FIFA Club World Cup if confirmed. https://t.co/i0LLQ7SLwG",Sun May 25 10:45:08 +0000 2025,28087,447,1364,3069090,False,False,True
1926589147524829379,FabrizioRomano,"🚨 Real Madrid inform that Fede Valverde has been diagnosed with lumbosciatica following tests done today

Real staff expect Fede to be back at the start of June, then available for FIFA Club World Cup if all confirmed. https://t.co/ncSPlfL5KS",Sun May 25 10:40:21 +0000 2025,35439,368,1362,2198955,False,False,True
1926581375781519631,FabrizioRomano,"🤍🆕 Xabi Alonso will be presented as new Real Madrid head coach tomorrow.

It had to be Xabi’s week, it will be Xabi’s week at Real Madrid. https://t.co/u5GuUwUbbb",Sun May 25 10:09:28 +0000 2025,33445,381,1831,1864956,False,False,True
1926579602475938053,FabrizioRomano,🚨 OFFICIAL: Real Madrid confirm Xabi Alonso as new head coach on contract valid until June 2028. 🤍🆕 https://t.co/OGiUf24qYE,Sun May 25 10:02:26 +0000 2025,110527,702,6713,2784235,False,False,True
1926575720555336047,FabrizioRomano,"RT @FabrizioRomano: 🚨 Erik ten Hag will become new Bayer Leverkusen head coach, story confirmed.

Agreement done on two year deal until Jun…",Sun May 25 09:47:00 +0000 2025,0,0,7272,380,False,False,False
1926570146182660252,FabrizioRomano,"🚨🇺🇦 Arda Turan will sign in as new Shakhtar Donetsk manager in the next days, agreement done and here we go!

Former Barça and Atlético midfielder will start new chapter at Shakhtar replacing coach Marino Pusic.

Understand the contract will be valid until June 2027. 🇹🇷 https://t.co/M0CAizuKNs",Sun May 25 09:24:51 +0000 2025,37424,441,1673,2885947,False,False,True
1926567021191344271,FabrizioRomano,"🚨⚪️ Álvaro Carreras could also play his final game for Benfica today as Real Madrid plan to close the deal and sign him in the upcoming days.

Full focus on the final… then official bid will follow from Real Madrid to advance on Carreras deal. https://t.co/ExqSzrj5Yb",Sun May 25 09:12:26 +0000 2025,26680,331,1636,1734861,False,False,True
1926566236877422668,FabrizioRomano,"🚨👋🏻 Viktor Gyökeres will play his final game as Sporting player today…

…then set to leave the club for transfer fee around €65m package. https://t.co/iK3JrayL9N",Sun May 25 09:09:19 +0000 2025,157303,2534,6807,7999930,False,False,True
1926536461144481853,FabrizioRomano,"🚨🇭🇺 Understand negotiations between Liverpool and Bournemouth for Milos Kerkez remain underway.

Liverpool remain favorites to sign the Hungarian left back as talks continue well — could be done soon.

Kerkez remains very keen on the move, personal terms are not an issue. https://t.co/vpOUtpMx1M",Sun May 25 07:11:00 +0000 2025,66014,772,4296,7865598,False,False,True
1926518595028136272,FabrizioRomano,"🚨 Erik ten Hag will become new Bayer Leverkusen head coach, story confirmed.

Agreement done on two year deal until June 2027 to be signed on Monday.

Ten Hag gave priority to Bayer Leverkusen despite Ajax approach and will be the replacement for Xabi Alonso. https://t.co/rlh6dFaBpz",Sun May 25 06:00:00 +0000 2025,128103,1940,7272,6581329,False,False,True
1926439286234120393,FabrizioRomano,"🚨🔵 More on Kevin De Bruyne. Napoli have planned more contacts to try seal the agreement early next week, right after his final game with Man City.

Three year deal on the table, package worth €27m salary in three years including signing fee.

Decision expected by next week. https://t.co/7hcaaa9A4j",Sun May 25 00:44:52 +0000 2025,62459,429,3236,3434443,False,False,True
1926439259906379949,FabrizioRomano,"🚨 New podcast on Florian Wirtz deal.

◉ Deal advancing well between Liverpool and Bayer.
◉ Arne Slot factor, club plans and ambitious long term vision.
◉ Why no move to Bayern or City?
◉ Frimpong deal 100% happening.

🎧 More @MenInBlazers: https://t.co/YhZKTnXQq5",Sun May 25 00:44:45 +0000 2025,7388,91,421,2885706,False,False,False
1926374744447766733,FabrizioRomano,"🚨🚫 Jack Grealish, not in Man City squad for the final game of the PL season — reports @mcgrathmike.

Feeling at Manchester City is that his exit in the summer transfer window is almost guaranteed, looking for solutions. https://t.co/uwlBa5c04x",Sat May 24 20:28:24 +0000 2025,46333,1192,2421,5872073,False,False,True
1926374404188987613,FabrizioRomano,"🚨🤍 Lucas Vázquez celebrates 400 games at Real Madrid, he said goodbye to the Bernabéu.

He’s leaving after FIFA Club World Cup with several clubs keen on signing him. https://t.co/757ANUvpJu",Sat May 24 20:27:02 +0000 2025,48801,292,2225,2284119,False,False,True
1926371121688932819,FabrizioRomano,"🚨🔵 Napoli’s proposal to Kevin De Bruyne will be valid for three years.

€6m/net salary per year for first two seasons, €5m/net for third season plus signing fee.

KDB, expected to announce his decision soon as he still has Chicago Fire proposal on the table.

@MatteMoretto🤝 https://t.co/wlPsbUhcna",Sat May 24 20:14:00 +0000 2025,53456,652,3186,4287055,False,False,True
1926345641430536514,FabrizioRomano,"🚨 Rúben Amorim on Bruno and Saudi: “It’s important for Bruno to see that we’re changing a lot of things in our club”.

“The behaviour, everyday organisation, pace of training... and then he’ll want to stay at this club. He loves this club!”, told TNT Sports. https://t.co/Maclrwey38",Sat May 24 18:32:45 +0000 2025,49301,630,2216,3391942,False,False,True
1926342492917501970,FabrizioRomano,"🚨🔵 Napoli proposal for Jonathan David as free agent remains the most important one on the table among Italian clubs interested.

Terms discussed at advanced stages but details of the release clause yet to be clarified.

New round of talks next week between all parties involved. https://t.co/wNbr0cNN7Q",Sat May 24 18:20:14 +0000 2025,29055,332,1567,2314655,False,False,True
1926342297001541847,FabrizioRomano,"🚨 Former right hand of Bayer Leverkusen’s director Simon Rolfes, Devin Özek, has been approached for talks with Saudi clubs to become new Sport Director in one of the main projects.

Discussions to follow with Özek also expected to decide his future soon. https://t.co/PMPhIg8oO7",Sat May 24 18:19:27 +0000 2025,13419,136,568,1668702,False,False,True
1926326208758780188,FabrizioRomano,"🚨🔴⚫️ The agreement in principle between Erik ten Hag and Bayer Leverkusen is valid for two years, as revealed yesterday.

Contract until June 2027, total priority from ETH to Bayer04 project… now waiting to get it sealed on club side. https://t.co/OQIbkCMySp",Sat May 24 17:15:32 +0000 2025,21895,378,1121,2100860,False,False,True
1926325440915947645,FabrizioRomano,📲🔛 Jude Bellingham in videocall with his brother Jobe from the Bernabéu… as he just got promoted to Premier League with Sunderland! https://t.co/IlGzy7bSWb,Sat May 24 17:12:29 +0000 2025,124502,543,5970,3953568,False,False,True
1926322748776755691,FabrizioRomano,🚨🤍 Luka Modrić confirms he will play the FIFA Club World Cup with Real Madrid: “It will be the last dance. We will do everything to bring the trophy home”. https://t.co/cGPb3Ou4A6,Sat May 24 17:01:47 +0000 2025,77572,378,3300,2736625,False,False,True
1926317288682037560,FabrizioRomano,"🤍👋🏻 Luka Modrić: “Don’t cry because it’s over, smile because it happened”. https://t.co/Ihq52xKQKd",Sat May 24 16:40:05 +0000 2025,70376,371,4062,2238987,False,False,True
1926312618223870316,FabrizioRomano,What a moment. 🤍✨ https://t.co/w4AECK3cx5,Sat May 24 16:21:31 +0000 2025,155180,467,7591,5176954,False,False,True
1926308620116914252,FabrizioRomano,👀🔴⚫️🏁 #Bayer04,Sat May 24 16:05:38 +0000 2025,18183,248,665,3134517,False,False,False
1926308016887824778,FabrizioRomano,What a moment for Luka Modrić. One of the best standing ovations ever. 🤍🥺,Sat May 24 16:03:14 +0000 2025,42354,361,2911,3409656,False,False,False
1926307649357771119,FabrizioRomano,"🤍👽 Kylian Mbappé scores his 43rd goal of the season for Real Madrid, brace today…

…31 goals in La Liga and clear leader for Golden Boot race. https://t.co/HYEMEesrNc",Sat May 24 16:01:47 +0000 2025,78189,631,4840,3338684,False,False,True
1926305820221878580,FabrizioRomano,"🤍👋🏻 Lucas Vázquez says goodbye to Real Madrid fans with special standing ovation from the Bernabéu.

He’s leaving as free agent. https://t.co/aIdUvYWJQ3",Sat May 24 15:54:31 +0000 2025,58356,432,2875,2688966,False,False,True
1926303521571258798,FabrizioRomano,"RT @FabrizioRomano: 🚨 Understand Erik ten Hag said yes to Bayer Leverkusen project on a two year contract.

He’s now waiting for club decis…",Sat May 24 15:45:23 +0000 2025,0,0,2828,226,False,False,False
1926291840505921922,FabrizioRomano,"🤍🇫🇷 Kylian Mbappé scores his 42nd goal on his first season at Real Madrid…

…30 goals in La Liga. 🛸 https://t.co/DE64Zdft3N",Sat May 24 14:58:58 +0000 2025,73953,812,4004,3346198,False,False,True
1926283240114888904,FabrizioRomano,"🚨 Alejandro Garnacho, expected to leave Man United in case of good proposal for both parties as reported on Thursday.

United are open to selling certain players also to finance new signings; Garnacho is one of them.

The winger attracted interest in January, race open again. https://t.co/FXJnWcEOzm",Sat May 24 14:24:47 +0000 2025,76934,1325,4644,4711475,False,False,True
1926278045146447939,FabrizioRomano,"🚨 EXCL: Victor Lindelöf and Man United have decided to part ways at the end of the season.

Decision made following meeting this week as Lindelöf has proposals from Italy and Spain, ready for new chapter.

The Swedish defender will leave as free agent. https://t.co/6I57XlM2IJ",Sat May 24 14:04:09 +0000 2025,56883,1038,3525,4298454,False,False,True
1926260728257806530,FabrizioRomano,"🚨 Rúben Amorim: “Things can change fast. We can improve”.

“When you start thinking about the future and the squad, a new season is going to start and we will start with new ambitions and try to do better”. https://t.co/2vz4YwPkUk",Sat May 24 12:55:20 +0000 2025,27507,433,1417,1979507,False,False,True
1926251574478676320,FabrizioRomano,"🚨🇲🇨 Ansu Fati has already accepted in principle to join AS Monaco, as revealed this morning. He’s keen on the move.

❗️ Understand Monaco and Barça are negotiating on fee lower than reported €20m but with an important sell-on clause.

Talks underway, as @ffpolo advanced on MD. https://t.co/RjcUjUgL0P",Sat May 24 12:18:58 +0000 2025,37174,459,2029,3600396,False,False,True
1926238945022492803,FabrizioRomano,"🚨 FC Bayern president Hainer confirms Florian Wirtz’s decision to join Liverpool as next club.

“O ur director  Max Eberl informed me that Florian Wirtz is probably leaning towards Liverpool”, says Hainer.

⏳🏁 https://t.co/zmkfPzZHxx",Sat May 24 11:28:46 +0000 2025,47462,668,3346,3053535,False,False,True
1926238355974422862,FabrizioRomano,"🚨🔴⚪️ Will Still has signed his contract as new Southampton manager, agreement sealed.

Official announcement this weekend for Still to be unveiled as new Saints FC head coach on three year deal.

Contract until June 2028, as @mcgrathmike reports. Done. 🏁 https://t.co/OprNtn0JR0",Sat May 24 11:26:26 +0000 2025,23314,284,1343,2389461,False,False,True
1926237711066607781,FabrizioRomano,"🚨 Hansi Flick: “It’s not me deciding on Ansu Fati’s future… it’s him, it’s up to Ansu”.

As revealed today, Ansu has already said YES to AS Monaco proposal and Barça/Monaco are in advanced talks. 👀🇲🇨 https://t.co/SczKd6QLoC",Sat May 24 11:23:52 +0000 2025,24026,172,1081,1806732,False,False,True
1926237692980822018,FabrizioRomano,"🚨👀 Hansi Flick: “Luis Díaz and Marcus Rashford are both fantastic players, I like them and we'll see what happens”.

“I won’t speak about players who are at other clubs”. https://t.co/05NfhXyjj1",Sat May 24 11:23:48 +0000 2025,49886,517,2126,3692878,False,False,True
1926237445412081863,FabrizioRomano,"🚨🇺🇾 Hansi Flick: “I'm counting on Ronald Araujo for next season. He has a contract, so why not?”.

“I'm happy with him. He had a difficult season because of injuries and the good form of Cubarsí and Íñigo. But I fully trust Ronald”. https://t.co/J9AiNINfBq",Sat May 24 11:22:49 +0000 2025,26694,227,1079,1650577,False,False,True
1926236972139352107,FabrizioRomano,🚨 Hansi Flick: “I’m calm and confident on Lamine Yamal to sign new deal. He just loves to play for Barça”. 💙❤️ https://t.co/n8i3RW6BS6,Sat May 24 11:20:56 +0000 2025,43998,254,1662,3612439,False,False,True
1926171307642950141,FabrizioRomano,"🚨💣 BREAKING: AS Monaco are close to getting deal done to sign Ansu Fati from Barça! 🇲🇨

Understand negotiations are underway on loan move with buy option clause + sell-on clause to Barcelona.

Agreement almost done with Ansu keen on the move, talks ongoing between clubs. https://t.co/90Zb0W9aDm",Sat May 24 07:00:00 +0000 2025,103853,1194,5940,7458650,False,False,True
1926165517351481840,FabrizioRomano,"🚨🔴⚪️ More on exclusive story on Jonathan Tah to FC Bayern.

The agreement will be sealed in the next days after green light to sign a FOUR year deal, valid until June 2029.

Medical booked.
Here we go, confirmed. https://t.co/dIr4fT9KnR",Sat May 24 06:37:00 +0000 2025,39591,397,1523,4111287,False,False,True
1926156206759891204,FabrizioRomano,"🚨❌ Jurgen Klopp: “I’m NOT going to become AS Roma new head coach. That story is a bullshit”.

“If you read any rumours about me taking a coaching job in the next few years it’s bullshit. You can be the first to say it”. https://t.co/Pr7DDgJQ7O",Sat May 24 06:00:00 +0000 2025,60213,404,2970,3269292,False,False,True
1926118521974456493,FabrizioRomano,"🚨🔵 Everton have presented their project to Liam Delap in direct meeting with David Moyes involved.

Face to face talks took place this week, as Chelsea and Man United remain keen on Ipswich striker.

£30m clause available, Everton would be ready to offer an important salary. https://t.co/CPziLYWIcx",Sat May 24 03:30:15 +0000 2025,47726,925,2425,4234012,False,False,True
1926117816610001357,FabrizioRomano,"🚨 Decision made: Kyle Walker Peters will leave Southampton as free agent, playing his final game at the club this weekend.

No decision yet on new club, exploring all options available. https://t.co/Bk9IKIgTtS",Sat May 24 03:27:27 +0000 2025,21081,301,848,2453745,False,False,True
1926098008992575507,FabrizioRomano,"🚨 Jurgen Klopp on Trent Alexander-Arnold: “I’m not saying don’t be disappointed he’s leaving… but don’t forget what he’s done for the club”.

“I heard the booing and switched off my TV. I couldn’t have been more disappointed. This isn’t us”. https://t.co/Fx5uDofVeG",Sat May 24 02:08:45 +0000 2025,103136,1107,6392,5457922,False,False,True
1926033015274193174,FabrizioRomano,"🚨🇧🇷 Antony: “Here at Betis I’m happy when I go to sleep and when I wake up… all day happy”.

“I don’t know what’s gonna happen with my future but I’m so happy here. These fans are incredible”. https://t.co/FMbBw5lUCQ",Fri May 23 21:50:29 +0000 2025,74916,591,2962,3429122,False,False,True
1926017664738111702,FabrizioRomano,"🏆🇮🇹 Antonio Conte wins his 5th Serie A title with 3 at Juventus, 1 at Napoli, 1 at Inter…

…and 6th league title with Premier League at Chelsea. 🔝👏🏻 https://t.co/0UtPu085aC",Fri May 23 20:49:29 +0000 2025,119783,838,6495,4065043,False,False,True
1926016988926693633,FabrizioRomano,"💙🏆 Napoli are Serie A champions as they win 4th Italian title in their history! 🇮🇹

Insane job once again by Antonio Conte, world class coach who wins one more league. https://t.co/jfU7hse83O",Fri May 23 20:46:48 +0000 2025,144834,1026,8421,4679781,False,False,True
1926003606735495553,FabrizioRomano,"RT @FabrizioRomano: 🚨💣 Liverpool have made formal approach to Bayer Leverkusen for Florian Wirtz!

After initial green light from the playe…",Fri May 23 19:53:37 +0000 2025,0,0,13367,12575,False,False,False
1926002352189849832,FabrizioRomano,"🕺🏾🇧🇷 Antony scores again and makes it 9 goals, 5 assists in four months at Real Betis since joining the club from United! https://t.co/yKkBcnwGy2",Fri May 23 19:48:38 +0000 2025,77987,638,3055,5239966,False,False,True
1926000640087429247,FabrizioRomano,"RT @FabrizioRomano: 🚨❤️🤍 EXCLUSIVE: Jonathan Tah to Bayern, here we go!

The German defender has agreed deal, Bayer Leverkusen confirm they…",Fri May 23 19:41:50 +0000 2025,0,0,5884,10009,False,False,False
1925998672120070318,FabrizioRomano,"🔵🏴󠁧󠁢󠁳󠁣󠁴󠁿 12 goals, 6 assists for Scott McTominay this season in Serie A.

Signing of the year by far in Italy. 🔝 https://t.co/QjjyphISeq",Fri May 23 19:34:01 +0000 2025,90312,779,5118,4140426,False,False,True
1925985567902216411,FabrizioRomano,"🚨 Liverpool are extremely confident on Florian Wirtz deal to be sealed very soon on both club/player sides. 💣🏁

🎥 More: https://t.co/HrAFdHXACc https://t.co/7sZz2CNtoZ",Fri May 23 18:41:57 +0000 2025,90835,1010,5487,5614034,False,False,True
1925982315424911585,FabrizioRomano,"🚨❤️🤍 EXCLUSIVE: Jonathan Tah to Bayern, here we go!

The German defender has agreed deal, Bayer Leverkusen confirm they have been informed.

Bayer Leverkusen now wait for Bayern to make contact to discuss fee for Tah to be at the FIFA Club World Cup.

New defender for Bayern 🇩🇪 https://t.co/JOTlXf0i4x",Fri May 23 18:29:01 +0000 2025,94829,1336,5884,17548387,False,False,True
1925967947677245905,FabrizioRomano,"🚨💣 Liverpool have made formal approach to Bayer Leverkusen for Florian Wirtz!

After initial green light from the player, Liverpool and Bayer Leverkusen are in talks over transfer fee/package.

Liverpool want the deal to be done very soon, not a long saga — to avoid surprises. https://t.co/ffOPqtEbUm",Fri May 23 17:31:56 +0000 2025,146467,2956,13367,22835834,False,False,True
1925954397143449923,FabrizioRomano,"RT @FabrizioRomano: 🔴⚪️ Even after update on Kai Havertz’s injury requiring surgery, Arsenal plan remain the same: find internal solutions…",Fri May 23 16:38:05 +0000 2025,0,0,1612,13521,False,False,False
1925953622530986120,FabrizioRomano,"🚨🔵 Manchester City have started club to club talks with AC Milan for Tijjani Reijnders as top target.

Negotiations to continue next week as opening bid expected to arrive soon.

City want to be fast for Club World Cup + anticipate other European top clubs keen on Reijnders. https://t.co/C4r6WAZUxM",Fri May 23 16:35:00 +0000 2025,53949,527,2894,5506362,False,False,True
1925946893927899166,FabrizioRomano,"🚨 Liverpool are confident to get Florian Wirtz deal done after fresh contacts in last 24/48 hours.

Talks ongoing to get final green light but #LFC are now favorites ahead of Bayern in the race for German gem.

Liverpool want to be fast — as per @David_Ornstein @sachatavolieri. https://t.co/4FMSMsN17I",Fri May 23 16:08:16 +0000 2025,91720,2184,8407,10125647,False,False,True
1925940246425837653,FabrizioRomano,"🚨👀 Kvaratskhelia: “The toughest defender I’ve faced is Trent Alexander-Arnold, he's a very good player”.

“I can’t name a lot but I'd choose from my time with Paris the hardest one was Trent”, told @rioferdy5. https://t.co/Iwemp8DWjL",Fri May 23 15:41:51 +0000 2025,53768,1822,2253,5222280,False,False,True
1925937388901024064,FabrizioRomano,"🚨🔵⚪️ Deal done for Como to sign Alex Valle from Barça on permanent move, as revealed in April.

Details of the deal: €6m total fee with €4m to be paid this year and €2m in 2026 — contract until June 2029.

Paperwork set to be signed shortly. https://t.co/iaewJZWV9n",Fri May 23 15:30:30 +0000 2025,19860,173,932,2946362,False,False,True
1925935360279732393,FabrizioRomano,RT @FabrizioRomano: 🚨🔵⚪️ Understand Como are set to trigger €6m release clause for Alex Valle to sign him on permanent deal from Barcelona.…,Fri May 23 15:22:26 +0000 2025,0,0,857,10847,False,False,False
1925929121722323421,FabrizioRomano,"🚨🔵🔴 Barcelona are planning to get new deal done for Eric García after Raphinha.

Negotiations underway with Deco on it after Barça rejected €8m bid from Como in January.

🆕👀 Marc Casadó and Marc Bernal will also sign new contracts in the upcoming weeks as part of the plan. https://t.co/8GJfLZatnd",Fri May 23 14:57:39 +0000 2025,22683,181,1081,2074693,False,False,True
1925916497613828186,FabrizioRomano,RT @FabrizioRomano: 🚨🔵 Chelsea plan to open talks with Moises Caicedo’s camp over new deal as they’re very happy with his impact again this…,Fri May 23 14:07:29 +0000 2025,0,0,2546,9230,False,False,False
1925905401586880559,FabrizioRomano,"🚨 Ipswich manager McKenna confirms Liam Delap is expected to leave: “Yes, he’s looking at his options for next year. We support him with that”.

Delap has already met with Chelsea and Man United as he’s in the list of several clubs this summer. https://t.co/gwH1P76ZXz",Fri May 23 13:23:23 +0000 2025,32002,431,1558,2927901,False,False,True
1925896011722944669,FabrizioRomano,"More on Manchester City plans. 🔵✨

Pep confirms today that Kyle Walker won’t be part of the future plans, he will leave this summer. ❌

…and Tino Livramento remains the #1 target at right back, won’t be easy deal with Newcastle. ⤵️",Fri May 23 12:46:05 +0000 2025,23785,361,1223,4905786,False,False,False
1925891305286127788,FabrizioRomano,"🚨🇧🇷 Éder Militão, back in group training as recovery process’ almost completed before Club World Cup.

Positive feeling after months of full dedication; Éder even brought family from Brazil at Christmas to keep up his sessions in Madrid.

…like a new ‘signing’ for Xabi Alonso. https://t.co/B4d2RlwtBh",Fri May 23 12:27:23 +0000 2025,27635,283,1379,2067168,False,False,True
1925890105954234789,FabrizioRomano,"👀🇧🇷 João Pedro, one to watch in the upcoming weeks as revealed this week.",Fri May 23 12:22:37 +0000 2025,17427,508,786,4134096,False,False,False
1925890001419551111,FabrizioRomano,"🚨🇸🇪 Swedish midfielder Otto Rosengren can leave Malmö this summer, concrete possibility as @sportbladet reports.

Clubs around Europe are keen on signing him after excellent season and the player can be open to new chapter. https://t.co/05aOGxW2Oz",Fri May 23 12:22:12 +0000 2025,10632,182,403,1647801,False,False,True
1925888888221974600,FabrizioRomano,"RT @FabrizioRomano: 🚨 Understand João Pedro can leave Brighton in the summer as he’s open to new chapter of his career.

Premier League top…",Fri May 23 12:17:46 +0000 2025,0,0,1562,5652,False,False,False
1925881745049608620,FabrizioRomano,🚨❌ Pep Guardiola when asked if Kyle Walker will be part of Man City squad for FIFA Club World Cup: “No”. https://t.co/YDBnRwe9cg,Fri May 23 11:49:23 +0000 2025,62309,297,2057,3572387,False,False,True
1925880588218536227,FabrizioRomano,"🚨🤍 Ancelotti: “This was the only way to leave for me, not joining another club… and with the love of Real Madrid fans”.

“I didn't and don't want to coach another club after Real Madrid. Now it will be Brazil, the World Cup… I’m excited”. https://t.co/eWQRlSwSR6",Fri May 23 11:44:48 +0000 2025,49998,289,2435,2374401,False,False,True
1925867658299220011,FabrizioRomano,"🚨🔵 Christopher Nkunku’s exit from Chelsea remains guaranteed ahead of the summer transfer window.

Contacts are due to start soon with Nkunku attracting interest already since January. https://t.co/b7X0WJUToe",Fri May 23 10:53:25 +0000 2025,36047,623,1840,7731500,False,False,True
1925845090037104756,FabrizioRomano,"🚨🇧🇷 Neymar Jr when asked if he’s gonna sign new deal at Santos: “I don’t know. In this moment, I don’t know”. https://t.co/etp5rJ1EaH",Fri May 23 09:23:44 +0000 2025,75357,547,2534,3356953,False,False,True
1925843704536785147,FabrizioRomano,"🤍👋🏻 Carlo Ancelotti’s 𝒍𝒆𝒕𝒕𝒆𝒓 to all Real Madrid fans ahead of farewell to Bernabéu this week…

“Today we go separate ways again. Today again I take in my heart every moment I’ve lived in this wonderful second stage as Real Madrid coach”.

“It’s been unforgettable years,… https://t.co/evnNHPzSlM",Fri May 23 09:18:14 +0000 2025,28659,363,2254,2017632,False,False,True
1925841039689908628,FabrizioRomano,"🚨🤍 Real Madrid official statement confirms Carlo Ancelotti’s exit as he’s already new Brazil head coach.

Farewell planned for Ancelotti after the game vs Real Sociedad. 👋🏻 https://t.co/IM6HpnOrJU",Fri May 23 09:07:38 +0000 2025,30216,302,1564,1743503,False,False,True
1925840115026313241,FabrizioRomano,"🚨🏴󠁧󠁢󠁥󠁮󠁧󠁿 England release squad for upcoming games in June.

First call for Trevoh Chalobah. 🆕 https://t.co/1FSoVvwLMV",Fri May 23 09:03:58 +0000 2025,44298,1372,2661,6218955,False,False,True
1925839209551548718,FabrizioRomano,"Here we go! 👀

#DAZNTransfer by @fabriziorom 🤝

New market show from June 3rd to June 10th ✨ https://t.co/f1pCO2IOc9",Fri May 23 09:00:22 +0000 2025,15189,238,703,2149044,False,False,True
1925837070062202982,FabrizioRomano,"🚨 Arne Slot: “Trent Alexander-Arnold is going to leave anyway… so why not leave him out, it might be the first gift I can give Xabi Alonso!”. https://t.co/EpzJ1acyVW",Fri May 23 08:51:52 +0000 2025,126920,929,5285,8174133,False,False,True
1925834667950776820,FabrizioRomano,"🚨🔵 Enzo Maresca when asked if Enzo Fernández is staying: “Yes! Enzo is a main player for us”.

“He is one of the leaders. He's been very, very good. He can be even better next season. Nothing to say about speculation. He is focused on us”. https://t.co/8u43GEyBaR",Fri May 23 08:42:19 +0000 2025,19614,216,1069,1511723,False,False,True
1925830944029626709,FabrizioRomano,"🚨 Understand Erik ten Hag said yes to Bayer Leverkusen project on a two year contract.

He’s now waiting for club decision as they spoke to several candidates…

…but ETH gives priority to Bayer 04, with Ajax waiting in the background. https://t.co/Nh9OcSwedo",Fri May 23 08:27:31 +0000 2025,44639,853,2828,7589740,False,False,True
1925701376610336895,FabrizioRomano,"🚨🐉 Negotiations for Gabri Veiga to join FC Porto continue with all parties involved.

Sell-on clause can be part of the package being discussed with Al Ahli as Spanish midfielder is a priority target for Porto. https://t.co/9yb1VzgWif",Thu May 22 23:52:40 +0000 2025,23232,320,1069,8543986,False,False,True
1925628923481612730,FabrizioRomano,"🚨 Mikel Arteta confirms: “Yes, I’d like Thomas Partey to stay and sign new deal”.

“Consistency-wise, it’s been his best season. I think the way he’s played, performed, his availability has been exceptional &amp; he’s a really important player for us”. https://t.co/aVZAXzrp0c",Thu May 22 19:04:46 +0000 2025,35048,423,2055,2789058,False,False,True
1925625982355943631,FabrizioRomano,"RT @FabrizioRomano: 🚨 Manchester United plan to continue building with Rúben Amorim, supporting the coach.

Cunha planned as first signing……",Thu May 22 18:53:05 +0000 2025,0,0,3062,3156,False,False,False
1925610309282087152,FabrizioRomano,"RT @FabrizioRomano: 🚨🔵 Manchester City will submit a formal, opening bid to AC Milan for Tijjani Reijnders in the upcoming weeks.

Reijnder…",Thu May 22 17:50:48 +0000 2025,0,0,3218,4994,False,False,False
1925606855738311058,FabrizioRomano,"🚨 Lamine Yamal’s agent Jorge Mendes: “Lamine will win the Ballon d’Or.

“He’s so happy and he’s gonna SIGN new deal at the club soon”. ✍🏻🏁 https://t.co/lieoZvXrbk",Thu May 22 17:37:05 +0000 2025,44974,676,2353,2531280,False,False,True
1925606320066941238,FabrizioRomano,"🔵🔴✍🏻 Raphinha signed new deal at Barça until June 2028…

…with Lamine, Eric García and Inigo Martínez next on Deco’s list of new deals. https://t.co/8VdH2m0c9f",Thu May 22 17:34:57 +0000 2025,33495,219,1845,1650565,False,False,True
1925602255652167977,FabrizioRomano,"🚨❤️🤍 Official, confirmed: Pablo Barrios signs new deal at Atlético Madrid until June 2030. https://t.co/gionpZMvOG",Thu May 22 17:18:48 +0000 2025,18539,148,821,1488255,False,False,True
1925601847265444312,FabrizioRomano,Next week will be Xabi Alonso’s week at Real Madrid: plan confirmed. 🤍🔛,Thu May 22 17:17:10 +0000 2025,49085,237,2471,4366942,False,False,False
1925600840821207041,FabrizioRomano,"🚨🔵🔴 Official, confirmed. Raphinha signs new long term deal at Barcelona until June 2028. https://t.co/xqcXmVwir0",Thu May 22 17:13:11 +0000 2025,47048,375,2561,1778066,False,False,True
1925574746084712827,FabrizioRomano,"Jude Bellingham’s letter for Luka Modrić 🤍📩

“The only thing outweighing my sadness right now is the gratitude I feel for having had the honour of being your teammate.
So many great memories on and off the pitch that I will treasure forever.

Your magic was never a surprise and… https://t.co/1r499i8SW5",Thu May 22 15:29:29 +0000 2025,63737,430,4112,2408165,False,False,True
1925566517594182086,FabrizioRomano,"🤍👋🏻 Luka Modrić planned to continue at Real Madrid, it was his dream to stay… but Real Madrid have decided to part ways and open a ‘younger era’.

Modrić always respected club’s decision and leaves on great terms as Real legend.

Final game at the Bernabéu on Saturday. https://t.co/Db4P7tid92",Thu May 22 14:56:47 +0000 2025,64297,676,4446,2323589,False,False,True
1925566083274088465,FabrizioRomano,"🚨💣 BREAKING: Luka Modrić LEAVES REAL MADRID at the end of the season.

He will play his LAST GAME as Real Madrid player at the Bernabéu this weekend with special farewell. 🤍👋🏻 https://t.co/Vpae5INRKH",Thu May 22 14:55:04 +0000 2025,51385,628,3641,2709150,False,False,True
1925553458863583577,FabrizioRomano,"🤍👋🏻 Luka Modrić’s letter to Real Madrid fans.

“Dear Madrid fans,

Time has come. The moment I never wanted to come, but that's football, and in life everything has a beginning and an end... On Saturday I will play my last match at the Santiago Bernabéu.

I arrived in 2012 with… https://t.co/GTuwq5tcc3",Thu May 22 14:04:54 +0000 2025,189955,2366,18884,7450638,False,False,True
1925542950630506619,FabrizioRomano,"🚨 Official, confirmed. Luis Campos has signed new deal at Paris Saint-Germain until June 2030! ❤️💙

“I am delighted to continue my story with QSI to 2030. I very much look forward to writing more history at QSI in the coming years”, says Campos. https://t.co/dyGiQqWLkR",Thu May 22 13:23:08 +0000 2025,22142,206,1274,1867154,False,False,True
1925533826563883466,FabrizioRomano,"🚨🔴⚫️ Bayer Leverkusen made progress in talks with Erik ten Hag to become their new head coach.

Ten Hag has given his total availability after direct contact taking place earlier this week. https://t.co/6xqcvtb6sj",Thu May 22 12:46:53 +0000 2025,83973,1682,5350,4478830,False,False,True
1925525888738742474,FabrizioRomano,"🚨🔴🔵 Paris Saint-Germain and Luis Campos have reached an agreement in principle over new deal!

The Sporting Advisor who made huge job with Nasser Al Khelaifi and Luis Enrique will stay at PSG, as @FabriceHawkins reports.

Always priority to PSG; never in talks with Man United. https://t.co/wOYq7jQdEf",Thu May 22 12:15:21 +0000 2025,14300,177,883,1611511,False,False,True
1925525253012291755,FabrizioRomano,✅🔴🔵 #PSG,Thu May 22 12:12:49 +0000 2025,10040,123,387,2418309,False,False,False
1925525112154968249,FabrizioRomano,"🚨 Mamardashvili on future at Liverpool: “I’m not considering another loan move. I will spend next season at Liverpool”.

“I’ll go to Liverpool and give my all, just like I did at Valencia. I’ll work hard every single day, training with Alisson will help me”, told @Geo__team. https://t.co/HCMSqS5VCB",Thu May 22 12:12:15 +0000 2025,55649,409,3162,2893581,False,False,True
1925522534792908806,FabrizioRomano,"🚨 Manchester United plan to continue building with Rúben Amorim, supporting the coach.

Cunha planned as first signing… while Ale Garnacho can leave this summer in case of good proposal for all parties. 👀

🎥 More: https://t.co/d1OyVV9UQB https://t.co/2os4y9Qy6P",Thu May 22 12:02:01 +0000 2025,42692,1097,3062,4599566,False,False,True
1925519957774696759,FabrizioRomano,"🚨 Mikel Arteta: “If you want to win major trophies, you have to be the best in the market”.

“The teams that win have the best players, always, at this level”. https://t.co/wh57TXyHgv",Thu May 22 11:51:47 +0000 2025,50259,2189,2722,4203183,False,False,True
1925517028569264452,FabrizioRomano,"🚨🇩🇰 Rasmus Højlund keeps attracting interest from Italy — understand Inter are also considering him as option for this summer.

After Juventus and Napoli calls in March, Inter also explored Højlund situation. It’s up to Man United.

🎥🇮🇹 Italian video: https://t.co/h0xC9h6doX https://t.co/9eD0dXBxfY",Thu May 22 11:40:08 +0000 2025,42404,2648,2561,4520494,False,False,True
1925502458417074483,FabrizioRomano,"🚨🔴⚪️ Arteta on Rodrygo links for Arsenal: “I won’t name any specific player but we have brought the club into a position that next season, you HAVE to win a major trophy”.

“Everybody believes that we are an elite team in this country and in Europe. Arsenal is there”.

“We have… https://t.co/niPKoX4snz",Thu May 22 10:42:14 +0000 2025,48409,1029,3119,3089428,False,False,True
1925501681984258054,FabrizioRomano,"🚨🔵 Chelsea insist on their plans to keep Enzo Fernández despite links with Real Madrid, no intention to sell.

He’s considered a key part of long term project and also a leader in the dressing room.

🎥 More: https://t.co/GzwvL9t8zd https://t.co/ZwM6RCoTNy",Thu May 22 10:39:09 +0000 2025,51648,735,3491,3455176,False,False,True
1925493870466367966,FabrizioRomano,"🚨🔵🔴 Raphinha signs new deal at Barcelona until June 2028 today, plan confirmed. https://t.co/VbA2sk5f3Q",Thu May 22 10:08:07 +0000 2025,55450,276,2620,1807162,False,False,True
1925493509630369895,FabrizioRomano,"🚨🚫 Barça director Deco: “Nico is a top player… but last summer Dani Olmo really wanted to come to Barcelona, showed confidence in the project and so made it easier for us”.

“Nico did NOT do that”. https://t.co/LvXJIFLfVD",Thu May 22 10:06:41 +0000 2025,43536,340,1717,2364799,False,False,True
1925492918573310197,FabrizioRomano,"🚨 Barça director Deco on wingers: “We like Luis Diaz, we like Rashford… and we like other wingers too”.

“We can't talk about players under contract with other clubs”. https://t.co/ocYyuLTY1v",Thu May 22 10:04:20 +0000 2025,64601,696,2617,3237109,False,False,True
1925492499130241259,FabrizioRomano,"🚨 Deco on Ronald Araujo’s future: “We are happy with Ronald. Ronald is happy, and that's why there's no discussion about his future”, told RAC1. https://t.co/aGgBeGHUrT",Thu May 22 10:02:40 +0000 2025,17559,240,657,1343232,False,False,True
1925491859440247272,FabrizioRomano,"🚨 Barça director Deco: “Lamine Yamal did NOT ask to be the highest paid player on the team. It's not true”.

“He just wants to he happy here, that’s what he tells us and his agents too”, told RAC1. https://t.co/U9JABSqiTZ",Thu May 22 10:00:07 +0000 2025,31833,214,1600,1510694,False,False,True
1925491548499653035,FabrizioRomano,"🚨 Barça director Deco on goalkeepers: “The idea is for Ter Stegen and Szczesny to continue”.

“It’s true, if you think about next year or two, we would have to look for another keeper. We have talented keepers at La Masia too, we could give them chances”, told RAC1. https://t.co/mKNq4KIeXX",Thu May 22 09:58:53 +0000 2025,11201,196,558,1022292,False,False,True
1925486282899132730,FabrizioRomano,"🚨⚪️ After Taça de Portugal final, Real Madrid will accelerate talks with Benfica for Álvaro Carreras. Plan confirmed.

The player has already accepted Real Madrid as next destination with contract terms also ready.

Club to club talks to enter key stages after the game. https://t.co/Pi1xMCNJtV",Thu May 22 09:37:58 +0000 2025,31330,340,1858,6909719,False,False,True
1925472926414868703,FabrizioRomano,"🚨 Bruno Fernandes: “I will be here until the club says to me that it’s time to go”.

“If the club thinks it’s time to part ways because they want to do some cash in or whatever, it’s what it is… and football sometimes is like this”. https://t.co/rYUmVJ3ml4",Thu May 22 08:44:53 +0000 2025,54372,1327,3449,2918749,False,False,True
1925445774311051324,FabrizioRomano,"🚨💣 Garnacho: “Until the final, I played every round helping the team… then the final arrives and I play 20 minutes?! I don’t know”.

“The final, the season, the whole situation of the club… I will try to enjoy the summer and then we will see what happens”. 👀 https://t.co/ELMvHLOHfm",Thu May 22 06:57:00 +0000 2025,125963,4298,7596,8011456,False,False,True
1925436966243594257,FabrizioRomano,"🚨🚨 Alejandro Garnacho: “It’s difficult for all of us. This season has been shit”.

“We lost the final, we didn’t beat anyone in PL. It’s very difficult”. https://t.co/GMoKOSX3rz",Thu May 22 06:22:00 +0000 2025,61107,1044,3156,2994177,False,False,True
1925431435936375266,FabrizioRomano,"🚨 Bruno Fernandes: “My point of view has never been the financial side”.

“If I want to go for a financial side I will always have the option to go, but that’s not the thing. What I want is to win trophies and be involved in the best competitions”. https://t.co/eESYD6pGDy",Thu May 22 06:00:01 +0000 2025,50542,1512,2405,3721730,False,False,True
1925421111753183715,FabrizioRomano,"🚨🇦🇹 Sturm Graz agree deal to sign Axel Kayombo as 19 year old talent will join from FC Basel.

4 year deal agreed, €2m transfer fee and medical to follow. https://t.co/c8CYkitEQw",Thu May 22 05:19:00 +0000 2025,8800,163,356,1230895,False,False,True
1925335620932547006,FabrizioRomano,"🚨 Bruno Fernandes: “I do think Rúben Amorim is the right man for us”.

“I don’t think what happened this season shows exactly what he is as a manager. I do think he’s the right manager for the future of this club”. https://t.co/Yq0JVZU2nI",Wed May 21 23:39:17 +0000 2025,91259,1808,4607,4575614,False,False,True
1925334900648919541,FabrizioRomano,"🚨 Dalot: “This club must not die and will never die. Being in pain is positive, it's the first step towards change”.

“There’s a lot of things we need to change, whether its behaviours every day.

“Standards need to be a LOT higher”. https://t.co/pdudaQOLmK",Wed May 21 23:36:25 +0000 2025,22897,1074,1160,1841456,False,False,True
1925332102905516493,FabrizioRomano,"🏅🇦🇷 Alejandro Garnacho: “Cuti Romero is the best centre back in the world”, told ESPN. https://t.co/s4XfFAhOEY",Wed May 21 23:25:18 +0000 2025,106659,1104,4268,4054401,False,False,True
1925326431598289226,FabrizioRomano,"🚨 Rúben Amorim on whether he should have started Garnacho over Mason Mount: “It's easy to say that now”.

“Who missed the big opportunity in the first half in the semi-final? Garnacho. Football is like that”. https://t.co/ZVn9jHNSqY",Wed May 21 23:02:46 +0000 2025,77962,1328,3720,4915675,False,False,True
1925322434460189122,FabrizioRomano,"🚨 Rúben Amorim: “I’m confident in doing this job if the board let me. And as you can see, I am confident in my job”.

“I will NOT change anything in the way I do things. I’m not here to defend myself”. https://t.co/ExboPAjJ5e",Wed May 21 22:46:53 +0000 2025,20460,835,1111,1963908,False,False,True
1925318143146098779,FabrizioRomano,"🚨 Ange Postecoglou on his future: “I'd be disappointed if I couldn't continue on this path. Mate, I'm a winner. I've been a winner my whole career”.

“Even when I signed, Daniel Levy said we went after winners and it didn’t work, now we've got Ange”. https://t.co/M4jdeaepFE",Wed May 21 22:29:50 +0000 2025,79090,585,3837,3070868,False,False,True
1925311730046959700,FabrizioRomano,"🚨 Rúben Amorim: “I will not quit. I am confident in my job and I will not change anything”.

“If the board or fans feel that I’m not the right guy, I will go the next day without any conversation about compensation… but I will NOT quit”. https://t.co/Yulhr97MxS",Wed May 21 22:04:21 +0000 2025,64483,2360,4094,3584556,False,False,True
1925308313907921210,FabrizioRomano,"🚨🏆 Ange Postecoglou on ‘always win things on second season’: “Let me clarify, I wasn't boasting. I just had something inside me: we needed to win”.

“People have taken shots at the club, and I have felt at times we haven't defended ourselves as strongly as we should”. https://t.co/fnpfogk4q5",Wed May 21 21:50:47 +0000 2025,73133,638,4718,2440218,False,False,True
1925303999479075288,FabrizioRomano,"What it means for Son, his first trophy for Spurs! 🏆 https://t.co/FcrYV25ryw",Wed May 21 21:33:38 +0000 2025,180741,924,10320,3416025,False,False,True
1925302956498329851,FabrizioRomano,"🚨🥇 Cuti Romero, Man of the Match for the Europa League final! https://t.co/4GOmKxLerB",Wed May 21 21:29:29 +0000 2025,141306,1090,6461,2990337,False,False,True
1925295147069190646,FabrizioRomano,"🚨🏆 Spurs are Europa League champions as they win their first major trophy in 17 years beating Man United!

…and they will play Champions League football next season 🇪🇺 https://t.co/aJh22jKL6j",Wed May 21 20:58:27 +0000 2025,88980,1490,6862,2860658,False,False,True
1925272974732435866,FabrizioRomano,"🚨👀 Rúben Amorim: “I waited so long to change clubs because I only wanted this club, Man United”.

“I'll stay here as long as the club wants me to”. https://t.co/xcUmAabIGY",Wed May 21 19:30:21 +0000 2025,56954,1231,2467,3927608,False,False,True
1925256866189193596,FabrizioRomano,Hansi Flick and president Laporta after signing new deal until June 2027. 👕🤝🏻 https://t.co/TPy4f65fvG,Wed May 21 18:26:21 +0000 2025,28072,229,1334,1384868,False,False,True
1925254498961744313,FabrizioRomano,🚨🇵🇹 Cristiano Ronaldo reaches 935 career goals as he scores for Al Nassr. https://t.co/cKav3J1by7,Wed May 21 18:16:56 +0000 2025,70649,893,3737,2479156,False,False,True
1925244212242432060,FabrizioRomano,"🚨 Official, confirmed. Hansi Flick signs new deal at Barcelona until June 2027! 🏆 https://t.co/Pk3vaCMLYc",Wed May 21 17:36:04 +0000 2025,53204,419,2973,1691521,False,False,True
1925236059035549712,FabrizioRomano,Hansi Flick arrives to sign new deal! 🔒✍🏻 https://t.co/2cWV06i47i,Wed May 21 17:03:40 +0000 2025,26494,223,1052,1469847,False,False,True
1925230384045764738,FabrizioRomano,All set @ San Mamés! 🏟️🏆 https://t.co/1UxiruW8qE,Wed May 21 16:41:07 +0000 2025,29546,402,1566,1426855,False,False,True
1925225176884556246,FabrizioRomano,🚨⚠️ Endrick has suffered an injury to the joint tendon of the hamstrings of his right leg. https://t.co/1SAE3dssro,Wed May 21 16:20:25 +0000 2025,21845,475,817,1878514,False,False,True
1925200513047433601,FabrizioRomano,"RT @FabrizioRomano: 🚨 Understand Liverpool have contacted Bournemouth for Milos Kerkez deal with talks now advancing!

Liverpool are also c…",Wed May 21 14:42:25 +0000 2025,0,0,9115,629,False,False,False
1925200475785228798,FabrizioRomano,"🚨🇦🇪 Al Ain have agreed deal Adis Jasic as new right back from Wolfsberger AC on a three year deal.

Medical tests was done and finished in Austria last week, the player will fly to join the squad end of May. He will be ready for FIFA Club World Cup. https://t.co/BdoUprt9EB",Wed May 21 14:42:16 +0000 2025,7943,176,422,1431013,False,False,True
1925188570957889761,FabrizioRomano,"🚨 Understand Liverpool have offered new 4 year deal to 19 year old talented centre back Wellity Lucky.

Current contract ends this summer and Liverpool are trying to keep him while clubs in Spain and Germany are also in negotiations trying to sign him. https://t.co/So9T4z2U1W",Wed May 21 13:54:58 +0000 2025,21708,249,1019,1902115,False,False,True
1925179745290867087,FabrizioRomano,"🚨🐉 FC Porto are advancing on agreement with Al Ahli for Gabri Veiga!

Negotiations underway for transfer fee around €16/17m, talks continue between all parties involved. https://t.co/iSBO8L99hK",Wed May 21 13:19:54 +0000 2025,43950,834,2171,5276018,False,False,True
1925178304224526771,FabrizioRomano,"🚨 Kevin De Bruyne will make decision soon on his next club.

🇮🇹 Napoli have made important contract proposal to KDB — and they’d be ready to close the deal any moment from now.

🇺🇸 Chicago Fire bid remains on the table as revealed since April.

KDB will decide with his family. https://t.co/xMBWWpfVh5",Wed May 21 13:14:10 +0000 2025,37484,548,2104,3565285,False,False,True
1925178252437413916,FabrizioRomano,"🚨🇳🇱 Joshua Zirkzee, officially part of Man United squad to face Spurs tonight. https://t.co/gtSu5HbS8d",Wed May 21 13:13:58 +0000 2025,52500,430,2544,2219081,False,False,True
1925158705231716567,FabrizioRomano,"🚨 Understand João Pedro can leave Brighton in the summer as he’s open to new chapter of his career.

Premier League top clubs aware of the opportunity for potential transfer fee around €70m, but final decision up to Brighton.

One to watch this summer. 🇧🇷 https://t.co/XkUUIDxq3K",Wed May 21 11:56:17 +0000 2025,29459,1066,1562,8167640,False,False,True
1925150412962767073,FabrizioRomano,"🚨🇭🇷 Understand Martin Baturina’s expected to leave Dinamo Zagreb this summer for potential transfer fee around €20/25m.

English and Italian clubs in addition to Eintracht Frankfurt have already made contact over potential move. https://t.co/TeAshTW5bY",Wed May 21 11:23:20 +0000 2025,13018,280,615,1949640,False,False,True
1925146873230229514,FabrizioRomano,"🚨🔵 Cesc Fabregas confirms exclusive story on Como plans to sign Yeremay from Depor: “We are following Yeremay, yes… he’s an excellent player”.

Como are willing to pay release clause in excess of €30m. 🇪🇸 https://t.co/RFU8CTUJFc",Wed May 21 11:09:16 +0000 2025,21933,242,946,388562,False,False,True
1925142249895051334,FabrizioRomano,"Alex Valle will become new Como player for €6m fee, plan confirmed. 🔵⚪️⤵️",Wed May 21 10:50:54 +0000 2025,10426,174,480,2258493,False,False,False
1925102764105109571,FabrizioRomano,🚨👋🏻 The plan is confirmed: Lucas Vázquez will leave Real Madrid after the FIFA Club World Cup. https://t.co/0rgj56mec0,Wed May 21 08:14:00 +0000 2025,69563,645,2689,3667357,False,False,True
1925084146616979527,FabrizioRomano,"🚨🟣🔵 EXCLUSIVE: Aston Villa are in talks to sign Feyenoord talent Zepiqueno Redmond, as he’s considered a striker with important potential.

There are also UK and Italian clubs keen with player now set to make final decisions soon, Villa leading the race and in good position. https://t.co/0McVHGydOV",Wed May 21 07:00:01 +0000 2025,18525,293,1009,5108683,False,False,True
1925078353188380719,FabrizioRomano,"🚨🔵⚪️ Oliver Boscagli has signed his contract as new Brighton player valid from the beginning of July.

Free transfer completed for the centre back from PSV Eindhoven, ready for new chapter in PL. https://t.co/xXLjSOt9RB",Wed May 21 06:37:00 +0000 2025,11390,179,553,1365064,False,False,True
1925070803680293026,FabrizioRomano,"🚨 Pep Guardiola: “I don't want to have 24, 25, 26 players when everyone is fit. I told the club I don’t want that”.

“If I have injuries, unlucky! We will have some players from the Academy and we will do it”. https://t.co/8k7NtVtlQc",Wed May 21 06:07:00 +0000 2025,38373,679,1725,2308536,False,False,True
1925068538663838124,FabrizioRomano,"🚨 Moritz Jenz can leave this summer with several clubs keen especially from Serie A.

Regardless of Mainz triggering the buy option or returning to Wolfsburg, he’s expected to try new chapter. https://t.co/5InEeLYF75",Wed May 21 05:58:00 +0000 2025,11512,156,434,1699988,False,False,True
1925042622147543134,FabrizioRomano,"🚨💙❤️ Today is Hansi Flick day at Barça with contract signing and formal announcement expected to take place.

New deal until June 2027… and then, Raphinha next. https://t.co/cAQwuWmXRR",Wed May 21 04:15:01 +0000 2025,41025,324,2187,1813763,False,False,True
1924994809401413935,FabrizioRomano,"🚨🇧🇷 Matheus Cunha has decided to join Man United project regardless of the access to next Champions League.

He wants the move, talks are at final stages and the deal is expected to be sealed soon as revealed. https://t.co/8itnLI6soc",Wed May 21 01:05:01 +0000 2025,77974,1275,5078,3431237,False,False,True
1924994461815238891,FabrizioRomano,"🚨🇭🇷 19 year old midfielder Sergej Levak plans to leave AS Roma as free agent at the end of the current season.

He’s out of contract and several Italian clubs have started to open talks. https://t.co/rG0JOny0V8",Wed May 21 01:03:39 +0000 2025,9003,76,335,1307078,False,False,True
1924985246224703602,FabrizioRomano,"💙😢 Kevin De Bruyne: “After 10 years, it was about time that somebody let me talk a bit...”.

“It's time to say goodbye, I'll be back, but we love you, and see you soon!”. https://t.co/ViCyNPl3oe",Wed May 21 00:27:01 +0000 2025,67244,374,3490,2233963,False,False,True
1924985213177737730,FabrizioRomano,"🤍👀 Carvajal: “Competition with Trent? Yes, that’s clear. It’s not official yet, but it looks like it!”.

“Fear? No, there is no fear here. We will be teammates. The competition will strengthen both of us and will bring out our best”. https://t.co/ViNANjK42g",Wed May 21 00:26:53 +0000 2025,63464,302,2713,2042059,False,False,True
1924984815348056242,FabrizioRomano,"🚨 Tochi Chukwuani could be on the move this summer as Sturm Graz midfielder has attracted interest.

Hoffenheim, Wolves and French clubs are all tracking Tochi’s situation as he’s about to win the Austrian title this year. https://t.co/Pjzg7o1xUH",Wed May 21 00:25:19 +0000 2025,8830,129,420,1195565,False,False,True
1924952773029699872,FabrizioRomano,"🚨 Pep Guardiola: “I told the club I don't want a big squad. I don’t want to put five, six players in the tribune, I don't want that. I will quit”.

“If they don't make a short squad, I will not stay”.

""It's impossible for my soul to put players in the tribune and cannot play”. https://t.co/0JaSFEtRrr",Tue May 20 22:17:59 +0000 2025,67567,1065,3423,4581496,False,False,True
1924945996380840429,FabrizioRomano,"🚨🔴⚫️ AC Milan are preparing documents to seal Igli Tare’s appointment as new sporting director.

Tare has already accepted the proposal, now waiting for formal steps to follow. https://t.co/6sbZD27ZGO",Tue May 20 21:51:03 +0000 2025,11319,184,561,1397199,False,False,True
1924939468378689852,FabrizioRomano,🚨 Official: Manchester City confirm they will be erecting a statue of Kevin De Bruyne outside the Etihad Stadium. https://t.co/l8R1bJbqkU,Tue May 20 21:25:07 +0000 2025,242586,2191,14679,8282665,False,False,True
1924933596789231939,FabrizioRomano,"RT @FabrizioRomano: 🚨⚪️ Alvaro Carreras wants to join Real Madrid and his plan has not changed.

No bid or club to club talks yet but under…",Tue May 20 21:01:47 +0000 2025,0,0,2848,350,False,False,False
1924933063995228349,FabrizioRomano,The perfect night for Man City! 🔵📈 https://t.co/ca6mdDoNnR,Tue May 20 20:59:40 +0000 2025,28841,214,950,1359354,False,False,True
1924929993550807259,FabrizioRomano,"Rodri, back on the pitch for Man City after 50 games out due to injury! 💙🔙 https://t.co/q45BUwHIXU",Tue May 20 20:47:28 +0000 2025,43191,360,1936,130244,False,False,True
1924929805171962025,FabrizioRomano,The end of the Kevin De Bruyne era. 👋🏻💙 https://t.co/sAllbhrxlI,Tue May 20 20:46:43 +0000 2025,114407,729,6564,2476305,False,False,True
1924918981455917516,FabrizioRomano,"⚪️👋🏻 Lucas Vázquez will leave Real Madrid as reported last week, plan confirmed.",Tue May 20 20:03:43 +0000 2025,33876,623,1530,3698636,False,False,False
1924907762430959836,FabrizioRomano,"RT @FabrizioRomano: 🚨🔵🔴 Barcelona have reached an agreement with Raphinha over new deal, all done! 💣

The Brazilian will sign until June 20…",Tue May 20 19:19:08 +0000 2025,0,0,3936,261,False,False,False
1924907714494267510,FabrizioRomano,"💙🇪🇬 Omar Marmoush scores a golazo for Man City making it 7 goals, 2 assists since joining the club in January. https://t.co/5YGx29Ca4P",Tue May 20 19:18:56 +0000 2025,45570,393,1813,2202088,False,False,True
1924905726452879444,FabrizioRomano,🚨 Rúben Amorim: “Bruno wants my job! He will be a very good coach”. 😂 https://t.co/TKosBAL5f6,Tue May 20 19:11:02 +0000 2025,44115,336,2661,1715778,False,False,True
1924905597306012024,FabrizioRomano,💙👋🏻 Man City fans pay tribute to Kevin De Bruyne on his final home appearance! https://t.co/2wU2kdSbFc,Tue May 20 19:10:32 +0000 2025,105753,494,6612,229628,False,False,True
1924905464451502526,FabrizioRomano,"🚨 Here we go podcast on Man United and Spurs.

◉ Cunha wants United regardless of UEL final.
◉ Spurs will try to find solution to keep Tel.
◉ Gyökeres remains on #MUFC shortlist for new striker.
◉ Dibling, Eze and more.

🎧 More @MenInBlazers: https://t.co/amSc50cWwE",Tue May 20 19:10:00 +0000 2025,9009,160,620,2825896,False,False,False
1924904158022324452,FabrizioRomano,"🚨🔵⚪️ Olivier Boscagli joins Brighton from PSV, done deal and here we go!

Agreement sealed for the centre back as @talksport reported today. New addition for Fabian Hürzeler. https://t.co/XSlj5S8yxs",Tue May 20 19:04:48 +0000 2025,19851,205,973,1980460,False,False,True
1924888133889368561,FabrizioRomano,"🚨⚪️ Spurs U18 talent Ellis Lehane has signed a new two year deal at Tottenham Hotspur today keeping him at the club until June 2027.

Despite approaches from UK and German clubs, Lehane has decided to stay at #THFC after scoring 17 goals in all youth competitions. https://t.co/1OdxxAR7PL",Tue May 20 18:01:08 +0000 2025,9875,106,374,1159486,False,False,True
1924884636586344593,FabrizioRomano,"🚨🔵 BREAKING: Rodri returns as part of Manchester City squad after long injury!

He’s on the bench tonight vs Bournemouth. https://t.co/3ItUSiDL5C",Tue May 20 17:47:14 +0000 2025,48482,548,2430,2008867,False,False,True
1924881651516981728,FabrizioRomano,"🚨🔵🔴 Barcelona have reached an agreement with Raphinha over new deal, all done! 💣

The Brazilian will sign until June 2028, one more important renewal for Barça with Deco’s huge work in recent months.

Flick signs new deal tomorrow… and then time for Raphinha. ✍🏻🔒 https://t.co/nU3P6nHmSU",Tue May 20 17:35:22 +0000 2025,64314,451,3936,3628896,False,False,True
1924865978963272083,FabrizioRomano,"🚨🔵⚪️ FC Porto are among clubs keen on signing Gabri Veiga from Al Ahli this summer.

He’s on the list and highly appreciated since January, as @marcosbenito9 reports.

Veiga could leave Saudi Pro League this summer. https://t.co/VhG26Rt1dT",Tue May 20 16:33:06 +0000 2025,18745,761,1127,2698011,False,False,True
1924858286660026580,FabrizioRomano,"🚨 Ange Postecoglou: “I’m not a clown”.

@BeanymanSports 🎥 https://t.co/f7mKYcJb4t",Tue May 20 16:02:32 +0000 2025,20215,609,1029,2209799,False,False,True
1924851860520747377,FabrizioRomano,"🚨 Postecoglou on whether he'd walk away from Spurs if he won the Europa League: “No, I don't think my job is done here”.

“I think a trophy would accelerate that and I think there's a lot still to be done”. https://t.co/hoIXDrABCM",Tue May 20 15:37:00 +0000 2025,31436,331,1300,1952368,False,False,True
1924851594270560687,FabrizioRomano,"🚨🚫 Lucas Bergvall will not be available against Man United, confirms Ange Postecoglou. https://t.co/B93X1FeH94",Tue May 20 15:35:56 +0000 2025,36498,484,1231,3142945,False,False,True
1924834419971371342,FabrizioRomano,🚨🇳🇱 Joshua Zirkzee has recovered from injury and he’s on his way to Bilbao with Man United squad. https://t.co/hgJW2nWBqP,Tue May 20 14:27:42 +0000 2025,52968,517,2643,1999621,False,False,True
1924823830532440433,FabrizioRomano,"🚨🔴⚪️ Atlético president Cerezo: “Julián Álvarez is a player of Atlético de Madrid, he’s very happy here, he is our player and he will remain our player”.

“He was raised at Atlético de Madrid and he will die at Atlético de Madrid”. https://t.co/M6kQHSYto5",Tue May 20 13:45:37 +0000 2025,74758,1212,2800,4228570,False,False,True
1924823802279591982,FabrizioRomano,"RT @10Ronaldinho: What if Pepsi’s new icons could go back in time? They wouldn’t think twice. Lauren James, @alexiaputellas, @Farah_Jefry ,…",Tue May 20 13:45:30 +0000 2025,0,0,551,217,False,False,False
1924812503264976974,FabrizioRomano,"🚨🇪🇸 Pepe Reina retires from professional football, leaves Como and he will sign at Villarreal as new coach of Juvenil A team. https://t.co/sI6zuV4xJq",Tue May 20 13:00:36 +0000 2025,46589,300,2229,1949742,False,False,True
1924812246758166948,FabrizioRomano,🚨🔵 Official: Abdoulaye Doucoure will leave Everton at the end of the season upon the expiry of his contract. https://t.co/Fp7zBuJ08K,Tue May 20 12:59:35 +0000 2025,35001,472,1541,93251,False,False,True
1924794947506520138,FabrizioRomano,"RT @FabrizioRomano: 🚨 Bayern remain clear favorites to sign Jonathan Tah as free agent ahead of Barcelona at this stage.

The official prop…",Tue May 20 11:50:51 +0000 2025,0,0,1125,181,False,False,False
1924788376881795390,FabrizioRomano,"🚨🇧🇷 One more round of talks between Inter and OM for Luis Henrique, agreement with the player since April…

…and then deal expected to be done. ⤵️✅",Tue May 20 11:24:44 +0000 2025,13161,182,676,2793601,False,False,False
1924779458944180724,FabrizioRomano,"🚨🔴⚫️ AC Milan are closing in on the agreement with Igli Tare as new sporting director.

Deal almost done, working on formal steps. @MatteMoretto 🤝🏻 https://t.co/NQGfU57fUU",Tue May 20 10:49:18 +0000 2025,14916,342,826,1801816,False,False,True
1924773067504439701,FabrizioRomano,"🚨 Jeremie Frimpong will sign his contract at Liverpool in the next 24 hours, deal confirmed.

Dutch RB has completed first and second part of his medical with formal steps and announcement to follow.

Here we go, confirmed. ✅ https://t.co/njG16krc7r",Tue May 20 10:23:54 +0000 2025,81223,769,5820,3628528,False,False,True
1924770792014860631,FabrizioRomano,"🚨 Diogo Dalot, Joshua Zirkzee and Leny Yoro, back in team training today for Man United ahead of tomorrow’s final. https://t.co/U94KC91MkV",Tue May 20 10:14:51 +0000 2025,79683,1007,5318,3022384,False,False,True
1924769610928136652,FabrizioRomano,✅🔴🔒 #LFC,Tue May 20 10:10:10 +0000 2025,41016,424,1988,3935728,False,False,False
1924765765435101519,FabrizioRomano,"⚪️⚫️ Fulham have triggered an extra year… but Harry Wilson will either sign a new deal or leave the club this summer.

Wilson, not expected to play on the year extension. https://t.co/UOh3RrOJlB",Tue May 20 09:54:53 +0000 2025,15216,203,647,1691401,False,False,True
1924736859957010848,FabrizioRomano,"🚨🇧🇷 More on Matheus Cunha exclusive story. Man United are set to approach also Wolves to proceed with £62.5m release clause payment in installments.

The deal is almost done on player side as revealed yesterday, with final details being clarified.

Cunha said YES. ⏳ https://t.co/zy3GUn5vtY",Tue May 20 08:00:01 +0000 2025,65721,1295,5209,4887403,False,False,True
1924736752096358698,FabrizioRomano,"🚨 Jürgen Klopp’s agent Mark Kosicke: “Reports on Klopp becoming new AS Roma manager are not true”, told @winwinallsports. https://t.co/281AAv4i8Y",Tue May 20 07:59:36 +0000 2025,33995,335,1868,54466,False,False,True
1924735342965620968,FabrizioRomano,"🚨🇳🇱 Laporta: “Frenkie de Jong new deal? His situation is urgent. We don’t want a player who only has a one-year contract”.

“He knows that and we’ve talked about it. He’s very motivated. We really like the Dutch school of play. With him, we dominate the game”, told TV3. https://t.co/jSCtmQConm",Tue May 20 07:54:00 +0000 2025,23287,235,1085,1414952,False,False,True
1924720998538215602,FabrizioRomano,"🚨 Joan Laporta on signing Erling Haaland: “Nothing in life is impossible”.

“Although, we’re not thinking that right now and he just renewed at City”, told TV3. https://t.co/XUowACCfSz",Tue May 20 06:57:00 +0000 2025,45641,501,1741,43890,False,False,True
1924706654022730033,FabrizioRomano,"🚨⚪️ Alvaro Carreras wants to join Real Madrid and his plan has not changed.

No bid or club to club talks yet but understand Real will approach Benfica after Taça de Portugal final to reach an agreement.

Carreras has already agreed terms with Real, as @SrNaninho reported. https://t.co/RcOdFraSkO",Tue May 20 06:00:00 +0000 2025,48800,774,2848,4847870,False,False,True
1924694322747764796,FabrizioRomano,"🚨 Laporta: “Raphinha’s new deal will happen. Deco has a strong connection with Rapha. The player feels very involved with the project”.

“We will reach an agreement because we want him to stay and he wants to stay”. https://t.co/4KzXWVXerl",Tue May 20 05:11:00 +0000 2025,27060,177,1199,1599511,False,False,True
1924693064511107261,FabrizioRomano,"🔴⚫️⭐️ Bayer Leverkusen gem Kerim Alajbegović has attracted interest from several top clubs as he’s considered one of the best 2007 born talents in Europe.

Bayer see Kerim as important part of long term project with future step/potential loan to be discussed soon. https://t.co/kBM4Y0MrEB",Tue May 20 05:06:00 +0000 2025,10034,135,448,30078,False,False,True
1924631647833497767,FabrizioRomano,"RT @FabrizioRomano: 🚨 EXCL: Manchester United are now closing in on Matheus Cunha deal! 💣

The Brazilian has accepted the project as agreem…",Tue May 20 01:01:57 +0000 2025,0,0,14119,90,False,False,False
1924622847894290560,FabrizioRomano,🚨📝 Laporta: “Lamine Yamal has already accepted our contract proposal. We just need him to sign as soon as he turns 18”. https://t.co/Uc82Kvr29M,Tue May 20 00:26:59 +0000 2025,55730,269,2178,39724,False,False,True
1924620755951645051,FabrizioRomano,🚨🔵🔴 Laporta: “Raphinha and Iñigo's renewals are also advanced. We want to complete all renewals and then new signings will come”. https://t.co/G1YorsThKI,Tue May 20 00:18:40 +0000 2025,31386,183,1221,1695764,False,False,True
1924620426950443078,FabrizioRomano,"🚨🇵🇱 Barça president Laporta: “We’ve signed Szczesny for his experience and we offered him a new contract”.

“We hope he continues!”, told TV3. https://t.co/S16srqWOua",Tue May 20 00:17:22 +0000 2025,28905,156,1076,1563739,False,False,True
1924608320221962571,FabrizioRomano,"🚨🇧🇷 Jorginho will play the FIFA Club World Cup as Flamengo player after receiving the green light from Arsenal.

Deal sealed. 🔴⚫️ https://t.co/AVwNjydlEg",Mon May 19 23:29:15 +0000 2025,119521,537,6284,5132963,False,False,True
1924590766459883689,FabrizioRomano,"🚨 Laporta on Nico Williams to Barça: “We valued Nico as potential signing last summer with Dani Olmo, but right now i think the club is valuing other players”. https://t.co/EBNMbATKDP",Mon May 19 22:19:30 +0000 2025,51882,473,1919,40970,False,False,True
1924586423404884167,FabrizioRomano,"🚨 Laporta on Barça summer plans: “There will be changes in our squad this summer”.

“Our rivals will also strengthen because they have seen that our team is the best right now”. https://t.co/xvl12xfKGn",Mon May 19 22:02:15 +0000 2025,42240,672,1877,2486172,False,False,True
1924583761020146127,FabrizioRomano,"🚨 Joan Laporta: “Barça will earn around €950m. That’s almost a billion euros”.

“We’re very confident that we’ll be within the 1:1 rule”, told TV3. https://t.co/SJ3SER7KbU",Mon May 19 21:51:40 +0000 2025,70710,819,3483,3459452,False,False,True
1924581337928720788,FabrizioRomano,"🚨 Harvey Elliott on his future: “It's about what's best for my career”.

“It's about reflecting and seeing what I can do. I'm here at the moment and I'm focusing on the final game”. https://t.co/vahlfwHGN5",Mon May 19 21:42:02 +0000 2025,23690,257,918,2120513,False,False,True
1924581040724603145,FabrizioRomano,"🚨 Arne Slot on Frimpong deal: “I think what we all know is the moment we announce it, that is the moment we talk about it in general”. https://t.co/1dr2BUXbDG",Mon May 19 21:40:51 +0000 2025,34099,151,1249,1718703,False,False,True
1924548960204566749,FabrizioRomano,"🚨 Angel Gomes confirms decision to leave Lille as free agent this summer.

Several clubs have started contacts to sign Gomes on free deal, OM are in the race and more clubs too. https://t.co/nj0ivmMWo3",Mon May 19 19:33:23 +0000 2025,24032,304,1225,2380145,False,False,True
1924548008240152606,FabrizioRomano,"🚨⚪️⚫️ Juventus director Giuntoli: “Igor Tudor future? Let me say, he’s had a great impact. He’s doing very well”.

“Tudor will stay with us for FIFA Club World Cup and then we will see”. https://t.co/S8fgqGT4jK",Mon May 19 19:29:36 +0000 2025,14387,139,611,1442431,False,False,True
1924534741597851684,FabrizioRomano,"🚨🇧🇷 Ricardo Kaká: “If the opportunity arises, I'm ready to return to the Seleção”. 

“I'm prepared. Since 2017 I wanted to prepare myself. I took business courses in sports at Harvard, I took the coach course at CBF, I have experience in national team, World Cup”, told Caze TV. https://t.co/AjtWrpmcJJ",Mon May 19 18:36:53 +0000 2025,50592,296,2652,2241780,False,False,True
1924469398833672459,FabrizioRomano,"🚨🔵 Manchester City have currently left the negotiations for Florian Wirtz.

Talks were never advanced or at final stages, just initial approaches but City believe full package is too expensive, as @SamiMokbel_BBC reports.

👀 Morgan Gibbs-White remains on Man City shortlist. https://t.co/J90R5WPhOc",Mon May 19 14:17:14 +0000 2025,62919,1299,3574,5216406,False,False,True
1924469000643268756,FabrizioRomano,"💙❤️✍🏻 Hansi Flick’s new deal at Barça until June 2027, to be announced this week.",Mon May 19 14:15:39 +0000 2025,26055,206,1225,2887140,False,False,False
1924468801002697012,FabrizioRomano,RT @FabrizioRomano: 🚨🔵 Manchester City plan to advance on Morgan Gibbs-White deal in the next weeks as he remains one of the priority targe…,Mon May 19 14:14:51 +0000 2025,0,0,2446,154,False,False,False
1924468608131887276,FabrizioRomano,"🚨 Bayern remain clear favorites to sign Jonathan Tah as free agent ahead of Barcelona at this stage.

The official proposal from Bayern for long term deal is in player’s hands, now up to Tah to make a decision soon. https://t.co/Zg3aMoTfWo",Mon May 19 14:14:05 +0000 2025,26305,300,1125,2915106,False,False,True
1924451802256117765,FabrizioRomano,"🚨 Official: Ballon d'Or ceremony will take place on September 22, 2025 in Paris.

Who’s your winner? ✨ https://t.co/SNZZX8NeuB",Mon May 19 13:07:18 +0000 2025,125907,7609,7301,16173792,False,False,True
1924431408208007269,FabrizioRomano,"🚨🔵 Como see Cesc Fabregas as fully involved in their long term project and also crucial in transfer decisions.

Fabregas is key also for the first big signing planned by Como for this summer, Yeremay.

Italian club plans to trigger the release clause in excess of €30m. https://t.co/a3dhrJ4nAO",Mon May 19 11:46:16 +0000 2025,24944,265,1254,19413,False,False,True
1924396376940511613,FabrizioRomano,"🚨 EXCL: Manchester United are now closing in on Matheus Cunha deal! 💣

The Brazilian has accepted the project as agreement on personal terms is now being finalised, almost done.

Final details to sort between all parties involved… and then, here we go. 🇧🇷 https://t.co/4UKlMe3ipj",Mon May 19 09:27:04 +0000 2025,148034,3228,14119,20058873,False,False,True
1924396327967814023,FabrizioRomano,"RT @GiveMeSport: 🚨 Major news for #MUFC fans from @FabrizioRomano !

✅️ Already approved by Ruben Amorim
🗣️ Fresh contact in last 48 hours…",Mon May 19 09:26:52 +0000 2025,0,0,303,104,False,False,False
1924391863328329820,FabrizioRomano,"🚨 BREAKING: Francesco Farioli has now decided to leave Ajax with immediate effect.

The head coach has informed the club’s board of his decision. https://t.co/30ldLyKaLc",Mon May 19 09:09:08 +0000 2025,46203,801,2203,5065831,False,False,True
1924387552754053485,FabrizioRomano,"🚨 Olympique Lyon confirm Rayan Cherki will leave the club in the summer, as player announced over the weekend.

He’s ready for new chapter. 👀 https://t.co/Bipi1v7vCb",Mon May 19 08:52:00 +0000 2025,45068,1057,2128,3609817,False,False,True
1924359375155839174,FabrizioRomano,"🚨 Understand Liverpool have contacted Bournemouth for Milos Kerkez deal with talks now advancing!

Liverpool are also completing the agreement on personal terms with Kerkez, keen on the move.

Negotiations underway between clubs on transfer fee. https://t.co/RXonkKteo5",Mon May 19 07:00:02 +0000 2025,102656,2576,9115,774346,False,False,True
1924352319551926562,FabrizioRomano,"🚨🇷🇸 The plan remains for Dusan Vlahović to part ways with Juventus this summer.

No negotiations to extend his contract at the club currently expiring in June 2026, and his departure remains the most likely outcome. https://t.co/ik8IxdQPZR",Mon May 19 06:32:00 +0000 2025,34337,868,1703,3780312,False,False,True
1924344271068369177,FabrizioRomano,"🔵🔴 Hansi Flick on plans for next season: “I have seen people crying of joy from our success and that's fantastic”.

“It's a responsibility for me to improve next season”. https://t.co/tLbKqiFPuH",Mon May 19 06:00:01 +0000 2025,44209,297,2239,1717565,False,False,True
1924331086928118025,FabrizioRomano,"🚨🩺 Final part of medical plus contract signing to take place in the next hours for Jeremie Frimpong as new Liverpool player.

€35m release clause has been activated. https://t.co/HmV4NxqDBJ",Mon May 19 05:07:38 +0000 2025,53587,377,3188,2659341,False,False,True
1924322800543687029,FabrizioRomano,"🚨 Bayern hope to have Jonathan Tah’s green light as soon as possible after they sent contract proposal to the defender.

More contacts expected to take place soon as Barcelona remain interested but nothing was done/sealed with Spanish side. https://t.co/ljZN2wZMV5",Mon May 19 04:34:42 +0000 2025,17301,216,790,1776120,False,False,True
1924322272132702332,FabrizioRomano,"🔵 Iliman Ndiaye reached 9 goals on his first season at Everton with club happy with his performances.

Brace yesterday on the last game ever at Goodison Park. https://t.co/q1Q3DoLogs",Mon May 19 04:32:36 +0000 2025,18997,178,729,1764783,False,False,True
1924261604054491591,FabrizioRomano,🚨🔙 Marc Bernal: “I think I’ll be ready to return on the pitch around August this year”. https://t.co/YLDGh63S2W,Mon May 19 00:31:32 +0000 2025,45603,244,1805,4258659,False,False,True
1924235272012640661,FabrizioRomano,"🚨👀 Hansi Flick: “I know what signings I want for this team. I'll talk to Deco about this, because we need some time to discuss it”. https://t.co/OF5C31AaOV",Sun May 18 22:46:54 +0000 2025,66693,499,2936,22200,False,False,True
1924234976750342186,FabrizioRomano,"🚨 Arne Slot: “I think we can find one or two extra weapons that this team doesn’t have”.

“Maybe by using the transfer market. That will only make us stronger. That is what we need because we saw City spending £200 million in January transfer window. All of them will”. https://t.co/qnlGklZvQz",Sun May 18 22:45:43 +0000 2025,32081,318,1593,2218333,False,False,True
1924216449586823384,FabrizioRomano,"🤍❤️👋🏻 Angelito Correa says goodbye to Atlético Madrid fans… as he’s set to join Mexican side Tigres.

New chapter, soon. 🇲🇽 https://t.co/KDwstoq3so",Sun May 18 21:32:06 +0000 2025,63079,312,2860,2649234,False,False,True
1924208974062084183,FabrizioRomano,💛❤️ AS Roma fans pay tribute and say goodbye to Claudio Ranieri. 👏🏻 https://t.co/kf94uogZ52,Sun May 18 21:02:24 +0000 2025,101246,488,6650,3225748,False,False,True
1924173507098788077,FabrizioRomano,⚪️🇫🇷 Kylian Mbappé scores again reaching 41 goals in all competitions on his first season at Real Madrid! https://t.co/De9Moi4Yn7,Sun May 18 18:41:28 +0000 2025,80416,656,4198,2611507,False,False,True
1924173449439674690,FabrizioRomano,⚪️🇫🇷 Kylian Mbappé scores again reaching 41 goals in all competitions on his first season at Real Madrid. https://t.co/EUTJeLdAJH,Sun May 18 18:41:14 +0000 2025,36460,331,1784,1683081,False,False,True
1924164959178527178,FabrizioRomano,"🚨 Declan Rice: “Hopefully we strengthen in the summer, we sign more players, because we’re probably going to lose a few”.

“With the team we’ve got, with the manager we’ve got, we need to be competing for titles. Next year, we’ll be back”, told Sky Sports. https://t.co/AMNP3Ngg6O",Sun May 18 18:07:30 +0000 2025,37878,883,2113,2164601,False,False,True
1924162184931676506,FabrizioRomano,💛❤️ Galatasaray are Turkish champions! 🏆 https://t.co/h2E27Sa5AY,Sun May 18 17:56:28 +0000 2025,143313,1113,7899,2908280,False,False,True
1924160714324709766,FabrizioRomano,"🚨 Mikel Arteta on this summer: “The ones upstairs will do what they have to do”.

“Enjoy the season, go to the beach, and have a good time”. https://t.co/7tG1e8UAe0",Sun May 18 17:50:38 +0000 2025,33233,348,1735,1664218,False,False,True
1924159427260592365,FabrizioRomano,"RT @FabrizioRomano: 🚨 Jeremie Frimpong has completed first part of his medical as new Liverpool player, plan confirmed.

Contract until Jun…",Sun May 18 17:45:31 +0000 2025,0,0,4614,111,False,False,False
1924159384768176418,FabrizioRomano,"🔵🔴 Lamine Yamal scores again with his trademark beautiful goal… and makes it 19 goals, 22 assists this season. https://t.co/0OwbzmZWfN",Sun May 18 17:45:21 +0000 2025,101556,951,5560,8911893,False,False,True
1924155913633468878,FabrizioRomano,"🚨 Jeremie Frimpong has completed first part of his medical as new Liverpool player, plan confirmed.

Contract until June 2030 set to be signed as next step then deal official.

Here we go, confirmed… and #LFC still want to add a left back this summer. 👀 https://t.co/r1WmecPZAx",Sun May 18 17:31:33 +0000 2025,63994,758,4614,36425,False,False,True
1924155542571823254,FabrizioRomano,Arsenal beat Newcastle! 🔴⚪️ https://t.co/896dUMgQR7,Sun May 18 17:30:05 +0000 2025,29460,352,1045,1221958,False,False,True
1924155155651461589,FabrizioRomano,"RT @FabrizioRomano: 🚨 BREAKING: Jeremie Frimpong set to join Liverpool, here we go! 🔴💣

Agreement done for Dutch right back as Bayer Leverk…",Sun May 18 17:28:32 +0000 2025,0,0,23052,74,False,False,False
1924145511092592995,FabrizioRomano,First two goals ever for Cristiano Ronaldo Jr with Portugal U15! ✨🇵🇹 https://t.co/pB9eOElOOq,Sun May 18 16:50:13 +0000 2025,86403,896,6115,3653168,False,False,True
1924113347084988859,FabrizioRomano,"Get well soon, Taiwo. ❤️✊🏾 https://t.co/dZrUG91OjA",Sun May 18 14:42:24 +0000 2025,96354,413,5614,2121883,False,False,True
1924112113166889225,FabrizioRomano,💙🦊 Jamie Vardy scores his 200th Leicester goal on his 500th game for the club… the last one. Legend. ✨ https://t.co/XG0O3XlqJq,Sun May 18 14:37:30 +0000 2025,169749,674,11697,30375,False,False,True
1924109075249246703,FabrizioRomano,🚨🏆 PSV Eindhoven win Eredivisie title for the 26th time! 🇳🇱 https://t.co/UuD4fpyZYn,Sun May 18 14:25:26 +0000 2025,59285,456,2988,2048757,False,False,True
1924090691136668107,FabrizioRomano,"RT @FabrizioRomano: 🚨🇸🇪 Despite public statements, Viktor Gyökeres will surely leave Sporting this summer with a fee already agreed.

Packa…",Sun May 18 13:12:23 +0000 2025,0,0,3397,71,False,False,False
1924090662166655059,FabrizioRomano,"🔵🔴 Barça president Laporta: “We want Ansu Fati to continue, he has a valid contract”.

“He's an extraordinary man. He's a player who's gone through difficulties. I'd love for him to return and get more minutes”. https://t.co/6qKFg9gazR",Sun May 18 13:12:16 +0000 2025,50199,476,2391,2035340,False,False,True
1924090316564381898,FabrizioRomano,"🚨 Josh Kroenke’s message to Arsenal fans: “We plan to invest to get behind winning and doing better next season”. 

“Our sporting director, Andrea, will play an important role in this. We are crystal clear on exactly what we need to do and the way in which we want to do it”. https://t.co/RFrPhH61dQ",Sun May 18 13:10:53 +0000 2025,35042,869,2695,2121259,False,False,True
1924075758995046610,FabrizioRomano,"🚨🇸🇪 Despite public statements, Viktor Gyökeres will surely leave Sporting this summer with a fee already agreed.

Package worth around €65m can be enough to get green light from Sporting as agreed with Gyökeres months ago.

Discussions with top European clubs continue. https://t.co/7jCS1c9Bm3",Sun May 18 12:13:03 +0000 2025,55197,1521,3397,4683177,False,False,True
1924075741789983223,FabrizioRomano,"🔴🟡 Will Still leaves RC Lens with positive result as the team got +1 point compared to last season…

…mantaining their level despite selling Khusanov for €40m, Danso €25m, Samba €15m, Frankowski €10m thanks to Will Still’s job and Diego Lopez in the Sporting Direction. https://t.co/A8WwiN3HjH",Sun May 18 12:12:59 +0000 2025,13677,129,604,1237198,False,False,True
1924063063256293830,FabrizioRomano,"🚨 Laporta confirms Barça plan to get new deal done for Raphinha: “Yes, he has been exceptional. His new contract is one of the pending issues that we hope to resolve in the coming days/weeks”.

“We don't want any player with 1 year left on contract”, told La Vanguardia. https://t.co/p7W9BUpoxH",Sun May 18 11:22:36 +0000 2025,28143,201,1363,1450330,False,False,True
1924062266250453074,FabrizioRomano,"🚨🇵🇱 Laporta: “We want Szczesny to stay at Barça. The other day he was celebrating the victory while smoking a cigar. I saw he wanted to stay”, told La Vanguardia.

“We also have good goalkeepers in the reserve team and in the youth team”. https://t.co/Xm5xjwkM8t",Sun May 18 11:19:26 +0000 2025,42231,272,1796,1933645,False,False,True
1924051687968223591,FabrizioRomano,"🚨🔐 Barcelona president Laporta: “Lamine Yamal’s contract renewal has already been agreed upon”.

“Now all that remains is the official signing”. https://t.co/Svi5Rm99bb",Sun May 18 10:37:24 +0000 2025,64214,314,2893,1932292,False,False,True
1924040824196620472,FabrizioRomano,"🚨🩺 Plan confirmed for Jeremie Frimpong, set to travel for medical and then sign the contract until June 2030 as new Liverpool player.

It’s all set for the Dutch right back to join #LFC. https://t.co/4UC1S6qGSt",Sun May 18 09:54:14 +0000 2025,50917,391,3006,1881917,False,False,True
1924040060904542529,FabrizioRomano,"🚨 Barça president Laporta: “We're working on renewing Frenkie de Jong’s contract”.

“For sure he’s very excited to stay and we're absolutely determined to do whatever it takes to ensure he stays”. https://t.co/LTntxPrra5",Sun May 18 09:51:12 +0000 2025,48371,310,2007,1904767,False,False,True
1924030945268552083,FabrizioRomano,"🚨 Mikel Arteta on the reasons why Arsenal didn’t win the Premier League: “Red cards and injuries - for sure”.

“Would we be much closer? For me the answer is, without a question, yes”, told Sky Sports. https://t.co/f0a05ELmTd",Sun May 18 09:14:58 +0000 2025,38959,3082,2176,29123,False,False,True
1923987666456150042,FabrizioRomano,"🤍 Dani Carvajal: “It's been a long journey. My sports career is already nearing the end. I hope not, but I have to be realistic”. https://t.co/2GO5L7sKYW",Sun May 18 06:23:00 +0000 2025,51132,390,1847,1970335,False,False,True
1923864066306498991,FabrizioRomano,"RT @FabrizioRomano: 🚨💣 Rayan Cherki has decided to LEAVE Olympique Lyon this summer, the plan has been announced by the player in mixed zon…",Sat May 17 22:11:51 +0000 2025,0,0,4168,86,False,False,False
1923863565716369415,FabrizioRomano,"🚨🟡🔴 BREAKING: Will Still leaves RC Lens, decision has been made.

32 year old coach returns to England due to personal reasons. https://t.co/fhkXH5mtI2",Sat May 17 22:09:52 +0000 2025,56357,427,1958,19999,False,False,True
1923858796654256345,FabrizioRomano,"🚨💣 Rayan Cherki has decided to LEAVE Olympique Lyon this summer, the plan has been announced by the player in mixed zone tonight.

“Thanks to OL, the coach, the staff, the president, my teammates and all people at the club”. https://t.co/SmKeUX55Ec",Sat May 17 21:50:55 +0000 2025,81955,1463,4168,6852716,False,False,True
1923857338957431071,FabrizioRomano,"🚨👋🏻 Angel Di Maria leaves Benfica as free agent at the end of the season, decision has been made.

Di Maria won’t even be part of Benfica squad at FIFA Club World Cup. https://t.co/WSE3vDkf0F",Sat May 17 21:45:07 +0000 2025,61621,475,2904,2448635,False,False,True
1923857037559005567,FabrizioRomano,"🚨 Viktor Gyökeres: “My next club? We can’t predict the future. We never know what happens”.

“I’m focused now on celebrating this title and try win the Taça de Portugal”. https://t.co/R2kxcrbvpC",Sat May 17 21:43:55 +0000 2025,78585,625,3376,2941909,False,False,True
1923852725692846455,FabrizioRomano,"🚨 Kevin De Bruyne: “I’m speaking to clubs about my future, yes. I want to play good football, whatever the decision”.

“Staying in England? I t depends who comes... I have a family, kids, I have to take care of a decision that suits everybody. The decision is complex”, told Sky. https://t.co/9P68OeOuqu",Sat May 17 21:26:47 +0000 2025,53180,631,2666,2841175,False,False,True
1923851989835788738,FabrizioRomano,"🔵🇧🇷 Andrey Santos has scored 10 goals in Ligue1, crucial player for Strasbourg this season.

He’s set to return to Chelsea in June as part of FIFA Club World Cup squad. 🔙 https://t.co/7voJvs402Q",Sat May 17 21:23:52 +0000 2025,37795,249,2167,1517610,False,False,True
1923823306727170354,FabrizioRomano,"🚨🦁 39 goals in 34 games in Portuguese league this season for Viktor Gyökeres, winning the title once again with Sporting.

…and now preparing his exit with £60m move expected to happen this summer. https://t.co/5X802QyKq2",Sat May 17 19:29:53 +0000 2025,161994,2377,9424,43767,False,False,True
1923819495283478590,FabrizioRomano,"💚🦁 Sporting Clube de Portugal win the league again, making history! 🇵🇹 https://t.co/EefCyWfjlh",Sat May 17 19:14:45 +0000 2025,104752,555,6464,2664511,False,False,True
1923803561042821161,FabrizioRomano,"❤️💙🦅 Special moment for Crystal Palace, winning their first major trophy ever and ready for European football for the first time.

🏆 FA Cup win.
🇪🇺 Europa League football.
⚔️ Community Shield vs Liverpool. https://t.co/CdB9pQnZt8",Sat May 17 18:11:26 +0000 2025,53542,448,3570,1876491,False,False,True
1923802667161157700,FabrizioRomano,✅🦅 Crystal Palace gem Adam Wharton has missed celebrations and FA Cup presentation for concussion checks from KDB shot. https://t.co/aXyocXcWmV,Sat May 17 18:07:53 +0000 2025,64161,319,2195,3754571,False,False,True
1923798590314492036,FabrizioRomano,💙👋🏻 Kevin De Bruyne after his last final as Man City player. 🥺 https://t.co/nQgN7odUYO,Sat May 17 17:51:41 +0000 2025,118492,719,5578,2406408,False,False,True
1923798405958037617,FabrizioRomano,"🦅🚫 Dean Henderson: “I already knew I would save Marmoush' penalty, I knew where he was going”.

“I lost my dad at the start of the season. And I'll miss him here today, but he was with me every kick of the ball. I dedicate that win to him”. https://t.co/RB4ZVt7mWe",Sat May 17 17:50:57 +0000 2025,143243,689,7554,4542735,False,False,True
1923794008939065823,FabrizioRomano,🚨🏆 Crystal Palace will play Europa League football next season! 🇪🇺 https://t.co/qdyBAvOFLl,Sat May 17 17:33:28 +0000 2025,228755,1437,15646,4586088,False,False,True
1923793426350235716,FabrizioRomano,❤️💙🦅 Crystal Palace win the first major trophy in their history! 🏆 https://t.co/z9R0rmxCwe,Sat May 17 17:31:09 +0000 2025,133825,1440,9087,3354746,False,False,True
1923788159575261278,FabrizioRomano,"🚨🔵 Claudio Echeverri makes his debut for Man City at Wembley in FA Cup final, after playing zero minutes since February.

Big moment for the Argentinian talent who joined the club from River Plate. https://t.co/MY9fknCSxG",Sat May 17 17:10:14 +0000 2025,34203,263,1397,1735627,False,False,True
1923784865494819023,FabrizioRomano,"🚨Jeremie Frimpong, first summer signing for Liverpool. 🇳🇱 https://t.co/jfvV1RLkUI",Sat May 17 16:57:08 +0000 2025,71803,639,5131,2522885,False,False,True
1923770350988325180,FabrizioRomano,"🚨⚽️ Harry Kane, Bundesliga topscorer with 26 goals this season. https://t.co/mo9SHvsjy3",Sat May 17 15:59:28 +0000 2025,106571,959,5387,2715395,False,False,True
1923767877745733683,FabrizioRomano,"🔴🔵🦅 13 goals, 11 assists for Eberechi Eze at Crystal Palace this season…

…and one more crucial goal today at Wembley vs Man City. https://t.co/QxHaxlFERm",Sat May 17 15:49:38 +0000 2025,37473,395,1927,1688008,False,False,True
1923763873112277429,FabrizioRomano,"🚨 BREAKING: Jeremie Frimpong set to join Liverpool, here we go! 🔴💣

Agreement done for Dutch right back as Bayer Leverkusen are informed on €35m release clause being triggered.

Understand Frimpong will sign a five year deal with medical now being scheduled.

New RB for #LFC. https://t.co/Nw1UKQTboH",Sat May 17 15:33:43 +0000 2025,204613,2786,23052,16906934,False,False,True
1923762864063385739,FabrizioRomano,"🚨🚫 RB Leipzig will NOT play in any European competition for the first time since season 2016/17.

…both Xavi Simons and Benjamin Šeško are expected to leave the club this summer. https://t.co/P4JIchoQrV",Sat May 17 15:29:43 +0000 2025,75088,757,3670,3669080,False,False,True
1923760213808595041,FabrizioRomano,"🚨 César Azpilicueta will play his final game at the Metropolitano this Sunday, not extending his contract with Atlético. 

Azpi won’t return to play for Premier League clubs out of respect for Chelsea.

He can stay in Europe with good project or move to another continent. https://t.co/r301b33P0B",Sat May 17 15:19:11 +0000 2025,58393,1181,4271,2778154,False,False,True
1923753640180806115,FabrizioRomano,🔴⚪️🧞‍♂️ 15 assists for Michael Olise on his first season at Bayern. Massive signing. https://t.co/BsSTZKOEMR,Sat May 17 14:53:04 +0000 2025,41206,350,1893,1530477,False,False,True
1923753602964717956,FabrizioRomano,"RT @gamdomsport: ⚽️ Let’s talk about the future of football! ⚽️

Lamine Yamal 🆚 Arda Güler

On one side: a 17-year-old carrying Barcelona o…",Sat May 17 14:52:55 +0000 2025,0,0,225,50,False,False,False
1923732475718590520,FabrizioRomano,"🚨⚪️ Ancelotti: “Real Madrid got a very good player with Huijsen, very very good. I’m happy at this club will always be at top level”.

“Under me as head coach the club signed Camavinga, Tchouaméni, Rüdiger, Bellingham, Mbappé... could I ask for more? No”. https://t.co/uO2dAI9iny",Sat May 17 13:28:58 +0000 2025,27193,218,1207,1281325,False,False,True
1923731560966103408,FabrizioRomano,"🚨🔵 João Virginia leaves Everton on a free transfer as the goalkeeper won’t sign new deal at the club.

He’s ready for new chapter as recently signed with Gestifute as new agency. https://t.co/LiCga2O0io",Sat May 17 13:25:19 +0000 2025,10202,133,424,1106359,False,False,True
1923727756652634403,FabrizioRomano,"🤍✨ Sergio Ramos’ message to Dean Huijsen: “All the best, brother. Go for it all”. https://t.co/V2GnYLRlbq",Sat May 17 13:10:12 +0000 2025,105156,440,4815,4360413,False,False,True
1923726027726925889,FabrizioRomano,"🚨✍🏻 Conor Bradley signs new deal at Liverpool valid until June 2029, done and sealed. https://t.co/XlLaTaQuK7",Sat May 17 13:03:20 +0000 2025,55853,405,3199,1884498,False,False,True
1923718768166928653,FabrizioRomano,"🚨 Joshua Guilavogui plans to leave Leeds United as free agent this summer.

He’s open to new chapter with contract due to expire in the coming weeks. https://t.co/PYvo1CtBdM",Sat May 17 12:34:29 +0000 2025,15198,225,633,1589201,False,False,True
1923713218301636681,FabrizioRomano,"🚨 Ancelotti: “Barcelona performed brilliantly and should be congratulated”.

“They were the most consistent team in the league and played very beautiful football. Yes, they deserved to win this title”.

“Next season is gonna be a different story”. https://t.co/eN3Qt0kFNs",Sat May 17 12:12:26 +0000 2025,48830,540,2388,1780107,False,False,True
1923690700136202507,FabrizioRomano,"RT @FabrizioRomano: 🚨💣 Xavi Simons’ decision has been made: he’s ready to leave RB Leipzig this summer.

Plan confirmed as reported in the…",Sat May 17 10:42:58 +0000 2025,0,0,2471,61,False,False,False
1923681033678938402,FabrizioRomano,"🚨 OFFICIAL: Real Madrid confirm Dean Huijsen as first new signing for the new season.

Contract until June 2030, as reported. 🇪🇸 https://t.co/PWfIJ9hyuI",Sat May 17 10:04:33 +0000 2025,69727,703,4218,2357546,False,False,True
1923677757063454741,FabrizioRomano,⚪️✍🏻🔐 Official soon.,Sat May 17 09:51:32 +0000 2025,28612,410,1003,2968664,False,False,False
1923663027565625717,FabrizioRomano,"🚨 Emi Martínez will assess all the options also from Europe after Saudi Pro League clubs approaches, as he’s expected to leave Aston Villa.

Villa are among several clubs showing interest in Joan García, open race ahead. https://t.co/O9cfVDRBxL",Sat May 17 08:53:00 +0000 2025,42516,520,2082,3168218,False,False,True
1923652709741142157,FabrizioRomano,"🚨🔵 Enzo Maresca: “I don't think since I've been here we've spent more money than other clubs, just the same money”.

“But we are building something important. People have to trust us. The club is working well, and hopefully in the future we can fight for important titles”. https://t.co/N3GhNrToBr",Sat May 17 08:12:00 +0000 2025,19601,463,1009,1288614,False,False,True
1923624020513091902,FabrizioRomano,"🚨⚪️ Understand Dean Huijsen has now signed his contract as new Real Madrid player!

Deal completed, all signed also between clubs with Bournemouth for £50m fee.

Contract until June 2030, medical done yesterday in London.

Huijsen will be ready to play the FIFA Club World Cup. https://t.co/vHW6p484wK",Sat May 17 06:18:00 +0000 2025,39183,609,2931,4907930,False,False,True
1923622007209390136,FabrizioRomano,"🚨 Rúben Amorim: “I’m happy with Højlund. All the team has to improve. But the way he runs, he fights for every ball”.

“He loses a lot of duels, wins some duels. He needs to improve the connection, but he's improving. He just needs to continue to work hard”. https://t.co/q3VNMZjrTT",Sat May 17 06:10:00 +0000 2025,24147,1212,1102,1848718,False,False,True
1923619496272466226,FabrizioRomano,"🚨🇪🇸 Alberto Moleiro, expected to leave Las Palmas in the summer as current deal expires in June 2026 and he won’t extend.

Moleiro was in the list at Villarreal in January while more clubs have joined the race to sign him now. https://t.co/4iuokDufAN",Sat May 17 06:00:01 +0000 2025,13811,168,632,1523922,False,False,True
1923574652305031206,FabrizioRomano,"🚨🟢⚪️ Real Betis are planning to sign Brazilian defender Natan on permanent deal from Napoli for €8m.

Decision follows a very good loan spell at the club. https://t.co/Tbp6YqGEfi",Sat May 17 03:01:50 +0000 2025,17753,142,715,1623648,False,False,True
1923572179095937492,FabrizioRomano,"🔵🏆 Reece James: “The Champions League is where Chelsea belongs, competing in the big competitions”. https://t.co/a74D7RcLp0",Sat May 17 02:52:00 +0000 2025,69320,410,4392,2039335,False,False,True
1923555564434387020,FabrizioRomano,🚨 Rúben Amorim: “This performance has helped me a lot to choose the starting 11 for the final...”. https://t.co/Zoz9qB9sz0,Sat May 17 01:45:59 +0000 2025,79426,1033,3288,3510438,False,False,True
1923502657399935108,FabrizioRomano,"🚨 Maresca: “The problem is that the press thinks it is the same Chelsea from years ago. It is NOT the same”.

“It is about building something important. People have to trust us - we are going in the right direction”. https://t.co/0mD7nPZ7TH",Fri May 16 22:15:45 +0000 2025,27333,619,1383,1590355,False,False,True
1923499570069115128,FabrizioRomano,"🔵🇪🇸 Five Premier League goals for Marc Cucurella this season.

Reece James: “I knew I had space and time. I knew if I put the ball in that area, Cucu is always arriving. I knew he'd get on the end of it... even with my eyes closed”. https://t.co/eW3mVZEKLA",Fri May 16 22:03:29 +0000 2025,50290,426,3281,1875736,False,False,True
1923496097411944496,FabrizioRomano,"🔵⚡️ Chelsea never considered Reece James exit despite reports in the recent months and years, always been key part of the project.

…and tonight, one more crucial assist to help in big moment for the Blues. https://t.co/4QNS4BcmKP",Fri May 16 21:49:41 +0000 2025,48922,448,3203,1892137,False,False,True
1923487559323103497,FabrizioRomano,🚨📈 Crucial win for Chelsea! https://t.co/Fe26M8dEX9,Fri May 16 21:15:45 +0000 2025,63438,640,3400,2139109,False,False,True
1923484143297413593,FabrizioRomano,"🚨🇦🇷 Dibu Martínez, emotional at FT as this could be his last appearance at Aston Villa — not sure yet but a possibility ahead of summer window.

Understand Saudi Pro League clubs have approached Martínez in the recent weeks. 🇸🇦

@tkenny46 📸 https://t.co/8LC19JRPAE",Fri May 16 21:02:11 +0000 2025,32920,438,1680,9997,False,False,True
1923472683305418936,FabrizioRomano,"RT @FabrizioRomano: 🚨🔵 Understand Como are intentioned to pay release clause in excess of €30m for Deportivo gem Yeremay.

Cesc Fabregas wa…",Fri May 16 20:16:38 +0000 2025,0,0,967,27,False,False,False
1923471016291885154,FabrizioRomano,"🚨⚪️ Dean Huijsen has completed and passed his medical tests as new Real Madrid player in London!

Contract are being prepared for deal verbally closed today for £50m release clause, five year contract. https://t.co/k6sqtHoiAw",Fri May 16 20:10:01 +0000 2025,53555,562,3369,2315168,False,False,True
1923449752831545727,FabrizioRomano,"🚨🔵 Understand Como are intentioned to pay release clause in excess of €30m for Deportivo gem Yeremay.

Cesc Fabregas wants Yeremay at Como since January and talks now continue on personal terms, discussions underway.

Contract terms remain the key step to get the deal done. https://t.co/wH93oqVBdV",Fri May 16 18:45:31 +0000 2025,17615,308,967,2978004,False,False,True
1923449726323626053,FabrizioRomano,"🎧 Here we go podcast on Liverpool.

◉ Darwin Nunez still planning to leave.
◉ Frimpong approved by Arne Slot.
◉ Konaté talks not advancing so far.
◉ Van Dijk said no to Saudi crazy bid.

🎥 More @MenInBlazers: https://t.co/cAP2E25TTE",Fri May 16 18:45:25 +0000 2025,7636,102,417,2357536,False,False,False
1923426507277377917,FabrizioRomano,"🚨✍🏻 Barcelona vice president Rafa Yuste: “We might announce Hansi Flick’s new deal next week”.

It’s all done and sealed until June 2027. https://t.co/rBi0HChORC",Fri May 16 17:13:09 +0000 2025,35062,232,1650,1391960,False,False,True
1923419040103518646,FabrizioRomano,"⚪️📱 Xabi Alonso see Dean Huijsen as the perfect centre back for Real Madrid’s present and future.

He’s been crucial to make the deal happen and anticipate Premier League clubs. https://t.co/rGUXrEG6p7",Fri May 16 16:43:29 +0000 2025,43493,351,2109,1884892,False,False,True
1923418829864030650,FabrizioRomano,"RT @GiveMeSport: ✒️ @FabrizioRomano reports for GMS:

📝 Contract finalised + medical completed today
🔴 Arsenal, Chelsea and Liverpool in ra…",Fri May 16 16:42:39 +0000 2025,0,0,186,17,False,False,False
1923401379986477342,FabrizioRomano,"RT @FabrizioRomano: 🚨 BREAKING: Real Madrid agree all details of deal to sign Dean Huijsen, here we go! 🤍⭐️

Huijsen undergoing medical NOW…",Fri May 16 15:33:18 +0000 2025,0,0,18239,36,False,False,False
1923397690903146785,FabrizioRomano,"⚪️🇪🇸 Understand Dean Huijsen’s now in London undergoing main part of medical tests as new Real Madrid player.

All approved by Bournemouth including medical, contract signing to take place soon and Dean’s presence at Club World Cup. https://t.co/B3IskFH5zV",Fri May 16 15:18:39 +0000 2025,38429,377,2279,2100675,False,False,True
1923396405298688138,FabrizioRomano,"🚨 BREAKING: Real Madrid agree all details of deal to sign Dean Huijsen, here we go! 🤍⭐️

Huijsen undergoing medical NOW then set to sign five year deal until 2030, Real Madrid will pay £50m to Bournemouth.

Real see Huijsen as top talent and Xabi Alonso wanted to bring him in. https://t.co/P4K9nK63bN",Fri May 16 15:13:32 +0000 2025,174042,2521,18239,12837821,False,False,True
1923394853490094305,FabrizioRomano,"🚨⚪️ Dean Huijsen’s presence at the FIFA Club World Cup with Real Madrid was never in doubt, already agreed after initial contact between clubs.

He will be at the Club World Cup and his contract being sealed in these hours will be valid for FIVE years, 2030. ⏳🏁 https://t.co/vLFp9PiYBZ",Fri May 16 15:07:22 +0000 2025,76230,386,4296,2917700,False,False,True
1923375753887944951,FabrizioRomano,"🚨 Tottenham Hotspur top talent Mikey Moore has signed with new agents as he will be represented by Unique Sports Group.

Spurs gem signed deal at the club until June 2027 last summer, one more addition for USG after Ethan Nwaneri. https://t.co/5DS4EaV7oN",Fri May 16 13:51:28 +0000 2025,17116,136,738,1718811,False,False,True
1923366606022877457,FabrizioRomano,"🚨🔵 Pep Guardiola on Florian Wirtz deal: “It’s not the time to talk about that... before the final, no comment. I have 24 exceptional players”.

“I'm not going to talk one second about the future”. https://t.co/CCUj6XauX7",Fri May 16 13:15:07 +0000 2025,40889,277,1744,1991082,False,False,True
1923360931146322220,FabrizioRomano,🚨🤐 Arne Slot on Frimpong deal close: “It's going to be a boring answer… we don't talk about the players we want to bring in public until they've signed for us”. https://t.co/Sp4AizOd4T,Fri May 16 12:52:34 +0000 2025,43284,188,1730,4089,False,False,True
1923355502366359588,FabrizioRomano,"🔴⚪️ Bayern director Max Eberl confirms: “Talks over new deal with Dayot Upamecano have been good, yes”.",Fri May 16 12:31:00 +0000 2025,10838,100,430,2049915,False,False,False
1923344776901820801,FabrizioRomano,"🚨 Jeremie Frimpong and Liverpool, deal at the final stages now as every detail of personal terms has been almost agreed as expected.

No issues on release clause as Liverpool are in direct contact with Leverkusen since Monday over installments for €35/40m.

Here we go, soon! 🏁 https://t.co/DoMXbgrHdk",Fri May 16 11:48:23 +0000 2025,78262,978,6111,4139155,False,False,True
1923340151150764071,FabrizioRomano,"🚨🔴⚪️ H.E Turki Al Alshikh sold UD Almeria, agreement done with consortium of investors led by SMC Group.
 
SMC is the largest media, advertisement and sport group in the Middle East region with Mohamed Alkhereiji as Chairman.

CEO Mohamed El Assy and his team will continue… https://t.co/Kc2HrpMdtV",Fri May 16 11:30:00 +0000 2025,8922,178,588,1602223,False,False,True
1923312175180861692,FabrizioRomano,"🚨🇵🇹 Juventus are currently not planning to activate the buy option clause for Francisco Conceição.

The Portuguese winger could return to Porto at the end of the current season. https://t.co/F9X9SRYCvr",Fri May 16 09:38:50 +0000 2025,27781,358,1222,2378237,False,False,True
1923295306919129413,FabrizioRomano,"🚨 Bayern director Max Eberl confirms there’s a deadline for Leroy Sané to accept new contract after he signed with new representatives: “Leroy and his agency know what we want and they know the conditions”.

“We hope he decides for us”. https://t.co/LRSmkrOUZJ",Fri May 16 08:31:48 +0000 2025,16025,228,699,1415437,False,False,True
1923277486990692569,FabrizioRomano,"🚨👀 Lamine Yamal: “To all the Barça fans, I want to say that this is only just beginning”.

“It’s impossible to get tired of winning — that’s something I always keep in mind”, told ESPN. https://t.co/KSpaF9jxq5",Fri May 16 07:21:00 +0000 2025,120061,1305,8250,3624696,False,False,True
1923265407420596279,FabrizioRomano,"🚨✍🏻 It’s all done and set to be announced for Hansi Flick’s new deal at Barcelona until June 2027.

Official statement, next step. https://t.co/8zdwTdR4j4",Fri May 16 06:33:00 +0000 2025,42069,380,2405,4332441,False,False,True
1923257112789966935,FabrizioRomano,"🚨⚪️ Dean Huijsen’s camp, still in Madrid today to get the deal done with final details being sorted.

Almost there. 🏁 https://t.co/YYgdFqVMOd",Fri May 16 06:00:02 +0000 2025,60490,475,2703,2682154,False,False,True
1923176336312451249,FabrizioRomano,🔵🔴 Hansi Flick: “My fav moment of the season? The four Clásicos vs Real Madrid”. https://t.co/lge5efgqB1,Fri May 16 00:39:04 +0000 2025,161389,1446,10785,5917545,False,False,True
1923176156297085305,FabrizioRomano,🔴🔵 Lamine Yamal: “I’d never compare me with Messi… Leo is the best player ever”. https://t.co/hmYGjhsOC9,Fri May 16 00:38:21 +0000 2025,143729,500,8196,3764758,False,False,True
1923173402933686301,FabrizioRomano,"🚨🔵🔴 Hansi Flick: “It's a great season, we are very happy… but next season we can do better”. https://t.co/Xd8NbWViz7",Fri May 16 00:27:24 +0000 2025,47164,281,2247,4731,False,False,True
1923170227509981654,FabrizioRomano,"🔵🔴🎞️ Lamine Yamal: “I’d like to thank Xavi, without him this was not gonna be possible”.

“He gave us young players the opportunity to make our debuts. I would like to thank him”. https://t.co/TlwtNcpRP5",Fri May 16 00:14:47 +0000 2025,180878,573,12359,4337410,False,False,True
1923167352893444197,FabrizioRomano,"🚨 Raphinha: “In January, some said we would only compete for 3rd place in La Liga... but we believed in ourselves”. https://t.co/caZ7edDW1j",Fri May 16 00:03:22 +0000 2025,83236,403,3411,2202728,False,False,True
1923148389933265221,FabrizioRomano,🔵🔴📲 Leo Messi congratulates Barça for their 28th La Liga title. https://t.co/CWBCoN55yv,Thu May 15 22:48:01 +0000 2025,92277,532,6367,2384373,False,False,True
1923128019775897848,FabrizioRomano,🔵🔴🏆 Barcelona win La Liga for the 28th time in their history! https://t.co/raxGbNoCzQ,Thu May 15 21:27:04 +0000 2025,179085,1255,15519,3682540,False,False,True
1923121068593545335,FabrizioRomano,41 goal contributions. 17 years old. 💫 https://t.co/TH2Ar2qiT0,Thu May 15 20:59:27 +0000 2025,143945,1206,9535,3417824,False,False,True
1923117100794519768,FabrizioRomano,Lamine Yamal. Again and again. What an insane goal vs Espanyol. 🔵🔴💫,Thu May 15 20:43:41 +0000 2025,87684,820,5404,5030555,False,False,False
1923110225638252890,FabrizioRomano,"💛🖤🇸🇦 Al Ittihad become champions of Saudi for the 10th time in their history!

Back at it with Karim Benzema as leader, coach Laurent Blanc, stars like Diaby, Kanté, Fabinho, Aouar and the key job of director Ramón Planes. https://t.co/eZWB7Ecfqu",Thu May 15 20:16:22 +0000 2025,73705,1907,8297,3475735,False,False,True
1923094746504781955,FabrizioRomano,"⚪️⚫️✍🏻 Harry Wilson, Adama Traoré and Raúl Jiménez stay at Fulham until June 2026 as club activated the options to extend their contracts. https://t.co/SB9HUnSRDz",Thu May 15 19:14:51 +0000 2025,24363,265,1017,1609102,False,False,True
1923055569482420503,FabrizioRomano,"🚨 Rennes and director Ricky Massara part ways with immediate effect, decision confirmed. https://t.co/sfTOKO1Z86",Thu May 15 16:39:11 +0000 2025,15079,235,629,1775845,False,False,True
1923025450672050278,FabrizioRomano,"Jeremie Frimpong and Liverpool, just a matter of short time. 🔴⤵️",Thu May 15 14:39:30 +0000 2025,50016,720,3183,13719,False,False,False
1923013902096273480,FabrizioRomano,"🚨 Arsenal will receive €9m fee from Lazio for Nuno Tavares as part of loan with obligation to buy clause.

#AFC will also mantain a sell-on clause, while Albert Sambi-Lokonga returns to Arsenal after loan spell at Sevilla. https://t.co/ycqUYy8WTJ",Thu May 15 13:53:36 +0000 2025,27999,262,1570,2130356,False,False,True
1922984481553604671,FabrizioRomano,"🚨⚪️ Real Madrid are in direct meeting with Dean Huijsen’s camp to complete the agreement on the contract.

The agreement on £50m release clause with Bournemouth has been sealed on Wednesday, as reported.

Matter of contract details with Huijsen’s camp, then… here we go. 🏁 https://t.co/qTY6kHWA0W",Thu May 15 11:56:42 +0000 2025,50303,535,3323,3093828,False,False,True
1922984420434194563,FabrizioRomano,"🚨🇨🇮 Nordsjælland talent Mario Dorgeles can leave the club this summer as several clubs have started approaches for the 20 year old.

Premier League, La Liga and Bundesliga clubs are all keen on the Ivorian player. https://t.co/yiVFQQL3jG",Thu May 15 11:56:27 +0000 2025,11107,129,541,1450803,False,False,True
1922983697281692004,FabrizioRomano,"🫂🇧🇷 Carlo Ancelotti takes his first pic as Brazil head coach after signing deal to join the Seleçao.

Here’s Ancelotti with Diego Fernandes taking care of talks on CBF behalf. https://t.co/0HknirbNuh",Thu May 15 11:53:35 +0000 2025,32141,318,1708,1539029,False,False,True
1922958678379860378,FabrizioRomano,"RT @FabrizioRomano: 🚨⚪️ Understand Dean Huijsen’s camp has landed in Madrid to close the deal with Real.

Length of the contract being disc…",Thu May 15 10:14:10 +0000 2025,0,0,4575,18,False,False,False
1922954410285466012,FabrizioRomano,"🔴⚪️👋🏻 Suso will leave Sevilla at the end of the month, ready for new chapter as free agent.

This weekend he’ll play his final game at the Sanchez Pizjuan. https://t.co/Io2lFOazMB",Thu May 15 09:57:12 +0000 2025,17507,209,700,1442151,False,False,True
1922942404195176950,FabrizioRomano,🔴👀⏳ #LFC,Thu May 15 09:09:30 +0000 2025,45107,689,2714,4539599,False,False,False
1922929397092237366,FabrizioRomano,"RT @FabrizioRomano: 🚨 Understand talks between Liverpool and Jeremie Frimpong’s camp over personal terms have advanced again today.

Player…",Thu May 15 08:17:49 +0000 2025,0,0,4780,18,False,False,False
1922917357019668535,FabrizioRomano,"🚨🔵 Manchester City will submit a formal, opening bid to AC Milan for Tijjani Reijnders in the upcoming weeks.

Reijnders wants to focus on final games of the season with Milan and Man City respect that; then bid will follow next as he’s the main target at #8. https://t.co/KbxstJIpcA",Thu May 15 07:29:58 +0000 2025,48893,903,3218,1337449,False,False,True
1922911984879587532,FabrizioRomano,"🚨⚪️ Understand Dean Huijsen’s camp has landed in Madrid to close the deal with Real.

Length of the contract being discussed with 5 year deal on the table.

Deal done club to club for £50m clause to be paid in 3 installments, player’s contract being sorted. https://t.co/LAkaWPCAu8",Thu May 15 07:08:37 +0000 2025,75042,812,4575,12374,False,False,True
1922805477009727686,FabrizioRomano,"🚨⚪️ Xabi Alonso asked Real Madrid to accelerate on Dean Huijsen deal as ideal quick solution for a top talent…

…as Premier League clubs wanted to get the deal done already last week, but Dean decided to wait and give priority to Real Madrid.

Key meeting took place on Monday. https://t.co/WWE16rdPlB",Thu May 15 00:05:24 +0000 2025,65816,410,3472,2731143,False,False,True
1922803919157153814,FabrizioRomano,"🚨 Maxi Oyedele will not join Shakhtar Donetsk despite approaches as there are more European clubs keen on signing former Man Utd player.

Understand #MUFC will receive 40% of the future sale for €6m release clause available this summer included into his Legia Warsaw deal. https://t.co/5BkxLLBa5c",Wed May 14 23:59:12 +0000 2025,15311,143,733,1688813,False,False,True
1922763883548230133,FabrizioRomano,"🔴⚫️❌ Sérgio Conceição’s chapter at AC Milan will be over at the end of the season, as always planned.

João Félix will leave Milan and return to Chelsea, also. ⤵️🇵🇹",Wed May 14 21:20:07 +0000 2025,22259,433,1368,3899535,False,False,False
1922758357699441032,FabrizioRomano,"🤍🇫🇷 Kylian Mbappé scores for Real Madrid and reaches 40 goals on his first season at the club.

Massive impact. https://t.co/3wARUj7VFB",Wed May 14 20:58:10 +0000 2025,126987,1223,7653,3522416,False,False,True
1922732942985417002,FabrizioRomano,"🚨⚪️ Bournemouth have approved Real Madrid conditions for Dean Huijsen deal with £50m release clause to be paid by the end of 2026. Deal done club to club.

Final green light needed to proceed and seal the deal with player’s camp as Huijsen always gave priority to Madrid.

⏳🏁 https://t.co/qCppyoIci5",Wed May 14 19:17:10 +0000 2025,102860,1358,7775,6628923,False,False,True
1922727269346283998,FabrizioRomano,"🚨 Understand talks between Liverpool and Jeremie Frimpong’s camp over personal terms have advanced again today.

Player’s always been keen on the move and Liverpool are progressing on salary, length of contract, every detail of the agreement.

Deal close. https://t.co/8kvTcRt7Oc",Wed May 14 18:54:38 +0000 2025,64176,844,4780,13604095,False,False,True
1922720455451934760,FabrizioRomano,"🚨🇲🇨 Official, story confirmed: Eric Dier becomes new AS Monaco player from FC Bayern! https://t.co/qV6JG2Hqxe",Wed May 14 18:27:33 +0000 2025,23884,224,1084,1751469,False,False,True
1922715579305136263,FabrizioRomano,"🚨⚪️ More on Dean Huijsen. Real Madrid contract proposal, in player’s hands now with discussions underway.

Real Madrid also talk to Bournemouth about £50m release clause structure and installments.

The player has been clear during meeting on Monday; his priority is Real Madrid. https://t.co/HniEKNzwUW",Wed May 14 18:08:11 +0000 2025,57840,619,3459,3298084,False,False,True
1922699730682794098,FabrizioRomano,"🚨⚪️ EXCL: Real Madrid have sent formal contract proposal to Dean Huijsen and his camp today, talks ongoing to sign Spanish CB.

Negotiations continue while Chelsea, Arsenal and Liverpool remain ready to enter the race in case of complications.

Real remain player’s priority. https://t.co/mp9U8uhFMd",Wed May 14 17:05:12 +0000 2025,52809,803,3621,4004690,False,False,True
1922683780155736172,FabrizioRomano,"🚨 Rúben Amorim: “I am FAR from quitting”.

“What I'm saying is since I arrived here I talk about standards. I cannot see the team having these results in the Premier League and say nothing and not take responsibility”. https://t.co/Ri6yqNorGP",Wed May 14 16:01:49 +0000 2025,31743,348,1779,1761094,False,False,True
1922682225536983237,FabrizioRomano,"🚨⚠️ Dejan Kulusevski suffered an injury to his right patella and he has undergone surgery today.

Spurs player will commence his rehabilitation with medical staff immediately. https://t.co/EvFT7GBh9e",Wed May 14 15:55:38 +0000 2025,26531,617,1238,2459421,False,False,True
1922658661760995582,FabrizioRomano,"🚨 Official: Jonathan David confirms he’s leaving Lille as free agent at the end of the current season.

David has a formal proposal on the table from Napoli to join on free transfer; deal not sealed yet. 🇨🇦 https://t.co/FrtDkawAXT",Wed May 14 14:22:00 +0000 2025,37335,701,1880,3144541,False,False,True
1922626230223826950,FabrizioRomano,"🚨💣 Xavi Simons’ decision has been made: he’s ready to leave RB Leipzig this summer.

Plan confirmed as reported in the recent months, he’s ready for new chapter with top Premier League clubs and Bayern all attentive to his situation.

RB Leipzig, aware of the player’s plan. https://t.co/AeY0u5Bjvg",Wed May 14 12:13:08 +0000 2025,46356,1035,2471,6903732,False,False,True
1922626188490490288,FabrizioRomano,"RT @FabrizioRomano: 🚨🇳🇱 Xavi Simons plans for potential summer move as concrete possibility, as reported weeks ago.

Premier League clubs a…",Wed May 14 12:12:58 +0000 2025,0,0,1502,17,False,False,False
1922622934008369521,FabrizioRomano,"🚨 Flick: “We have spoken to Ronald Araújo. We all made mistakes in Milan… We all fail at some point, no matter the profession”.

“We've all been through such situations, it’s key how to handle them. That’s why I want to protect Araújo, he’s not the only one who made a mistake”. https://t.co/yUBpsL08nU",Wed May 14 12:00:02 +0000 2025,38527,422,1860,1771852,False,False,True
1922622364296089774,FabrizioRomano,"🔵🔴 Hansi Flick: “When you see the stat that Real Madrid didn’t touch the ball in our half for 24 minutes, that speaks to our pressing”.

“It was incredible to watch. Let’s be proud”. https://t.co/EELftxMq6O",Wed May 14 11:57:46 +0000 2025,68215,477,4189,2031134,False,False,True
1922622257211260956,FabrizioRomano,"🚨 Hansi Flick: “New deal? It’s not time to comment on that but… I want to stay at Barça for one more year, for sure! I’m so happy here”. https://t.co/kvZ2HjvQb3",Wed May 14 11:57:21 +0000 2025,30353,153,1185,1312932,False,False,True
1922614011905941876,FabrizioRomano,"🚨 Rodrygo: “Thank you for all your messages and concerns. I’ll be back soon”.

“Stop making things up”. ⚠️👀 https://t.co/cBdrQwpjT3",Wed May 14 11:24:35 +0000 2025,67927,771,3454,6348299,False,False,True
1922588141900177794,FabrizioRomano,"🚨🔰 Jacob Wright leaves Man City and becomes Norwich City player on permanent transfer, deal done.

Norwich only had the right to make the transfer permanent if Jacob started 9 games, the target was hit and Norwich now sign Wright for £2.3m transfer fee. https://t.co/sjkHRcKRUY",Wed May 14 09:41:47 +0000 2025,19908,210,922,2118191,False,False,True
1922586313603055894,FabrizioRomano,"🚨⚪️⚫️ Juventus have agreed deal to sign 18 year old Dutch defender Shane van Aarle from Eindhoven, it’s all signed and sealed.

Van Aarle will be part of Next Gen project as talent for long term plans, documents in place. https://t.co/pSkZyHCXnZ",Wed May 14 09:34:31 +0000 2025,12379,174,606,1238001,False,False,True
1922585641587441824,FabrizioRomano,"🚨🔵 Maximo Perrone will play for Como next season under Fabregas, plan clear as revealed in April.

Como have offered €12m for permanent move, Man City want €30m package to get it done now.

Talks continue but Perrone will play at Como as they’ve +1 year loan extension clause. https://t.co/l97ghyMYWO",Wed May 14 09:31:51 +0000 2025,12314,135,661,1263305,False,False,True
1922583080822280516,FabrizioRomano,"🔵🇦🇷 Maximo Perrone will stay at Como from Man City, confirmed. ⤵️",Wed May 14 09:21:40 +0000 2025,11270,118,495,2059316,False,False,False
1922568555750478010,FabrizioRomano,🚨 Barça director Deco confirms: “There will be no problems for Lamine Yamal’s new contract”. https://t.co/BYAu0S1HJu,Wed May 14 08:23:57 +0000 2025,64893,290,2114,2352830,False,False,True
1922548366489145806,FabrizioRomano,"🚨 Bayern formal proposal to Jonathan Tah has been approved internally at the club, salary included.

Green light needed from the player in order to close the deal and get it done, as final crucial step. Up to Jonathan Tah. https://t.co/gbWZ2y9xo6",Wed May 14 07:03:44 +0000 2025,22712,309,1121,1793041,False,False,True
1922411952548016183,FabrizioRomano,"🚨 No changes on Manchester United and Matheus Cunha deal: talks remain ongoing with positive feelings on both sides.

The deal remains at advanced stages, working on details of the agreement. 🇧🇷 https://t.co/KqdCiCmwFJ",Tue May 13 22:01:40 +0000 2025,59077,699,3512,3383887,False,False,True
1922390968436760707,FabrizioRomano,"🚨⚪️ Real Madrid had a direct contact with Dean Huijsen’s camp and player’s priority is confirmed.

Real also registered release clause details: £50m to be paid in 3 installments, not in one solution.

❗️ Timing will be key as Chelsea, Liverpool and Arsenal are ready to advance. https://t.co/CntjunRWey",Tue May 13 20:38:17 +0000 2025,62532,841,3404,4615925,False,False,True
1922385701422694903,FabrizioRomano,"🚨🇲🇽 Mexican side Tigres are closing in on deal to sign Ángel Correa from Atléti on €6m transfer fee, per @MatteMoretto.

Verbal agreement at the final stages with formal steps still needed to get it sealed. https://t.co/JTKsScK0iK",Tue May 13 20:17:22 +0000 2025,39193,371,2341,11679,False,False,True
1922380867432821240,FabrizioRomano,"🎧 ‘Here we go podcast’ on Xabi era.

◉ Xabi Alonso only wanted Madrid, Florentino key.
◉ Vázquez to leave, Lunin one to watch.
◉ Arda Güler to be important under Xabi.
◉ Centre back will be signed, LB also in list.
👀 Huijsen…

More @MenInBlazers: https://t.co/gvEHaY2O7P https://t.co/sEcq0HQKR8",Tue May 13 19:58:09 +0000 2025,17708,281,1057,5185,False,False,True
1922380847501459960,FabrizioRomano,"🚨🇺🇦 Napoli have approached Shakhtar Donetsk for Georgiy Sudakov; but the club wants more than initial package in excess of €35m offered in order to give the green light.

Sudakov, understood to be keen on eventual move to Napoli but no club-to-club agreement so far. https://t.co/6Zewlcj977",Tue May 13 19:58:04 +0000 2025,15367,199,846,1694077,False,False,True
1922380046737580148,FabrizioRomano,"🚨🇲🇽 Former Ballon d’Or Fabio Cannavaro has been approached by two top clubs in Mexico in the recent days.

Talks have taken place with Cannavaro open to the challenge and intrigued by the idea of managing in Liga MX. https://t.co/GrbvApTVp6",Tue May 13 19:54:53 +0000 2025,26652,307,1226,7127,False,False,True
1922354845622694076,FabrizioRomano,"🚨🔵🔴 Barça director Deco: “Last year I said we couldn’t afford to lose anyone, and I think that still applies”.

“If we can improve, great — but the key is keeping what we’ve built for the future”.

“We need to take care of the players we have”, told ESPN. https://t.co/7Ro1r04QKq",Tue May 13 18:14:45 +0000 2025,36240,328,1748,1887498,False,False,True
1922354213838803377,FabrizioRomano,"🚨🔵🔴 Barça director Deco: “We feel a lot of dependency on Raphinha and Lamine Yamal”.

“Maybe we need players with similar profiles to give us more options in those areas”, told ESPN. https://t.co/W0sTn8Wt7r",Tue May 13 18:12:14 +0000 2025,56014,624,2409,2630370,False,False,True
1922303267591041040,FabrizioRomano,"RT @FabrizioRomano: 🚨 More on Dean Huijsen. Real Madrid know the player dreams of the move, as internal talks are taking place with Xabi Al…",Tue May 13 14:49:48 +0000 2025,0,0,2819,14,False,False,False
1922303230719013292,FabrizioRomano,"🚨 Ancelotti: “Rodrygo has discomfort in his leg. He’s sad for that, but there’s really nothing more”.

“He had fever and didn’t train last week so he wasn’t fit. He felt uncomfortable and we wanted to look at it. Everyone loves Rodrygo, especially me”. https://t.co/quoYSZ5UNe",Tue May 13 14:49:39 +0000 2025,47277,347,2127,2214949,False,False,True
1922285534249971735,FabrizioRomano,"🚨 More on Dean Huijsen. Real Madrid know the player dreams of the move, as internal talks are taking place with Xabi Alonso on new CB.

Chelsea, Liverpool and Arsenal are ready to trigger £50m clause getting deal done this month, trying to agree with player’s camp.

Race open. https://t.co/rCu3EWyazy",Tue May 13 13:39:20 +0000 2025,49549,665,2819,4536637,False,False,True
1922282245131239625,FabrizioRomano,"🚨 Real Madrid have Dean Huijsen, William Saliba and Ibrahima Konaté on their shortlist for new centre back.

Huijsen has £50m clause and he’s keen on joining Real Madrid, waiting for the club to move while Chelsea and Liverpool keep pushing.

Saliba, dream target for… https://t.co/3CCR3uZJtI",Tue May 13 13:26:16 +0000 2025,70342,1020,3808,6074599,False,False,True
1922268675983155603,FabrizioRomano,"RT @brfootball: Liverpool are in talks to sign Jeremie Frimpong from Bayer Leverkusen, per @FabrizioRomano

The Dutch wing back has 74 G/A…",Tue May 13 12:32:21 +0000 2025,0,0,1935,13,False,False,False
1922256366682431570,FabrizioRomano,🤍 Carlo Ancelotti: “I will be a Real Madrid fan for the rest of my life. I never thought I’d be coach for 6 years. I have to thank the club”. https://t.co/kkl1tXxB4K,Tue May 13 11:43:26 +0000 2025,91840,482,4823,2587849,False,False,True
1922250712731336920,FabrizioRomano,"RT @FabrizioRomano: 🚨🔴 Liverpool are advancing in talks to sign Jeremie Frimpong after contacts reported last week.

Understand #LFC approa…",Tue May 13 11:20:58 +0000 2025,0,0,7031,15,False,False,False
1922247197338329554,FabrizioRomano,"🚨👀 Carlo Ancelotti: “Xabi Alonso doesn’t need any advice from me as he’s a great manager. He has everything to become a top, top coach”. https://t.co/tsTjmMbyaZ",Tue May 13 11:07:00 +0000 2025,71653,297,2913,2305324,False,False,True
1922245573010129270,FabrizioRomano,"🚨🇧🇷 Ancelotti: “I’m gonna coach Brazil from May 26. Like everything in life, things come to an end. I enjoyed my time here”. https://t.co/PoU7lHr6vK",Tue May 13 11:00:32 +0000 2025,131201,488,5914,3513506,False,False,True
1922241590526927255,FabrizioRomano,"🚨🔵 Como have confirmed to Bayer Leverkusen on Monday their clear plans to continue with Cesc Fabregas.

Despite reports about an exit in the recent weeks, Cesc was never close to leaving Como.

He always been fully involved as part of the long term project. https://t.co/7kmBKiY7GA",Tue May 13 10:44:43 +0000 2025,43030,350,2477,2240522,False,False,True
1922239926797562223,FabrizioRomano,"🔵🔐 Cesc Fabregas and Como, planning together also for next season as always mentioned.",Tue May 13 10:38:06 +0000 2025,13804,164,701,2141189,False,False,False
1922209415383429389,FabrizioRomano,"🚨🔴 Liverpool are advancing in talks to sign Jeremie Frimpong after contacts reported last week.

Understand #LFC approached Bayer Leverkusen to discuss €35m release clause structure.

Talks also underway on player side with Frimpong keen on joining Liverpool. https://t.co/wzuXL5m3tJ",Tue May 13 08:36:52 +0000 2025,96526,1401,7031,8825336,False,False,True
1922200246114771013,FabrizioRomano,"🚨⚪️ Lucas Vázquez and Real Madrid are expected to part ways at the end of the season, with Spanish RB leaving as free agent.

The plan is for Lucas to play at FIFA Club World Cup if nothing happens before; and then try new chapter after Trent’s arrival. https://t.co/dzp6fDdoNC",Tue May 13 08:00:26 +0000 2025,39245,843,2299,6075000,False,False,True
1922199520357609892,FabrizioRomano,"🚨🇪🇸 Real Sociedad are considering Brais Méndez’s sale for the summer transfer window as a concrete possibility.

Several clubs from Spain and abroad are interested and aware of potential exit this summer. https://t.co/RbfkWiz1vH",Tue May 13 07:57:33 +0000 2025,16099,214,797,2018541,False,False,True
1922194176818430430,FabrizioRomano,"🚨🔴⚪️ Bayern are pushing to advance and close the deal for Jonathan Tah to join as free agent with talks re-started at the end of April.

Negotiations continue on three-year deal, still waiting for an answer from the defender. https://t.co/g6QWUQ5zBn",Tue May 13 07:36:19 +0000 2025,21196,284,1028,1971016,False,False,True
1922177237140590655,FabrizioRomano,"🚨⚪️ Real Madrid have decided to try bring in a new centre back this summer, clear indication from Xabi Alonso accepted by the management.

The club also keeps looking for a new left back as part of the transfer strategy. https://t.co/Dl2dYMRO6q",Tue May 13 06:29:00 +0000 2025,51662,634,2686,3534,False,False,True
1922074470308614183,FabrizioRomano,"🚨🔵 Tino Livramento, among options under consideration at Manchester City for right back position.

There’s a four-men shortlist for that position with City set to decide ahead of Club World Cup.

Kyle Walker will 100% leave the club, even if AC Milan won’t buy him. https://t.co/daBe21FOUf",Mon May 12 23:40:38 +0000 2025,50057,536,2421,8632585,False,False,True
1922065837285949697,FabrizioRomano,"🚨🏴󠁧󠁢󠁳󠁣󠁴󠁿 Rangers have made contact with Davide Ancelotti as candidate for new head coach job, as @diarioas reports; he’s not the only one on the shortlist.

More candidates have been approached by the Scottish club.

Davide Ancelotti leaves Real Madrid as Xabi brings his own staff. https://t.co/QDmNinWPIC",Mon May 12 23:06:20 +0000 2025,23251,242,1359,2244273,False,False,True
1922039345529213305,FabrizioRomano,"🔴⚪️ Bayern remain in concrete talks for Jonathan Tah since end of April, ahead of all the other clubs…

…deal on. ⤵️👀",Mon May 12 21:21:04 +0000 2025,12247,173,570,2443181,False,False,False
1922032429600059515,FabrizioRomano,"🚨🇦🇷 Excl: Eintracht Frankfurt and FC Basel have both asked for Inter talented centre back Tomás Palacios.

German and Swiss clubs are pushing to sign the Argentinian defender, decision up to Inter. https://t.co/O4YE0HIBtN",Mon May 12 20:53:35 +0000 2025,16398,161,807,1737923,False,False,True
1921984227811246540,FabrizioRomano,"🚨🇧🇷 Carlo Ancelotti has already made initial plans to discuss Casemiro’s return as part of Brazil squad.

The relationship has always been excellent and Carlo wants more leaders to be part of the squad, including Man United’s midfielder. https://t.co/dDpvHr8kyu",Mon May 12 17:42:03 +0000 2025,58738,504,3079,2212931,False,False,True
1921971031884943723,FabrizioRomano,RT @FabrizioRomano: 🚨 Liverpool are well informed on Jeremie Frimpong situation and how the installments are defined for his €35/40m releas…,Mon May 12 16:49:37 +0000 2025,0,0,4279,10,False,False,False
1921942714871898552,FabrizioRomano,⚪️🔙 Kylian Mbappé: “Painful… but we will come back. Hala Madrid”. https://t.co/S5S2Wx5GBL,Mon May 12 14:57:05 +0000 2025,61663,683,2600,10224387,False,False,True
1921939590719365563,FabrizioRomano,"🚨⚠️ Vini Jr has suffered an injury, sprain in his left ankle as Real Madrid confirm. https://t.co/CtipozsI9l",Mon May 12 14:44:40 +0000 2025,33960,487,1320,1960851,False,False,True
1921939243691065838,FabrizioRomano,"🚨⚠️ Lucas Vazquez has suffered an injury to his left pectineus muscle, Real Madrid confirm. https://t.co/DP6gF3Q3K0",Mon May 12 14:43:18 +0000 2025,19853,463,771,2528681,False,False,True
1921929868276621396,FabrizioRomano,"🚨🇧🇷 OFFICIAL: Brazil confirm Carlo Ancelotti will become the new head coach of the Seleçao.

Contract sealed, Ancelotti will leave Real Madrid and lead the Seleçao to the 2026 World Cup. https://t.co/ovmbPGJGf8",Mon May 12 14:06:02 +0000 2025,78658,507,5041,3485725,False,False,True
1921925245004349654,FabrizioRomano,"🚨 Real Madrid are planning for official announcement of Carlo Ancelotti’s exit including plans for his farewell at the Bernabéu, as he will join Brazil 🇧🇷

…and then Real Madrid will also confirm Xabi Alonso as new head coach next. 🤝🏻 https://t.co/rhu7l25IGa",Mon May 12 13:47:40 +0000 2025,33578,331,2018,1644497,False,False,True
1921923048849977780,FabrizioRomano,"🚨🇧🇷 Carlo Ancelotti will be new Brazil head coach, plan confirmed and agreement done.

The staff has been decided, documents signed and exit process from Real Madrid will follow with special farewell.

Ancelotti will start working for Brazil from the end of May.

Here we go! 🤝🏻 https://t.co/IibmP3bzyX",Mon May 12 13:38:57 +0000 2025,190090,1780,15497,8754621,False,False,True
1921920967367905616,FabrizioRomano,RT @FabrizioRomano: 🚨🇧🇷 Brazilian Federation expect Carlo Ancelotti to be on the touchline already on the first week of June representing t…,Mon May 12 13:30:40 +0000 2025,0,0,4029,10,False,False,False
1921920686928417078,FabrizioRomano,✅🇧🇷 #Brazil,Mon May 12 13:29:33 +0000 2025,32035,194,1064,2148727,False,False,False
1921902427378262492,FabrizioRomano,"🚨🔵🔴 Hansi Flick has agreed on every detail of new deal at Barcelona valid until June 2027.

It’s all done and set to be sealed this month with formal signature, but already approved with contract drafts.

Official soon. One more year for Flick at Barça. https://t.co/pOowwUDZfH",Mon May 12 12:17:00 +0000 2025,78461,550,5302,2928277,False,False,True
1921900530395226586,FabrizioRomano,🔵🔴🏁 #FCB,Mon May 12 12:09:28 +0000 2025,19979,139,803,2107507,False,False,False
1921900080614781075,FabrizioRomano,"🚨🔵🔴 Wojciech Szczesny: “I have received a two-year contract extension offer from the club”.

“But I need to decide with my family what’s best for us”. https://t.co/CQEvTXZ9qd",Mon May 12 12:07:41 +0000 2025,52378,358,2235,1920818,False,False,True
1921892362982232503,FabrizioRomano,"🚨 Van Dijk: “Trent leaving? For me there’s no other place to be at this point”.

“It has to be a big summer and I trust the club and the people who make the decisions to do the right thing. I feel with additions we can make that step up”. https://t.co/xPbzWugNxS",Mon May 12 11:37:01 +0000 2025,40225,354,2164,1874825,False,False,True
1921890967004545378,FabrizioRomano,"RT @FabrizioRomano: 🚨🤍 Xabi Alonso to Real Madrid, here we go! Story confirmed and deal sealed for Xabi as new manager until 2028.

Staff s…",Mon May 12 11:31:28 +0000 2025,0,0,32722,10,False,False,False
1921869267215028224,FabrizioRomano,"🚨⚫️🔵 Inter are planning to continue talks with OM for Luis Henrique in the next days after personal terms agreed with the Brazilian. Inter want final answer ahead of FIFA Club World Cup.

Luis Henrique already said yes to Inter project, up to the clubs; more talks to follow. https://t.co/LSt4XaC5a2",Mon May 12 10:05:14 +0000 2025,22110,260,1228,6057934,False,False,True
1921860837108600917,FabrizioRomano,"🚨⚪️ Real Madrid have always planned for Xabi Alonso to be their manager at the Club World Cup… and they also want Trent Alexander-Arnold to be there.

Xabi will start new chapter at Madrid with Club World Cup, as reported — he’s ready to start working immediately. https://t.co/tWfDN5F2qL",Mon May 12 09:31:44 +0000 2025,66122,428,4147,2491478,False,False,True
1921843038642372622,FabrizioRomano,"🚨🤍 Xabi Alonso to Real Madrid, here we go! Story confirmed and deal sealed for Xabi as new manager until 2028.

Staff sorted, contract in place and three year deal for Alonso with Real planning for him to start at FIFA Club World Cup.

Ancelotti farewell soon, then Xabi era. 🎞️ https://t.co/s6jY4DzZmx",Mon May 12 08:21:01 +0000 2025,288256,3047,32722,13425915,False,False,True
1921839499010572402,FabrizioRomano,"🚨🇩🇪 FC Köln and U17 World Cup winner talent Justin von der Hitz will join Nürnberg, signing a 4 year contract.

Several clubs were interested in signing the defender including Bayern, Schalke  but Nürnberg won the race. Miro Klose had a big impact on his decision. https://t.co/kVj5vOgpQE",Mon May 12 08:06:57 +0000 2025,8634,136,420,1165187,False,False,True
1921835233512432089,FabrizioRomano,"🚨👀 Wolves LB Rayan Ait Nouri has signed with CAA Stellar as new representatives.

Algerian LB, one to watch in the summer as he can leave with several clubs keen on signing him after 5 goals, 7 assists this season. https://t.co/j9e0w3ywsq",Mon May 12 07:50:00 +0000 2025,21492,349,1070,2163427,False,False,True
1921814345895289200,FabrizioRomano,"🚨 Jorge Mendes: “Lamine Yamal deserves to win the Ballon d’Or this year”.

“He’s been the best player in the world this season, that’s very clear. Lamine’s level has been worth the Ballon d’Or”. https://t.co/zbwWdu7zKu",Mon May 12 06:27:00 +0000 2025,78540,2045,5036,3829351,False,False,True
1921807551185944951,FabrizioRomano,"🚨🇧🇷 Douglas Luiz: “I spoke about Aston Villa as an happy place for me, I loved to be there and develop at that club but I never mentioned a return to #AVFC”.

“Don’t misunderstand me. I love Juventus and I’m fully focused on our targets”. https://t.co/xFaEVNwgmK",Mon May 12 06:00:00 +0000 2025,28797,174,1151,1485296,False,False,True
1921806796118970403,FabrizioRomano,"🔵⚪️🇪🇺 Olympique Marseille are planning for summer window after return to Champions League under Pablo Longoria, Mehdi Benatia and Roberto De Zerbi.

Huge achievement for the club after massive job by Longoria coordinating, Benatia as director with important signings and De Zerbi… https://t.co/xfZj518PMV",Mon May 12 05:57:00 +0000 2025,24285,239,1673,2152567,False,False,True
1921715697802998064,FabrizioRomano,RT @MadridXtra: 🚨 BREAKING: Real Madrid are CONFIDENT to have Xabi Alonso in the Club World Cup. @FabrizioRomano https://t.co/K4FYcMNQ7O,Sun May 11 23:55:00 +0000 2025,0,0,1224,19,False,False,True
1921709032722604136,FabrizioRomano,🚨✅ Rúben Amorim: “I don’t think Leny Yoro has suffered a serious injury. We will assess him but looks like a small one”. https://t.co/GXoiMuXm3O,Sun May 11 23:28:31 +0000 2025,35425,230,1340,1998424,False,False,True
1921664702590947512,FabrizioRomano,"🚨🔵⚪️ EXCL: Brighton are interested in Hellas Verona centre back Diego Coppola with initial contacts taking place.

There are several clubs keen but Brighton have started talks to be informed on 21 year old Italian CB. #BHAFC https://t.co/UjGPg11y8B",Sun May 11 20:32:22 +0000 2025,16592,251,909,3280599,False,False,True
1921649337395802393,FabrizioRomano,🔴🔵⭐️ Official: Ousmane Dembele wins the Ligue 1 Player of the Season. https://t.co/0QWYbOdT9I,Sun May 11 19:31:19 +0000 2025,200804,1707,11944,5567744,False,False,True
1921639813205152030,FabrizioRomano,"🚨⚫️🔵 Inter are set to trigger €6m buy option clause for Nicola Zalewski at the end of the season.

Polish fullback has already agreed to stay and the club plans to proceed with permanent move from AS Roma. https://t.co/QEBvzI1FJT",Sun May 11 18:53:28 +0000 2025,23862,194,983,1812923,False,False,True
1921634770368266546,FabrizioRomano,"🚨 EXCL: Arsenal have offered Chelsea £1.25m for England U18 goalkeeper Freddy Bernal.

Chelsea rejected the bid, clear on their position as they want to keep Bernal. Several other clubs remain interested. https://t.co/iYlQNPABeQ",Sun May 11 18:33:26 +0000 2025,20292,313,1256,1905357,False,False,True
1921630600257015866,FabrizioRomano,Lamine and Thierry Henry after El Clásico 😁👕 https://t.co/4gRvsXcBAV,Sun May 11 18:16:51 +0000 2025,120977,464,7499,3553609,False,False,True
1921622809224053051,FabrizioRomano,"🚨 Rúben Amorim: “It’s not about the players. I’m talking about myself and the culture in the club”.

“We need to change that. We need to be really strong in the summer and to be brave”.

“If the feeling is still here, we should give space to DIFFERENT persons”. https://t.co/GucMpCVXlk",Sun May 11 17:45:54 +0000 2025,20527,368,1296,1639455,False,False,True
1921620424200233113,FabrizioRomano,"🚨 Rúben Amorim: “I feel embarassed when looking at the Premier League table”.

“For me it doesn't matter if we win the Europa League because the problems are much bigger than that”. https://t.co/mMGyKYsmRs",Sun May 11 17:36:25 +0000 2025,66941,982,4045,4191473,False,False,True
1921617363369075104,FabrizioRomano,Who’s been your Man of the Match at Anfield today? ⭐️ https://t.co/PonrAE3wvd,Sun May 11 17:24:16 +0000 2025,20950,453,716,1459956,False,False,True
1921616751424409709,FabrizioRomano,"🚨 Rúben Amorim: “We need to think about A LOT of things for next season”.

“Everyone has to think seriously about a lot of things here. Everybody is thinking about the final... we have bigger things to think about and have to change a lot of things at the end of the season”. https://t.co/AOPXz9VNSG",Sun May 11 17:21:50 +0000 2025,13889,258,859,1090602,False,False,True
1921615614868623870,FabrizioRomano,"🚨 Rúben Amorim: “It's hard to explain. I have that feeling that there's a lack of urgency in everything we do. It's a big concern”.

“To be honest, I'm not concerned about the final. We need to change something deeper than this”. https://t.co/Gls68BPw1J",Sun May 11 17:17:19 +0000 2025,28030,387,1658,1774340,False,False,True
1921603965067694336,FabrizioRomano,🚨🏆 Lamine Yamal: “I told my mother that there is a new Champions League season every year… and we will keep fighting for it”. https://t.co/rMMsGVbJ55,Sun May 11 16:31:01 +0000 2025,148120,783,7887,5296628,False,False,True
1921603575253270698,FabrizioRomano,"🚨 Lamine Yamal: “Barça is the club of my life, to play in a Clásico and score a goal, it's incredible”.

“We could’ve scored more today!”. https://t.co/rYudHCbozC",Sun May 11 16:29:28 +0000 2025,104302,496,5506,2423,False,False,True
1921601048436695357,FabrizioRomano,Barça win one more Clásico and are set to win La Liga! 🔵🔴 https://t.co/EKH7vPfYpU,Sun May 11 16:19:26 +0000 2025,75568,766,4094,2137693,False,False,True
1921598273237725321,FabrizioRomano,🚨 Zero minutes for Rodrygo today in Barcelona-Real Madrid. https://t.co/9ywAr7j7zI,Sun May 11 16:08:24 +0000 2025,122851,1515,4063,6163545,False,False,True
1921594080909267401,FabrizioRomano,⚪️🇫🇷 Kylian Mbappé completes his hat-trick in El Clásico reaching 39 goals in all competitions this season. https://t.co/2TA2tUxy2j,Sun May 11 15:51:45 +0000 2025,65695,665,3518,2090558,False,False,True
1921585307092197772,FabrizioRomano,"⭐️ Lamine Yamal has now reached 40 G/A this season. 16 goals, 24 assists. 🚀 https://t.co/6oMtIYG7yX",Sun May 11 15:16:53 +0000 2025,126848,845,8570,3521835,False,False,True
1921584417803309430,FabrizioRomano,🚨 Man United are now 16th in Premier League table. https://t.co/U030ltDKmx,Sun May 11 15:13:21 +0000 2025,77436,2217,4421,4756140,False,False,True
1921584071559237700,FabrizioRomano,🚨 West Ham win at Old Trafford and Man United lose one more game! https://t.co/TVx2GvZNFd,Sun May 11 15:11:58 +0000 2025,18111,343,790,1142634,False,False,True
1921581791594328235,FabrizioRomano,💙❤️🧘🏼‍♂️ Lamine Yamal has scored 3 goals and delivered 2 assists in 4 games against Real Madrid this season. https://t.co/tBRAuy4mq1,Sun May 11 15:02:55 +0000 2025,51994,475,3632,1610984,False,False,True
1921581417546318316,FabrizioRomano,💙❤️ Raphinha’s brace means 34 goals this season for the Brazilian in all competitions with Barcelona! https://t.co/O2I0PrPh0e,Sun May 11 15:01:25 +0000 2025,39552,315,2213,1158582,False,False,True
1921578369272926601,FabrizioRomano,"🚨🇭🇷 Ivan Perisić continues his insane season at PSV Eindhoven with 15 goals and 11 assists so far.

One more goal, one more assists vs Feyenoord today for 36 year old winger who keeps flying. https://t.co/WgQ4ZDbYVw",Sun May 11 14:49:19 +0000 2025,26294,208,1254,1499644,False,False,True
1921577542277808475,FabrizioRomano,⚪️ Mbappé becomes the current 𝐋𝐚 𝐋𝐢𝐠𝐚 𝐭𝐨𝐩 𝐬𝐜𝐨𝐫𝐞𝐫 with 26 goals scored in the Spanish league so far 🇪🇸 https://t.co/O2UidrSOmP,Sun May 11 14:46:01 +0000 2025,63134,589,3179,2084,False,False,True
1921574136188440988,FabrizioRomano,"⚪️🛸 Brace for Kylian Mbappé against Barcelona and 38 season goals in all competitions…

…26 goals in La Liga. 🇫🇷 https://t.co/rTHhC6DBCS",Sun May 11 14:32:29 +0000 2025,19838,308,979,1225343,False,False,True
1921571609283903579,FabrizioRomano,🤍🇫🇷 Kylian Mbappé reached 37 goals this season with penalty scored vs Barça. https://t.co/iH2sxk7UFO,Sun May 11 14:22:27 +0000 2025,27595,346,1175,1245430,False,False,True
1921558432110268653,FabrizioRomano,"🚨🔵 Napoli have submitted a proposal to Jonathan David with advanced talks ongoing for a free transfer.

Important contract proposal has been sent to the striker who’s set to leave Lille at the end of the season.

There are still key details to clarify with more talks to follow. https://t.co/3eBWfSOJQC",Sun May 11 13:30:05 +0000 2025,22851,355,1458,1849096,False,False,True
1921551094838071360,FabrizioRomano,Crucial win for Newcastle! ⚪️⚫️ https://t.co/4itp8tKwIU,Sun May 11 13:00:56 +0000 2025,26498,337,894,1112421,False,False,True
1921531828122296725,FabrizioRomano,🚨🚫 Nicolas Jackson will be suspended until the end of the season with red card today. https://t.co/6wW8bli8EJ,Sun May 11 11:44:22 +0000 2025,56834,1689,2816,3213706,False,False,True
1921524971366457530,FabrizioRomano,"⚪️⚫️ Sandro Tonali has scored 6 goals this season for Newcastle, one more key goal today…

…as #NUFC see him as crucial part of the squad also for the future despite links. https://t.co/bLoU3Apv2T",Sun May 11 11:17:08 +0000 2025,14355,232,558,1057688,False,False,True
1921468064417112375,FabrizioRomano,"🚨 Martin Zubimendi wants to give his best to Real Sociedad until the end of the season, 100% focused on the team as top professional as always.

Arsenal will complete formal steps of the deal in the next weeks as Zubimendi will be the first signing for 2025/26. ✅ https://t.co/gFBDAjlOdv",Sun May 11 07:31:00 +0000 2025,44685,554,2987,2079537,False,False,True
1921455229494768101,FabrizioRomano,"🚨 Raphinha: “What’s next? My renewal!”.

“Thinking about reaching the top of football without Barcelona is illogical. Honestly, I'm enjoying it all a lot right now. I didn't expect it even in my dreams”, told Movistar. https://t.co/0owgV65hdY",Sun May 11 06:40:00 +0000 2025,37209,263,1813,1468062,False,False,True
1921445163127243168,FabrizioRomano,🚨❌ Reports on Alejandro Grimaldo and Alessandro Bastoni as concrete targets for Barcelona are wide of mark. https://t.co/weskANvF1G,Sun May 11 06:00:00 +0000 2025,49946,414,1698,3153183,False,False,True
1921370996868546592,FabrizioRomano,"❤️ Raphinha: “I will be forever grateful to Hansi Flick. He changed my entire career”.

“He wanted to see me train before taking any decision with my future. He saw me in his plans. Without Flick, I was maybe at another club and not at Barça now”. https://t.co/dNJfMvB6sV",Sun May 11 01:05:17 +0000 2025,74493,298,3665,2015869,False,False,True
1921370983174197755,FabrizioRomano,"🚨👋🏻 Inter plan to part ways with both Joaquin Correa and Marko Arnautović in the summer remains confirmed.

Both players are out of contract in June. https://t.co/JoFxQIwzby",Sun May 11 01:05:14 +0000 2025,22005,174,975,1633065,False,False,True
1921370961070211152,FabrizioRomano,"RT @WilliamHillES: ✅ A pesar de la eliminación en Champions, el balance de la temporada del Barça es bueno 

👀 Aún así, hay margen para mej…",Sun May 11 01:05:09 +0000 2025,0,0,104,4,False,False,False
1921287805747024053,FabrizioRomano,First trophy lifted by Harry Kane! 🏆 https://t.co/STWmODQNfh,Sat May 10 19:34:43 +0000 2025,131982,1178,7808,5872,False,False,True
1921251946133950602,FabrizioRomano,🚨 Pep Guardiola after 0-0 draw vs Southampton: “For sure the qualification spots in the Premier League will go down to the last day”. https://t.co/LbP5kQnFK9,Sat May 10 17:12:13 +0000 2025,43401,293,1964,1861705,False,False,True
1921251440900657453,FabrizioRomano,🔴⚪️ Harry Kane reaches 25 goals for Bayern this season… and 14 assists for Michael Olise on his first season in Bundesliga. https://t.co/nXnxBxQX33,Sat May 10 17:10:13 +0000 2025,39455,207,1866,1447469,False,False,True
1921251417831956987,FabrizioRomano,"After 750 games, 247 goals, 176 assists, 12 Bundesliga titles, 2 Champions League, 2 Club World Cups, 6 DFB Pokal, 2 UEFA Super Cups and 8 DFB Super Cups…

…it’s Thomas Müller’s 𝐥𝐚𝐬𝐭 𝐡𝐨𝐦𝐞 𝐠𝐚𝐦𝐞 𝐞𝐯𝐞𝐫 at the Allianz Arena ❤️🤍 https://t.co/OIH5CwTi8a",Sat May 10 17:10:07 +0000 2025,64883,575,5610,2327848,False,False,True
1921251391995089178,FabrizioRomano,"RT @gamdomsport: 🏆 Gamdom Boost League is LIVE! 🏆

From now ‘til June 10, engage with our sports content across all Gamdom Sports platforms…",Sat May 10 17:10:01 +0000 2025,0,0,504,14,False,False,False
1921233466613481776,FabrizioRomano,Manchester City 𝐝𝐫𝐨𝐩 𝐩𝐨𝐢𝐧𝐭𝐬 today against Southampton already relegated! 📉 https://t.co/0ex9j63MD1,Sat May 10 15:58:47 +0000 2025,33112,754,1555,1861622,False,False,True
1921230561470722389,FabrizioRomano,"🚨 Jonathan Tah: “I'll make a decision on my new club soon”.

“I don't want to set a date. But it won't be in two months”, told BILD. https://t.co/IdezVU1c57",Sat May 10 15:47:15 +0000 2025,33326,236,1314,1853642,False,False,True
1921228896738943481,FabrizioRomano,🔴⚪️👋🏻 Thomas Müller arrives at Allianz Arena for the final home game as Bayern player. https://t.co/TkHjbn0R3h,Sat May 10 15:40:38 +0000 2025,49268,220,1727,1675010,False,False,True
1921210387166343563,FabrizioRomano,"🤍 Carlo Ancelotti: “I will always love Real Madrid”.

“Real Madrid is a special club and it deserves a special attitude from everyone. Every single day”. https://t.co/sszQjlTa2R",Sat May 10 14:27:05 +0000 2025,29574,327,1470,1461272,False,False,True
1921202506387935257,FabrizioRomano,🚨 Ancelotti: “This is the last El Clásico of the season because Barcelona won't be at the Club World Cup”. https://t.co/kcTb8HdRYh,Sat May 10 13:55:46 +0000 2025,127961,1689,6878,5026286,False,False,True
1921185622883975671,FabrizioRomano,"🚨 Erling Haaland returns in Man City starting XI after injury, back available. https://t.co/XCtq2mhsqB",Sat May 10 12:48:41 +0000 2025,27539,325,1031,1524298,False,False,True
1921164209439543589,FabrizioRomano,"🚨 Hansi Flick: “I’m happy with Szczesny, I’d like him to stay and I think he’s happy in Barcelona too!”.

“You know he smokes a little, which I’ve never seen before… but well, he’s at the right age and he’s calmer!”. 🚬 https://t.co/BFUVtZCgvd",Sat May 10 11:23:35 +0000 2025,71497,337,2841,2662975,False,False,True
1921160014661554511,FabrizioRomano,"🚨⚠️ Hansi Flick: “I don't think either Balde or Lewandowski will start El Clásico, maybe they will get minutes in the second half. Gerard Martin is doing very well”.

“Szczesny will start in goal”. 🇵🇱 https://t.co/jF9AGCxBjm",Sat May 10 11:06:55 +0000 2025,41925,288,1692,1956424,False,False,True
1921156885551423509,FabrizioRomano,"🚨 Alejandro Baldé and Marc Casadó get the green light to return as part of Barça squad, available for El Clasico. https://t.co/pJ0GRkD8qf",Sat May 10 10:54:29 +0000 2025,47456,311,1999,1661064,False,False,True
1921097881823703506,FabrizioRomano,"🚨 Arsenal agree deal to sign Martin Zubimendi from Real Sociedad, here we go! ❤️🤍

Zubimendi has now verbally agreed to sign a long term deal… so formal steps must follow soon with Arsenal to trigger €60m clause.

Zubi, ready to become the first signing of the new season. https://t.co/yzYJOydstE",Sat May 10 07:00:01 +0000 2025,171498,6950,20617,28986569,False,False,True
1921011451247935525,FabrizioRomano,"🚨⚪️ Real Madrid and Bayer Leverkusen share an excellent relationship as Xabi Alonso’s exit will happen easily.

The compensation fee was never gonna be an issue as Leverkusen accepted to let Xabi go to Real Madrid as was his clear desire already one year ago. https://t.co/55m1J7NP3A",Sat May 10 01:16:35 +0000 2025,40938,282,2269,2219787,False,False,True
1920967342499959172,FabrizioRomano,"🔵🇪🇸 Cesc Fabregas confirms: “We wanted and still want Eric García at Como, he’s versatile and very good player… but he will stay at Barça”.",Fri May 09 22:21:18 +0000 2025,26121,169,1120,3250709,False,False,False
1920956560282419329,FabrizioRomano,"🚨 Liverpool are well informed on Jeremie Frimpong situation and how the installments are defined for his €35/40m release clause.

He remains one of the main names on the shortlist to replace Trent with Frimpong expected to be eventually keen on the move. https://t.co/ulKaT9SZxc",Fri May 09 21:38:28 +0000 2025,70978,878,4279,9902223,False,False,True
1920956056928170130,FabrizioRomano,"RT @AnfieldSector: [🟢] NEW: Liverpool are monitoring Jeremie Frimpong to be well informed on his situation. 

€35m release clause. 

[@Fabr…",Fri May 09 21:36:28 +0000 2025,0,0,429,23,False,False,False
1920942230740566311,FabrizioRomano,"🚨 Rúben Amorim on Al Hilal and Bruno: “Not only Saudi Arabia, but many clubs want Bruno Fernandes and are ready to do the impossible… but Bruno is NOT for sale”.

“He will be our player for years to come”. https://t.co/z4ENoE8fXn",Fri May 09 20:41:31 +0000 2025,46198,372,2979,1934400,False,False,True
1920886965773172907,FabrizioRomano,"🚨 Barcelona advanced on Jonathan Tah deal in December… then Araujo ended up staying and Eric Garcia too, that’s why deal has not been sealed so far.

🔴⚪️ Bayern are again in concrete talks with Tah, as reported in April — he’s high on the list after Dier’s move to AS Monaco. https://t.co/Ak7FHFurI7",Fri May 09 17:01:55 +0000 2025,29490,341,1548,2163668,False,False,True
1920874036332028211,FabrizioRomano,RT @FabrizioRomano: 🚨 Bayern remain among clubs now attentive to Jonathan Tah situation as the German defender has still not agreed/signed…,Fri May 09 16:10:33 +0000 2025,0,0,983,13,False,False,False
1920869937335185685,FabrizioRomano,"🚨 Hugo Ekitike will leave Eintracht Frankfurt in the summer, plan clear as several top clubs have already made contact.

Premier League top sides approached Eintracht and player’s camp; Ekitike wants to focus on reaching UCL with Eintracht and then decide his future right after. https://t.co/BFSnGwFgeU",Fri May 09 15:54:15 +0000 2025,21627,336,1172,2079617,False,False,True
1920860764723708371,FabrizioRomano,"🚨🇧🇷 Carlo Ancelotti’s verbal agreement with Brazil for the World Cup 2026, still valid and available to be signed.

After issues on timing between CBF and Real Madrid, Carlo will proceed with exit steps after El Clásico.

The Federation, waiting for Ancelotti to sign. https://t.co/6s0qwxUT8W",Fri May 09 15:17:48 +0000 2025,67455,492,4502,4746,False,False,True
1920859336374456533,FabrizioRomano,"🚨👋🏻 Carlo Ancelotti and Real Madrid will part ways with formal exit steps to follow after El Clásico. It’s over.

No issues on extra-season salary as Ancelotti never created any problems on that.

The Italian coach will get a huge farewell as legend and then… Xabi Alonso, in. https://t.co/Fgz3HCjqtJ",Fri May 09 15:12:08 +0000 2025,92837,748,7113,3126100,False,False,True
1920845482189852877,FabrizioRomano,"🚨👏🏻 Mikel Arteta: “We will give Liverpool a guard of honour. They deserve it. They have been the better team, they have been the most consistent”.

“That is the sport, when somebody is better then you have to applaud and accept and try to reach that level”. https://t.co/KWMblo5sZI",Fri May 09 14:17:05 +0000 2025,83496,1064,5033,3377008,False,False,True
1920819532999860596,FabrizioRomano,🚨 Xabi Alonso: “Florian Wirtz didn’t tell me that he only wants to go to Bayern… this is not my information”. https://t.co/Bt6shnbKCd,Fri May 09 12:33:58 +0000 2025,91272,391,3524,4437562,False,False,True
1920812049824645437,FabrizioRomano,"🚨💣 BREAKING: Xabi Alonso confirms he’s set to LEAVE Bayer Leverkusen!

“It’s time to confirm these will be my final games at Bayer”, Xabi Alonso says…

…Real Madrid new coach, soon. 🤍🔜 https://t.co/5nHKlZqfBf",Fri May 09 12:04:14 +0000 2025,188754,1308,17044,8154057,False,False,True
1920810995250827733,FabrizioRomano,"🚨 Manchester United have now decided to open talks with Tom Heaton over new deal for one more season.

Concrete discussions to follow for Heaton to stay as third GK until June 2026.

The coaching staff pushed for this decision as delighted also with his help to young players. https://t.co/c7RwQYj2Pz",Fri May 09 12:00:02 +0000 2025,24119,325,1314,4468053,False,False,True
1920803976502493347,FabrizioRomano,"🚨🔵🔴 Barcelona young GK Aron Yaakobishvili has signed new deal at the club until June 2028, there with agent Pini Zahavi as @JijantesFC reported.

The plan is for Yaakobishvili to leave on loan next season, play on regular basis then return as part of Barça long term project. https://t.co/1yV6HXG3XK",Fri May 09 11:32:09 +0000 2025,22029,180,1080,2110592,False,False,True
1920786915944452246,FabrizioRomano,"🚨⚪️ More on Xabi Alonso and Real Madrid. The contract has been already prepared, there were never any issues with Xabi’s camp or Leverkusen.

Bayer were informed one year ago about Xabi’s desire to be Real Madrid coach one day as crucial condition to accept new contract. https://t.co/lofZe9fvcW",Fri May 09 10:24:21 +0000 2025,30803,235,1982,1746525,False,False,True
1920779168200974508,FabrizioRomano,"🚨 Arne Slot: “Conor Bradley will start on Sunday because he needs more games under his belt to prepare for next season”.

“We trust him, for sure”. https://t.co/6wze7hGPEn",Fri May 09 09:53:34 +0000 2025,59377,329,2447,2992792,False,False,True
1920779150182224191,FabrizioRomano,"⚪️🏁 Xabi Alonso and Real Madrid, the option N1, 2 and 3 for months… and now it’s just matter of short time. https://t.co/5clke0KTxD",Fri May 09 09:53:30 +0000 2025,45683,335,2792,2423575,False,False,True
1920778469853589741,FabrizioRomano,"🎧 Here we go podcast on UCL semi finals teams.

◉ Arsenal wait for formal steps on Zubimendi deal.
◉ Donnarumma: new deal or he can leave this summer.
◉ New deal for Lamine Yamal, never in doubt.
◉ When United wanted Dumfries.

🎥 More @MenInBlazers: https://t.co/nFN2WuZ9P4",Fri May 09 09:50:48 +0000 2025,3052,69,188,1873959,False,False,False
1920760996861247832,FabrizioRomano,"RT @MadridXtra: 🚨 Real Madrid’s list for potential new manager:

1. Xabi Alonso
2. Xabi Alonso
3. Xabi Alonso

He’s the FAVORITE. @Fabrizio…",Fri May 09 08:41:22 +0000 2025,0,0,1295,30,False,False,False
1920738255374319887,FabrizioRomano,"🚨⚪️ Xabi Alonso, prepared to say yes to Real Madrid and then complete his move as soon as the exit process with Ancelotti will be finalised.

Bayer are accelerating the process to find a new head coach with talks to progress as they’re now expecting Xabi to leave. https://t.co/jYqcIdEaew",Fri May 09 07:11:00 +0000 2025,56603,587,4761,3367129,False,False,True
1920733222134313291,FabrizioRomano,"🚨⚪️ Dani Carvajal: “My mission is to be back for the Club World Cup, yes… that’s the goal”. https://t.co/G7zS6mFIMe",Fri May 09 06:51:00 +0000 2025,49838,214,1608,1731256,False,False,True
1920720639499051275,FabrizioRomano,"🚨 Amorim: “Mount is perfect for that position because he can be a midfielder, can run like a winger, can play with his back to the goal”.

“When you see that kind of guy, working hard every day, eating well, resting, ice bath, he does everything”. https://t.co/Rxo2uJ7bMg",Fri May 09 06:01:00 +0000 2025,71826,378,4074,2057354,False,False,True
1920719380994027974,FabrizioRomano,"🟢⚪️🇹🇷 Demir Ege Tiznak will be signed by Rio Ave for €5m clause and then sold again, as Serdal Adali revealed.

Portuguese top clubs and also one Bundesliga, one Serie A sides asked about Tiznak after his performances. https://t.co/uNSL9mPMxo",Fri May 09 05:56:00 +0000 2025,8856,205,335,1428923,False,False,True
1920621891636580827,FabrizioRomano,"❤️ Rúben Amorim: “Mason Mount, I am so happy for him, he is such a player. He works really hard”.

“He has quality. I really like Kobbie Mainoo, just 10 minutes on the pitch, but everything he did was really good”. https://t.co/oA3fAxqYrL",Thu May 08 23:28:37 +0000 2025,57976,167,3197,1714333,False,False,True
1920616062917177624,FabrizioRomano,"🚨👀 Ange Postecoglou on people trying to downplay the what it would mean if Spurs win the Europa League:

“Some people are fearing that it might actually happen… and because it might happen, saying, let’s see how we can tear it down. Being in the final, this is massive”. https://t.co/3rNCct6bsL",Thu May 08 23:05:27 +0000 2025,22157,213,853,1550228,False,False,True
1920613486582739089,FabrizioRomano,"🚨 Rúben Amorim: “I really want to give something to the fans, because we've been so disappointing in the Premier League this season”.

“It is more important to give something to the fans, than to add something to my CV as a winner”. https://t.co/iECfuQx2eO",Thu May 08 22:55:13 +0000 2025,42023,219,2610,1365379,False,False,True
1920595232250356198,FabrizioRomano,🚨🏆 Conference League final: Betis vs Chelsea! https://t.co/DGIglcqzph,Thu May 08 21:42:40 +0000 2025,176897,1489,11571,4685581,False,False,True
1920585950524039246,FabrizioRomano,"❤️ Mason Mount: “My first goals at Old Trafford… a special night. We're going to Bilbao and we want to finish strong”.

“It's been difficult since I've been here but I stayed positive and knew something good would come”. https://t.co/2W3q2zTZ1K",Thu May 08 21:05:48 +0000 2025,71284,370,4514,1917784,False,False,True
1920581684811956301,FabrizioRomano,🚨🏆 Manchester United vs Spurs for Europa League final in Bilbao! https://t.co/CvxqfRqync,Thu May 08 20:48:50 +0000 2025,128542,1672,9838,13563041,False,False,True
1920576064243306868,FabrizioRomano,⚪️🏹 Dominic Solanke scores making it 5 goals and 4 assists in Europa League this season. https://t.co/LkGntSwJE9,Thu May 08 20:26:30 +0000 2025,25056,144,858,1174432,False,False,True
1920565279454540108,FabrizioRomano,"💜🇩🇪 Robin Gosens brace means he has now scored 8 goals this season, 5 in last 11 games.

Fiorentina recently activated €7m buy clause from Union Berlin. https://t.co/JoCQ4M86dn",Thu May 08 19:43:39 +0000 2025,13805,81,572,1101511,False,False,True
1920562556474732633,FabrizioRomano,"🟢⚪️🇧🇷 Antony scores a beautiful free kick making it 8 goals since joining Real Betis in January from Man United.

12 G/A since signing for the Spanish club. https://t.co/DQUtv72BLW",Thu May 08 19:32:50 +0000 2025,96672,638,4339,3889869,False,False,True
1920548018782089726,FabrizioRomano,"💙🆕 Reggie Walsh becomes Chelsea's youngest ever European starter tonight.

16 years, 200 days. https://t.co/hojbt4ud9N",Thu May 08 18:35:04 +0000 2025,40481,216,2466,1392414,False,False,True
1920530768251490351,FabrizioRomano,"◉ Dean Huijsen deal to be decided in May with PL clubs pushing.
◉ Jeremie Frimong remains on #LFC list.
◉ Amorim wants Bruno to stay, Al Hilal will try again.
◉ Liverpool are not in talks for Kevin De Bruyne.

🎥 More: https://t.co/jlK9ddbHeX",Thu May 08 17:26:31 +0000 2025,8663,167,584,3070790,False,False,False
1920516331440337172,FabrizioRomano,"🚨🇲🇨 Eric Dier’s move to AS Monaco is signed and completed, contract also in place for the English defender.

Here we go, confirmed. 🔐 https://t.co/nLOteRW0IK",Thu May 08 16:29:09 +0000 2025,32585,242,1544,1945197,False,False,True
1920506151969476956,FabrizioRomano,🚨 UEFA Team of the Week has been released after the semi finals return leg! https://t.co/XcgpZUsR9k,Thu May 08 15:48:42 +0000 2025,82622,3121,4493,4474340,False,False,True
1920479365910888668,FabrizioRomano,"🚨⚪️⚫️ Juventus confirm obligation to buy clause for Lloyd Kelly has now been activated for €17.5m with add-ons.

It was always a permanent move planned with no chance of return to Newcastle but now formally completed. https://t.co/bS1VYxjioL",Thu May 08 14:02:16 +0000 2025,21046,285,1050,2899765,False,False,True
1920435603478339656,FabrizioRomano,"🚨 Luis Enrique on his future: “I’m so happy here at PSG because together with Luis Campos and Nasser Al Khelaifi we can project a team appreciated by our fans”.

🚫❌ Reports on Luis Campos in talks to join Man United were always described as wide of mark, as reported. https://t.co/5845ZTEPVC",Thu May 08 11:08:22 +0000 2025,16556,187,904,3735714,False,False,True
1920430594946695406,FabrizioRomano,"👀🇳🇱 Jeremie Frimpong’s release clause remains the same, available also this summer: €35/40m total package.

One to watch this summer. ⤵️",Thu May 08 10:48:28 +0000 2025,27311,834,1439,5076225,False,False,False
1920425668766015912,FabrizioRomano,"🚨 Florian Wirtz tells Sports Illustrated: “I'm lucky to have so many excellent clubs right on my doorstep and to now be able to play for one of the best clubs in Germany and Europe”.

“It's definitely tempting for me to leave my comfort zone at some point and experience… https://t.co/eVBDlA4ya9",Thu May 08 10:28:53 +0000 2025,39912,543,1806,2913217,False,False,True
1920381674946281577,FabrizioRomano,"🚨👀 Gigio Donnarumma on his future: “I’m under contract for one more year... it’s up to the club. If PSG want me to stay, I’m gonna stay”.

“We just have to sign the new contract. But it’s up to the club”. https://t.co/bSqo2v9DWw",Thu May 08 07:34:04 +0000 2025,44714,462,2154,2034686,False,False,True
1920358885816160528,FabrizioRomano,"🔴⚪️ Declan Rice: “In life, in general, sometimes you have to lose a few in order to win”.

“You have to overcome setbacks to mentally grow, as a person, as a player, as a group - and we’re going through that”. https://t.co/T4jMtgz0Kh",Thu May 08 06:03:31 +0000 2025,31073,1297,1732,1821850,False,False,True
1920269993968619571,FabrizioRomano,🔴⚪️🥺 Arteta: “Today I see how much they want it because our players were in tears”. https://t.co/IDrYnbhmrs,Thu May 08 00:10:18 +0000 2025,56049,1057,2313,2904598,False,False,True
1920258680664068488,FabrizioRomano,"🚨 Arteta: “The best team lost, in my view… especially after 160 minutes”.

“I’m saying that and they [PSG bench] are saying that because they just told me”. https://t.co/LH0KawkBp3",Wed May 07 23:25:20 +0000 2025,91206,5861,4261,10150288,False,False,True
1920242661157421179,FabrizioRomano,"🚨 Luis Enrique: “Beating all 4 Premier League teams? Well… the League of Farmers, know? We are the league of farmers.” 🚜🇫🇷 https://t.co/V0RjYOZwU3",Wed May 07 22:21:41 +0000 2025,183429,2703,12396,9507808,False,False,True
1920229956346323185,FabrizioRomano,🚨 Achraf Hakimi wins UEFA Man of the Match Award for PSG-Arsenal 🏅 https://t.co/zMsxhhvLEe,Wed May 07 21:31:12 +0000 2025,82029,794,3961,1906946,False,False,True
1920221597928915241,FabrizioRomano,𝐈𝐍𝐓𝐄𝐑 𝐕𝐒 𝐏𝐒𝐆 𝐈𝐍 𝐌𝐔𝐍𝐈𝐂𝐇! 🏆 https://t.co/GbOCOaQM6j,Wed May 07 20:57:59 +0000 2025,139174,1466,10320,3552991,False,False,True
1920220725614404020,FabrizioRomano,❤️💙 PSG eliminate Arsenal and fly to the Champions League final! 🤩 https://t.co/zYsYEYlcil,Wed May 07 20:54:31 +0000 2025,54754,1167,3486,2032297,False,False,True
1920216343195885633,FabrizioRomano,❤️💙🇲🇦 Achraf Hakimi reaches 21 G/A this season so far… one more crucial goal tonight for PSG. https://t.co/4vgv87DUe5,Wed May 07 20:37:06 +0000 2025,57670,576,2926,2094233,False,False,True
1920201274701516809,FabrizioRomano,Fabian Ruiz’s golazo makes Parc Des Princes go nuts! ❤️💙🔊 https://t.co/qlhgLOzSrm,Wed May 07 19:37:14 +0000 2025,34521,366,1705,1592298,False,False,True
1920194163066163549,FabrizioRomano,RT. And RT. And RT again.,Wed May 07 19:08:58 +0000 2025,26654,302,2836,2848561,False,False,False
1920176120919417196,FabrizioRomano,🚨 Ousmane Dembélé starts on the bench for PSG against Arsenal tonight. https://t.co/u11sSjxJ3S,Wed May 07 17:57:17 +0000 2025,37210,423,1447,1796501,False,False,True
