tweet_id,user,tweet,date,likes,comments,repost,views,is_retweet,is_reply,has_media
1926035863294607836,FabrizioRomano,"🚨💣 Florian Wirtz has informed Bayer Leverkusen of his desire to join Liverpool.

The contract agreement is done, sealed as Wirtz only wants Liverpool move.

Club to club talks already underway as revealed earlier, #LFC are confident to get the deal DONE SOON. Not a long saga. https://t.co/1NM6MIVtnj",Fri May 23 22:01:48 +0000 2025,176658,2914,15023,27997532,False,False,True
1929371608839332061,FabrizioRomano,"🚨 Liverpool remain confident to finalize Florian Wirtz deal as new round of talks has been scheduled this week.

Club optimistic to get the agreement sealed with Bayer Leverkusen soon. https://t.co/TAkyE7Yjvy",Mon Jun 02 02:56:52 +0000 2025,2723,251,256,80397,False,False,True
1929291429286715401,FabrizioRomano,"🚨 Chelsea remain in contact with Jadon Sancho’s camp over contract terms, still no agreement on salary so far.

Final decision will be in few days, outcome expected next week.

If contract terms are not agreed, Sancho will go back to Manchester United with £5m compensation. https://t.co/H8nDCd3WAg",Sun Jun 01 21:38:15 +0000 2025,27709,967,1720,1843329,False,False,True
1929287492819185879,FabrizioRomano,"🚨🔵 Strasbourg are set to sign Brazilian 16 year old fullback Angelo Candido from São Paulo, agreement done.

São Paulo will keep 12% sell-on clause as @mabragatchelo reports, deal in place.

One for the future with potential view on Chelsea move in the following years. 🇧🇷 https://t.co/4ZznwiVvdU",Sun Jun 01 21:22:37 +0000 2025,14054,226,790,1296068,False,False,True
1929281098355269893,FabrizioRomano,"🚨🇦🇹 Joao Sacramento, set to sign as new head coach at Austrian side LASK. Two year contract almost agreed.

Former Mourinho’s assistant at Spurs and Roma, also Galtier's assistant at PSG and Lille, considered to be a talented coach with important future ahead. https://t.co/EmcT8X1vuZ",Sun Jun 01 20:57:12 +0000 2025,11485,163,478,1224503,False,False,True
1929281083314414061,FabrizioRomano,"🎧 Here we go podcast post UCL.

◉ Florian Wirtz negotiations underway.
◉ PSG consider Mastantuono as future top player.
◉ Al Hilal push to get Simone Inzaghi’s green light.
◉ Donnarumma’s contract + Doué deal secrets. 

🎥 More @MenInBlazers: https://t.co/kw0s0JA1AE https://t.co/lwZGNHZO3k",Sun Jun 01 20:57:09 +0000 2025,9213,165,465,1195158,False,False,True
1929264051554505001,FabrizioRomano,"🚨⚪️ Spurs chairman Daniel Levy set to decide Ange Postecoglou’s future in the next days, situation open.

Thomas Frank and Marco Silva are both appreciated, discussed internally as options for Spurs job if Ange gets fired.

No final decision on Postecoglou yet. https://t.co/GNvtBcjiAD",Sun Jun 01 19:49:28 +0000 2025,45055,1117,2345,3154409,False,False,True
1929235096155857299,FabrizioRomano,"🚨🔵 Liam Delap completes first part of his medical at Chelsea and formal steps will follow early next week.

All set to get the deal official. Delap will play for Chelsea. https://t.co/mOtO4bXQp6",Sun Jun 01 17:54:25 +0000 2025,50432,860,3741,2422829,False,False,True
1929217878412108054,FabrizioRomano,"🚨⚪️⚫️ Former Toulouse president Damien Comolli has signed in as new Juventus general director.

Three year contract sealed. https://t.co/9OxVxAQqos",Sun Jun 01 16:46:00 +0000 2025,20405,500,907,2452687,False,False,True
1929202328973762883,FabrizioRomano,"🔵⚪️🦅 Maurizio Sarri and Lazio, deal set to be signed next week on two year contract plus option.

Story revealed yesterday, confirmed. ⤵️",Sun Jun 01 15:44:12 +0000 2025,12031,253,598,3201569,False,False,False
1929202088510132232,FabrizioRomano,"🚨🔴⚪️ Caoimhin Kelleher to Brentford, here we go! Deal done for the goalkeeper to join from Liverpool on £18m package fee add-ons included.

Mark Flekken will leave Brentford and join Bayer Leverkusen for €10m 🔴⚫️🇩🇪 https://t.co/uDfhSEoV8U",Sun Jun 01 15:43:15 +0000 2025,93494,1424,5853,6188201,False,False,True
1929201446731251789,FabrizioRomano,🚨🏅 UEFA Team of the Season for UCL campaign 2024/25 has been released! ✨ https://t.co/hml4zaZkLk,Sun Jun 01 15:40:42 +0000 2025,75137,2026,5102,4206392,False,False,True
1929201297355407775,FabrizioRomano,🚨🏅 Ousmane Dembélé wins Best Player of the Season Award from UEFA for UCL. https://t.co/H4dot33cOv,Sun Jun 01 15:40:06 +0000 2025,117194,1265,7450,3067481,False,False,True
1929201209123930347,FabrizioRomano,🚨🏅 Désiré Doué wins Young Player of the Season Award from UEFA for UCL. https://t.co/uYsmdE2eKa,Sun Jun 01 15:39:45 +0000 2025,87573,856,4368,2774380,False,False,True
1929166245925888507,FabrizioRomano,"🚨❌ Francesco Acerbi has rejected to join Italian national team for the upcoming international games.

“Acerbi informed me by text message this morning, we move on”, says Italy coach Luciano Spalletti. https://t.co/dDuzj3uCzX",Sun Jun 01 13:20:49 +0000 2025,50554,703,1860,4259015,False,False,True
1929161993069416774,FabrizioRomano,"🚨 OFFICIAL: Matheus Cunha joins Man United on five year deal plus one year option from Wolves.

All documents signed after £62.5m release clause has been triggered earlier this week.

First signing of the summer for Man Utd. https://t.co/iesnVyEBaC",Sun Jun 01 13:03:55 +0000 2025,109752,1997,10557,6239011,False,False,True
1929161504764448777,FabrizioRomano,🚨✅🇧🇷 #MUFC,Sun Jun 01 13:01:59 +0000 2025,32354,327,1682,3414668,False,False,False
1929149735798972755,FabrizioRomano,🔴👀⏳ #LFC,Sun Jun 01 12:15:13 +0000 2025,53664,921,3535,6771216,False,False,False
1929141735860380065,FabrizioRomano,"🚨⚠️ Ter Stegen on Joan García and Barça talks: “No one has spoken to me about this… but it doesn't concern me too much. I know that I WILL be in Barcelona next year”.

“For me the situation has not changed in principle. I’m very excited for next season”. https://t.co/8frpV3AKm0",Sun Jun 01 11:43:26 +0000 2025,29456,1145,1290,2812637,False,False,True
1929141060128694669,FabrizioRomano,"🚨🔵 Manchester City and OL are in club to club talks for Rayan Cherki, deal expected to advance fast next week.

Price tag will be in excess of €30m for Cherki; Man City are confident.

2️⃣ #MCFC mantain their plan: Cherki and Reijnders deals to be done in the next days. https://t.co/NQNfJqWncH",Sun Jun 01 11:40:45 +0000 2025,47469,718,3170,4597111,False,False,True
1929132858150392179,FabrizioRomano,"🚨🔵🔴 Robert Lewandowski: “I will stay at Barça, it’s not even a topic. For sure”.

“I’m sure our team will be stronger and I want to win even more”. https://t.co/fB0JPtt1qj",Sun Jun 01 11:08:09 +0000 2025,57768,475,2305,2328685,False,False,True
1926035863294607836,FabrizioRomano,"🚨💣 Florian Wirtz has informed Bayer Leverkusen of his desire to join Liverpool.

The contract agreement is done, sealed as Wirtz only wants Liverpool move.

Club to club talks already underway as revealed earlier, #LFC are confident to get the deal DONE SOON. Not a long saga. https://t.co/1NM6MIVtnj",Fri May 23 22:01:48 +0000 2025,176658,2914,15023,27997532,False,False,True
1929371608839332061,FabrizioRomano,"🚨 Liverpool remain confident to finalize Florian Wirtz deal as new round of talks has been scheduled this week.

Club optimistic to get the agreement sealed with Bayer Leverkusen soon. https://t.co/TAkyE7Yjvy",Mon Jun 02 02:56:52 +0000 2025,2729,252,256,80397,False,False,True
1929291429286715401,FabrizioRomano,"🚨 Chelsea remain in contact with Jadon Sancho’s camp over contract terms, still no agreement on salary so far.

Final decision will be in few days, outcome expected next week.

If contract terms are not agreed, Sancho will go back to Manchester United with £5m compensation. https://t.co/H8nDCd3WAg",Sun Jun 01 21:38:15 +0000 2025,27709,967,1720,1843329,False,False,True
1929287492819185879,FabrizioRomano,"🚨🔵 Strasbourg are set to sign Brazilian 16 year old fullback Angelo Candido from São Paulo, agreement done.

São Paulo will keep 12% sell-on clause as @mabragatchelo reports, deal in place.

One for the future with potential view on Chelsea move in the following years. 🇧🇷 https://t.co/4ZznwiVvdU",Sun Jun 01 21:22:37 +0000 2025,14054,226,790,1296068,False,False,True
1929281098355269893,FabrizioRomano,"🚨🇦🇹 Joao Sacramento, set to sign as new head coach at Austrian side LASK. Two year contract almost agreed.

Former Mourinho’s assistant at Spurs and Roma, also Galtier's assistant at PSG and Lille, considered to be a talented coach with important future ahead. https://t.co/EmcT8X1vuZ",Sun Jun 01 20:57:12 +0000 2025,11485,163,478,1224503,False,False,True
1929281083314414061,FabrizioRomano,"🎧 Here we go podcast post UCL.

◉ Florian Wirtz negotiations underway.
◉ PSG consider Mastantuono as future top player.
◉ Al Hilal push to get Simone Inzaghi’s green light.
◉ Donnarumma’s contract + Doué deal secrets. 

🎥 More @MenInBlazers: https://t.co/kw0s0JA1AE https://t.co/lwZGNHZO3k",Sun Jun 01 20:57:09 +0000 2025,9213,165,465,1195158,False,False,True
1929264051554505001,FabrizioRomano,"🚨⚪️ Spurs chairman Daniel Levy set to decide Ange Postecoglou’s future in the next days, situation open.

Thomas Frank and Marco Silva are both appreciated, discussed internally as options for Spurs job if Ange gets fired.

No final decision on Postecoglou yet. https://t.co/GNvtBcjiAD",Sun Jun 01 19:49:28 +0000 2025,45058,1117,2345,3154409,False,False,True
1929235096155857299,FabrizioRomano,"🚨🔵 Liam Delap completes first part of his medical at Chelsea and formal steps will follow early next week.

All set to get the deal official. Delap will play for Chelsea. https://t.co/mOtO4bXQp6",Sun Jun 01 17:54:25 +0000 2025,50433,860,3741,2423438,False,False,True
1929217878412108054,FabrizioRomano,"🚨⚪️⚫️ Former Toulouse president Damien Comolli has signed in as new Juventus general director.

Three year contract sealed. https://t.co/9OxVxAQqos",Sun Jun 01 16:46:00 +0000 2025,20405,500,907,2452687,False,False,True
1929202328973762883,FabrizioRomano,"🔵⚪️🦅 Maurizio Sarri and Lazio, deal set to be signed next week on two year contract plus option.

Story revealed yesterday, confirmed. ⤵️",Sun Jun 01 15:44:12 +0000 2025,12031,253,598,3201569,False,False,False
1929202088510132232,FabrizioRomano,"🚨🔴⚪️ Caoimhin Kelleher to Brentford, here we go! Deal done for the goalkeeper to join from Liverpool on £18m package fee add-ons included.

Mark Flekken will leave Brentford and join Bayer Leverkusen for €10m 🔴⚫️🇩🇪 https://t.co/uDfhSEoV8U",Sun Jun 01 15:43:15 +0000 2025,93497,1424,5853,6188201,False,False,True
1929201446731251789,FabrizioRomano,🚨🏅 UEFA Team of the Season for UCL campaign 2024/25 has been released! ✨ https://t.co/hml4zaZkLk,Sun Jun 01 15:40:42 +0000 2025,75138,2026,5102,4206392,False,False,True
1929201297355407775,FabrizioRomano,🚨🏅 Ousmane Dembélé wins Best Player of the Season Award from UEFA for UCL. https://t.co/H4dot33cOv,Sun Jun 01 15:40:06 +0000 2025,117194,1265,7450,3067481,False,False,True
1929201209123930347,FabrizioRomano,🚨🏅 Désiré Doué wins Young Player of the Season Award from UEFA for UCL. https://t.co/uYsmdE2eKa,Sun Jun 01 15:39:45 +0000 2025,87574,856,4368,2774767,False,False,True
1929166245925888507,FabrizioRomano,"🚨❌ Francesco Acerbi has rejected to join Italian national team for the upcoming international games.

“Acerbi informed me by text message this morning, we move on”, says Italy coach Luciano Spalletti. https://t.co/dDuzj3uCzX",Sun Jun 01 13:20:49 +0000 2025,50555,703,1860,4259015,False,False,True
1929161993069416774,FabrizioRomano,"🚨 OFFICIAL: Matheus Cunha joins Man United on five year deal plus one year option from Wolves.

All documents signed after £62.5m release clause has been triggered earlier this week.

First signing of the summer for Man Utd. https://t.co/iesnVyEBaC",Sun Jun 01 13:03:55 +0000 2025,109752,1997,10557,6239011,False,False,True
1929161504764448777,FabrizioRomano,🚨✅🇧🇷 #MUFC,Sun Jun 01 13:01:59 +0000 2025,32354,327,1682,3414668,False,False,False
1929149735798972755,FabrizioRomano,🔴👀⏳ #LFC,Sun Jun 01 12:15:13 +0000 2025,53664,921,3535,6771216,False,False,False
1929141735860380065,FabrizioRomano,"🚨⚠️ Ter Stegen on Joan García and Barça talks: “No one has spoken to me about this… but it doesn't concern me too much. I know that I WILL be in Barcelona next year”.

“For me the situation has not changed in principle. I’m very excited for next season”. https://t.co/8frpV3AKm0",Sun Jun 01 11:43:26 +0000 2025,29456,1145,1290,2812637,False,False,True
1929141060128694669,FabrizioRomano,"🚨🔵 Manchester City and OL are in club to club talks for Rayan Cherki, deal expected to advance fast next week.

Price tag will be in excess of €30m for Cherki; Man City are confident.

2️⃣ #MCFC mantain their plan: Cherki and Reijnders deals to be done in the next days. https://t.co/NQNfJqWncH",Sun Jun 01 11:40:45 +0000 2025,47471,718,3170,4597111,False,False,True
1929132858150392179,FabrizioRomano,"🚨🔵🔴 Robert Lewandowski: “I will stay at Barça, it’s not even a topic. For sure”.

“I’m sure our team will be stronger and I want to win even more”. https://t.co/fB0JPtt1qj",Sun Jun 01 11:08:09 +0000 2025,57768,475,2305,2328685,False,False,True
1926035863294607836,FabrizioRomano,"🚨💣 Florian Wirtz has informed Bayer Leverkusen of his desire to join Liverpool.

The contract agreement is done, sealed as Wirtz only wants Liverpool move.

Club to club talks already underway as revealed earlier, #LFC are confident to get the deal DONE SOON. Not a long saga. https://t.co/1NM6MIVtnj",Fri May 23 22:01:48 +0000 2025,176658,2914,15023,27997532,False,False,True
1929371608839332061,FabrizioRomano,"🚨 Liverpool remain confident to finalize Florian Wirtz deal as new round of talks has been scheduled this week.

Club optimistic to get the agreement sealed with Bayer Leverkusen soon. https://t.co/TAkyE7Yjvy",Mon Jun 02 02:56:52 +0000 2025,2742,253,257,80397,False,False,True
1929291429286715401,FabrizioRomano,"🚨 Chelsea remain in contact with Jadon Sancho’s camp over contract terms, still no agreement on salary so far.

Final decision will be in few days, outcome expected next week.

If contract terms are not agreed, Sancho will go back to Manchester United with £5m compensation. https://t.co/H8nDCd3WAg",Sun Jun 01 21:38:15 +0000 2025,27710,967,1720,1843329,False,False,True
1929287492819185879,FabrizioRomano,"🚨🔵 Strasbourg are set to sign Brazilian 16 year old fullback Angelo Candido from São Paulo, agreement done.

São Paulo will keep 12% sell-on clause as @mabragatchelo reports, deal in place.

One for the future with potential view on Chelsea move in the following years. 🇧🇷 https://t.co/4ZznwiVvdU",Sun Jun 01 21:22:37 +0000 2025,14054,226,790,1296068,False,False,True
1929281098355269893,FabrizioRomano,"🚨🇦🇹 Joao Sacramento, set to sign as new head coach at Austrian side LASK. Two year contract almost agreed.

Former Mourinho’s assistant at Spurs and Roma, also Galtier's assistant at PSG and Lille, considered to be a talented coach with important future ahead. https://t.co/EmcT8X1vuZ",Sun Jun 01 20:57:12 +0000 2025,11486,163,478,1224503,False,False,True
1929281083314414061,FabrizioRomano,"🎧 Here we go podcast post UCL.

◉ Florian Wirtz negotiations underway.
◉ PSG consider Mastantuono as future top player.
◉ Al Hilal push to get Simone Inzaghi’s green light.
◉ Donnarumma’s contract + Doué deal secrets. 

🎥 More @MenInBlazers: https://t.co/kw0s0JA1AE https://t.co/lwZGNHZO3k",Sun Jun 01 20:57:09 +0000 2025,9213,165,465,1195158,False,False,True
1929264051554505001,FabrizioRomano,"🚨⚪️ Spurs chairman Daniel Levy set to decide Ange Postecoglou’s future in the next days, situation open.

Thomas Frank and Marco Silva are both appreciated, discussed internally as options for Spurs job if Ange gets fired.

No final decision on Postecoglou yet. https://t.co/GNvtBcjiAD",Sun Jun 01 19:49:28 +0000 2025,45059,1117,2345,3154409,False,False,True
1929235096155857299,FabrizioRomano,"🚨🔵 Liam Delap completes first part of his medical at Chelsea and formal steps will follow early next week.

All set to get the deal official. Delap will play for Chelsea. https://t.co/mOtO4bXQp6",Sun Jun 01 17:54:25 +0000 2025,50434,860,3741,2423438,False,False,True
1929217878412108054,FabrizioRomano,"🚨⚪️⚫️ Former Toulouse president Damien Comolli has signed in as new Juventus general director.

Three year contract sealed. https://t.co/9OxVxAQqos",Sun Jun 01 16:46:00 +0000 2025,20406,500,907,2452687,False,False,True
1929202328973762883,FabrizioRomano,"🔵⚪️🦅 Maurizio Sarri and Lazio, deal set to be signed next week on two year contract plus option.

Story revealed yesterday, confirmed. ⤵️",Sun Jun 01 15:44:12 +0000 2025,12032,253,598,3201569,False,False,False
1929202088510132232,FabrizioRomano,"🚨🔴⚪️ Caoimhin Kelleher to Brentford, here we go! Deal done for the goalkeeper to join from Liverpool on £18m package fee add-ons included.

Mark Flekken will leave Brentford and join Bayer Leverkusen for €10m 🔴⚫️🇩🇪 https://t.co/uDfhSEoV8U",Sun Jun 01 15:43:15 +0000 2025,93498,1424,5854,6188201,False,False,True
1929201446731251789,FabrizioRomano,🚨🏅 UEFA Team of the Season for UCL campaign 2024/25 has been released! ✨ https://t.co/hml4zaZkLk,Sun Jun 01 15:40:42 +0000 2025,75138,2026,5102,4206392,False,False,True
1929201297355407775,FabrizioRomano,🚨🏅 Ousmane Dembélé wins Best Player of the Season Award from UEFA for UCL. https://t.co/H4dot33cOv,Sun Jun 01 15:40:06 +0000 2025,117195,1265,7450,3067481,False,False,True
1929201209123930347,FabrizioRomano,🚨🏅 Désiré Doué wins Young Player of the Season Award from UEFA for UCL. https://t.co/uYsmdE2eKa,Sun Jun 01 15:39:45 +0000 2025,87576,856,4368,2774767,False,False,True
1929166245925888507,FabrizioRomano,"🚨❌ Francesco Acerbi has rejected to join Italian national team for the upcoming international games.

“Acerbi informed me by text message this morning, we move on”, says Italy coach Luciano Spalletti. https://t.co/dDuzj3uCzX",Sun Jun 01 13:20:49 +0000 2025,50557,703,1860,4259015,False,False,True
1929161993069416774,FabrizioRomano,"🚨 OFFICIAL: Matheus Cunha joins Man United on five year deal plus one year option from Wolves.

All documents signed after £62.5m release clause has been triggered earlier this week.

First signing of the summer for Man Utd. https://t.co/iesnVyEBaC",Sun Jun 01 13:03:55 +0000 2025,109755,1997,10557,6183895,False,False,True
1929161504764448777,FabrizioRomano,🚨✅🇧🇷 #MUFC,Sun Jun 01 13:01:59 +0000 2025,32354,327,1682,3414668,False,False,False
1929149735798972755,FabrizioRomano,🔴👀⏳ #LFC,Sun Jun 01 12:15:13 +0000 2025,53664,921,3535,6771216,False,False,False
1929141735860380065,FabrizioRomano,"🚨⚠️ Ter Stegen on Joan García and Barça talks: “No one has spoken to me about this… but it doesn't concern me too much. I know that I WILL be in Barcelona next year”.

“For me the situation has not changed in principle. I’m very excited for next season”. https://t.co/8frpV3AKm0",Sun Jun 01 11:43:26 +0000 2025,29456,1145,1290,2830670,False,False,True
1929141060128694669,FabrizioRomano,"🚨🔵 Manchester City and OL are in club to club talks for Rayan Cherki, deal expected to advance fast next week.

Price tag will be in excess of €30m for Cherki; Man City are confident.

2️⃣ #MCFC mantain their plan: Cherki and Reijnders deals to be done in the next days. https://t.co/NQNfJqWncH",Sun Jun 01 11:40:45 +0000 2025,47472,718,3170,4597111,False,False,True
1929132858150392179,FabrizioRomano,"🚨🔵🔴 Robert Lewandowski: “I will stay at Barça, it’s not even a topic. For sure”.

“I’m sure our team will be stronger and I want to win even more”. https://t.co/fB0JPtt1qj",Sun Jun 01 11:08:09 +0000 2025,57769,475,2305,2328685,False,False,True
1926035863294607836,FabrizioRomano,"🚨💣 Florian Wirtz has informed Bayer Leverkusen of his desire to join Liverpool.

The contract agreement is done, sealed as Wirtz only wants Liverpool move.

Club to club talks already underway as revealed earlier, #LFC are confident to get the deal DONE SOON. Not a long saga. https://t.co/1NM6MIVtnj",Fri May 23 22:01:48 +0000 2025,176658,2914,15023,27997532,False,False,True
1929371608839332061,FabrizioRomano,"🚨 Liverpool remain confident to finalize Florian Wirtz deal as new round of talks has been scheduled this week.

Club optimistic to get the agreement sealed with Bayer Leverkusen soon. https://t.co/TAkyE7Yjvy",Mon Jun 02 02:56:52 +0000 2025,2761,253,258,80397,False,False,True
1929291429286715401,FabrizioRomano,"🚨 Chelsea remain in contact with Jadon Sancho’s camp over contract terms, still no agreement on salary so far.

Final decision will be in few days, outcome expected next week.

If contract terms are not agreed, Sancho will go back to Manchester United with £5m compensation. https://t.co/H8nDCd3WAg",Sun Jun 01 21:38:15 +0000 2025,27711,967,1720,1843329,False,False,True
1929287492819185879,FabrizioRomano,"🚨🔵 Strasbourg are set to sign Brazilian 16 year old fullback Angelo Candido from São Paulo, agreement done.

São Paulo will keep 12% sell-on clause as @mabragatchelo reports, deal in place.

One for the future with potential view on Chelsea move in the following years. 🇧🇷 https://t.co/4ZznwiVvdU",Sun Jun 01 21:22:37 +0000 2025,14054,226,790,1296068,False,False,True
1929281098355269893,FabrizioRomano,"🚨🇦🇹 Joao Sacramento, set to sign as new head coach at Austrian side LASK. Two year contract almost agreed.

Former Mourinho’s assistant at Spurs and Roma, also Galtier's assistant at PSG and Lille, considered to be a talented coach with important future ahead. https://t.co/EmcT8X1vuZ",Sun Jun 01 20:57:12 +0000 2025,11488,163,478,1224503,False,False,True
1929281083314414061,FabrizioRomano,"🎧 Here we go podcast post UCL.

◉ Florian Wirtz negotiations underway.
◉ PSG consider Mastantuono as future top player.
◉ Al Hilal push to get Simone Inzaghi’s green light.
◉ Donnarumma’s contract + Doué deal secrets. 

🎥 More @MenInBlazers: https://t.co/kw0s0JA1AE https://t.co/lwZGNHZO3k",Sun Jun 01 20:57:09 +0000 2025,9213,165,465,1195158,False,False,True
1929264051554505001,FabrizioRomano,"🚨⚪️ Spurs chairman Daniel Levy set to decide Ange Postecoglou’s future in the next days, situation open.

Thomas Frank and Marco Silva are both appreciated, discussed internally as options for Spurs job if Ange gets fired.

No final decision on Postecoglou yet. https://t.co/GNvtBcjiAD",Sun Jun 01 19:49:28 +0000 2025,45059,1117,2345,3154409,False,False,True
1929235096155857299,FabrizioRomano,"🚨🔵 Liam Delap completes first part of his medical at Chelsea and formal steps will follow early next week.

All set to get the deal official. Delap will play for Chelsea. https://t.co/mOtO4bXQp6",Sun Jun 01 17:54:25 +0000 2025,50435,860,3741,2423438,False,False,True
1929217878412108054,FabrizioRomano,"🚨⚪️⚫️ Former Toulouse president Damien Comolli has signed in as new Juventus general director.

Three year contract sealed. https://t.co/9OxVxAQqos",Sun Jun 01 16:46:00 +0000 2025,20407,500,907,2452687,False,False,True
1929202328973762883,FabrizioRomano,"🔵⚪️🦅 Maurizio Sarri and Lazio, deal set to be signed next week on two year contract plus option.

Story revealed yesterday, confirmed. ⤵️",Sun Jun 01 15:44:12 +0000 2025,12033,253,598,3202014,False,False,False
1929202088510132232,FabrizioRomano,"🚨🔴⚪️ Caoimhin Kelleher to Brentford, here we go! Deal done for the goalkeeper to join from Liverpool on £18m package fee add-ons included.

Mark Flekken will leave Brentford and join Bayer Leverkusen for €10m 🔴⚫️🇩🇪 https://t.co/uDfhSEoV8U",Sun Jun 01 15:43:15 +0000 2025,93501,1424,5854,6188201,False,False,True
1929201446731251789,FabrizioRomano,🚨🏅 UEFA Team of the Season for UCL campaign 2024/25 has been released! ✨ https://t.co/hml4zaZkLk,Sun Jun 01 15:40:42 +0000 2025,75138,2026,5102,4206392,False,False,True
1929201297355407775,FabrizioRomano,🚨🏅 Ousmane Dembélé wins Best Player of the Season Award from UEFA for UCL. https://t.co/H4dot33cOv,Sun Jun 01 15:40:06 +0000 2025,117196,1265,7450,3067481,False,False,True
1929201209123930347,FabrizioRomano,🚨🏅 Désiré Doué wins Young Player of the Season Award from UEFA for UCL. https://t.co/uYsmdE2eKa,Sun Jun 01 15:39:45 +0000 2025,87577,856,4369,2774767,False,False,True
1929166245925888507,FabrizioRomano,"🚨❌ Francesco Acerbi has rejected to join Italian national team for the upcoming international games.

“Acerbi informed me by text message this morning, we move on”, says Italy coach Luciano Spalletti. https://t.co/dDuzj3uCzX",Sun Jun 01 13:20:49 +0000 2025,50558,703,1860,4259015,False,False,True
1929161993069416774,FabrizioRomano,"🚨 OFFICIAL: Matheus Cunha joins Man United on five year deal plus one year option from Wolves.

All documents signed after £62.5m release clause has been triggered earlier this week.

First signing of the summer for Man Utd. https://t.co/iesnVyEBaC",Sun Jun 01 13:03:55 +0000 2025,109757,1997,10557,6183895,False,False,True
1929161504764448777,FabrizioRomano,🚨✅🇧🇷 #MUFC,Sun Jun 01 13:01:59 +0000 2025,32354,327,1682,3414668,False,False,False
1929149735798972755,FabrizioRomano,🔴👀⏳ #LFC,Sun Jun 01 12:15:13 +0000 2025,53664,921,3535,6771216,False,False,False
1929141735860380065,FabrizioRomano,"🚨⚠️ Ter Stegen on Joan García and Barça talks: “No one has spoken to me about this… but it doesn't concern me too much. I know that I WILL be in Barcelona next year”.

“For me the situation has not changed in principle. I’m very excited for next season”. https://t.co/8frpV3AKm0",Sun Jun 01 11:43:26 +0000 2025,29456,1145,1290,2830670,False,False,True
1929141060128694669,FabrizioRomano,"🚨🔵 Manchester City and OL are in club to club talks for Rayan Cherki, deal expected to advance fast next week.

Price tag will be in excess of €30m for Cherki; Man City are confident.

2️⃣ #MCFC mantain their plan: Cherki and Reijnders deals to be done in the next days. https://t.co/NQNfJqWncH",Sun Jun 01 11:40:45 +0000 2025,47472,718,3170,4597111,False,False,True
1929132858150392179,FabrizioRomano,"🚨🔵🔴 Robert Lewandowski: “I will stay at Barça, it’s not even a topic. For sure”.

“I’m sure our team will be stronger and I want to win even more”. https://t.co/fB0JPtt1qj",Sun Jun 01 11:08:09 +0000 2025,57770,475,2305,2328878,False,False,True
1926035863294607836,FabrizioRomano,"🚨💣 Florian Wirtz has informed Bayer Leverkusen of his desire to join Liverpool.

The contract agreement is done, sealed as Wirtz only wants Liverpool move.

Club to club talks already underway as revealed earlier, #LFC are confident to get the deal DONE SOON. Not a long saga. https://t.co/1NM6MIVtnj",Fri May 23 22:01:48 +0000 2025,176659,2914,15023,27997532,False,False,True
1929371608839332061,FabrizioRomano,"🚨 Liverpool remain confident to finalize Florian Wirtz deal as new round of talks has been scheduled this week.

Club optimistic to get the agreement sealed with Bayer Leverkusen soon. https://t.co/TAkyE7Yjvy",Mon Jun 02 02:56:52 +0000 2025,2779,253,259,80397,False,False,True
1929291429286715401,FabrizioRomano,"🚨 Chelsea remain in contact with Jadon Sancho’s camp over contract terms, still no agreement on salary so far.

Final decision will be in few days, outcome expected next week.

If contract terms are not agreed, Sancho will go back to Manchester United with £5m compensation. https://t.co/H8nDCd3WAg",Sun Jun 01 21:38:15 +0000 2025,27714,967,1720,1843329,False,False,True
1929287492819185879,FabrizioRomano,"🚨🔵 Strasbourg are set to sign Brazilian 16 year old fullback Angelo Candido from São Paulo, agreement done.

São Paulo will keep 12% sell-on clause as @mabragatchelo reports, deal in place.

One for the future with potential view on Chelsea move in the following years. 🇧🇷 https://t.co/4ZznwiVvdU",Sun Jun 01 21:22:37 +0000 2025,14055,226,790,1296068,False,False,True
1929281098355269893,FabrizioRomano,"🚨🇦🇹 Joao Sacramento, set to sign as new head coach at Austrian side LASK. Two year contract almost agreed.

Former Mourinho’s assistant at Spurs and Roma, also Galtier's assistant at PSG and Lille, considered to be a talented coach with important future ahead. https://t.co/EmcT8X1vuZ",Sun Jun 01 20:57:12 +0000 2025,11488,163,478,1224503,False,False,True
1929281083314414061,FabrizioRomano,"🎧 Here we go podcast post UCL.

◉ Florian Wirtz negotiations underway.
◉ PSG consider Mastantuono as future top player.
◉ Al Hilal push to get Simone Inzaghi’s green light.
◉ Donnarumma’s contract + Doué deal secrets. 

🎥 More @MenInBlazers: https://t.co/kw0s0JA1AE https://t.co/lwZGNHZO3k",Sun Jun 01 20:57:09 +0000 2025,9214,165,465,1195158,False,False,True
1929264051554505001,FabrizioRomano,"🚨⚪️ Spurs chairman Daniel Levy set to decide Ange Postecoglou’s future in the next days, situation open.

Thomas Frank and Marco Silva are both appreciated, discussed internally as options for Spurs job if Ange gets fired.

No final decision on Postecoglou yet. https://t.co/GNvtBcjiAD",Sun Jun 01 19:49:28 +0000 2025,45063,1117,2345,3154409,False,False,True
1929235096155857299,FabrizioRomano,"🚨🔵 Liam Delap completes first part of his medical at Chelsea and formal steps will follow early next week.

All set to get the deal official. Delap will play for Chelsea. https://t.co/mOtO4bXQp6",Sun Jun 01 17:54:25 +0000 2025,50436,860,3741,2423438,False,False,True
1929217878412108054,FabrizioRomano,"🚨⚪️⚫️ Former Toulouse president Damien Comolli has signed in as new Juventus general director.

Three year contract sealed. https://t.co/9OxVxAQqos",Sun Jun 01 16:46:00 +0000 2025,20407,500,907,2452687,False,False,True
1929202328973762883,FabrizioRomano,"🔵⚪️🦅 Maurizio Sarri and Lazio, deal set to be signed next week on two year contract plus option.

Story revealed yesterday, confirmed. ⤵️",Sun Jun 01 15:44:12 +0000 2025,12033,253,598,3202014,False,False,False
1929202088510132232,FabrizioRomano,"🚨🔴⚪️ Caoimhin Kelleher to Brentford, here we go! Deal done for the goalkeeper to join from Liverpool on £18m package fee add-ons included.

Mark Flekken will leave Brentford and join Bayer Leverkusen for €10m 🔴⚫️🇩🇪 https://t.co/uDfhSEoV8U",Sun Jun 01 15:43:15 +0000 2025,93502,1424,5854,6188201,False,False,True
1929201446731251789,FabrizioRomano,🚨🏅 UEFA Team of the Season for UCL campaign 2024/25 has been released! ✨ https://t.co/hml4zaZkLk,Sun Jun 01 15:40:42 +0000 2025,75139,2026,5102,4206392,False,False,True
1929201297355407775,FabrizioRomano,🚨🏅 Ousmane Dembélé wins Best Player of the Season Award from UEFA for UCL. https://t.co/H4dot33cOv,Sun Jun 01 15:40:06 +0000 2025,117196,1265,7450,3067481,False,False,True
1929201209123930347,FabrizioRomano,🚨🏅 Désiré Doué wins Young Player of the Season Award from UEFA for UCL. https://t.co/uYsmdE2eKa,Sun Jun 01 15:39:45 +0000 2025,87579,856,4369,2774767,False,False,True
1929166245925888507,FabrizioRomano,"🚨❌ Francesco Acerbi has rejected to join Italian national team for the upcoming international games.

“Acerbi informed me by text message this morning, we move on”, says Italy coach Luciano Spalletti. https://t.co/dDuzj3uCzX",Sun Jun 01 13:20:49 +0000 2025,50559,703,1860,4259015,False,False,True
1929161993069416774,FabrizioRomano,"🚨 OFFICIAL: Matheus Cunha joins Man United on five year deal plus one year option from Wolves.

All documents signed after £62.5m release clause has been triggered earlier this week.

First signing of the summer for Man Utd. https://t.co/iesnVyEBaC",Sun Jun 01 13:03:55 +0000 2025,109757,1997,10557,6183895,False,False,True
1929161504764448777,FabrizioRomano,🚨✅🇧🇷 #MUFC,Sun Jun 01 13:01:59 +0000 2025,32356,327,1682,3414668,False,False,False
1929149735798972755,FabrizioRomano,🔴👀⏳ #LFC,Sun Jun 01 12:15:13 +0000 2025,53664,921,3535,6771216,False,False,False
1929141735860380065,FabrizioRomano,"🚨⚠️ Ter Stegen on Joan García and Barça talks: “No one has spoken to me about this… but it doesn't concern me too much. I know that I WILL be in Barcelona next year”.

“For me the situation has not changed in principle. I’m very excited for next season”. https://t.co/8frpV3AKm0",Sun Jun 01 11:43:26 +0000 2025,29456,1145,1290,2830670,False,False,True
1929141060128694669,FabrizioRomano,"🚨🔵 Manchester City and OL are in club to club talks for Rayan Cherki, deal expected to advance fast next week.

Price tag will be in excess of €30m for Cherki; Man City are confident.

2️⃣ #MCFC mantain their plan: Cherki and Reijnders deals to be done in the next days. https://t.co/NQNfJqWncH",Sun Jun 01 11:40:45 +0000 2025,47472,718,3170,4597111,False,False,True
1929132858150392179,FabrizioRomano,"🚨🔵🔴 Robert Lewandowski: “I will stay at Barça, it’s not even a topic. For sure”.

“I’m sure our team will be stronger and I want to win even more”. https://t.co/fB0JPtt1qj",Sun Jun 01 11:08:09 +0000 2025,57770,475,2305,2328878,False,False,True
1926035863294607836,FabrizioRomano,"🚨💣 Florian Wirtz has informed Bayer Leverkusen of his desire to join Liverpool.

The contract agreement is done, sealed as Wirtz only wants Liverpool move.

Club to club talks already underway as revealed earlier, #LFC are confident to get the deal DONE SOON. Not a long saga. https://t.co/1NM6MIVtnj",Fri May 23 22:01:48 +0000 2025,176659,2914,15023,27997532,False,False,True
1929371608839332061,FabrizioRomano,"🚨 Liverpool remain confident to finalize Florian Wirtz deal as new round of talks has been scheduled this week.

Club optimistic to get the agreement sealed with Bayer Leverkusen soon. https://t.co/TAkyE7Yjvy",Mon Jun 02 02:56:52 +0000 2025,2792,254,261,80397,False,False,True
1929291429286715401,FabrizioRomano,"🚨 Chelsea remain in contact with Jadon Sancho’s camp over contract terms, still no agreement on salary so far.

Final decision will be in few days, outcome expected next week.

If contract terms are not agreed, Sancho will go back to Manchester United with £5m compensation. https://t.co/H8nDCd3WAg",Sun Jun 01 21:38:15 +0000 2025,27716,967,1720,1843329,False,False,True
1929287492819185879,FabrizioRomano,"🚨🔵 Strasbourg are set to sign Brazilian 16 year old fullback Angelo Candido from São Paulo, agreement done.

São Paulo will keep 12% sell-on clause as @mabragatchelo reports, deal in place.

One for the future with potential view on Chelsea move in the following years. 🇧🇷 https://t.co/4ZznwiVvdU",Sun Jun 01 21:22:37 +0000 2025,14055,226,790,1296068,False,False,True
1929281098355269893,FabrizioRomano,"🚨🇦🇹 Joao Sacramento, set to sign as new head coach at Austrian side LASK. Two year contract almost agreed.

Former Mourinho’s assistant at Spurs and Roma, also Galtier's assistant at PSG and Lille, considered to be a talented coach with important future ahead. https://t.co/EmcT8X1vuZ",Sun Jun 01 20:57:12 +0000 2025,11489,163,478,1224503,False,False,True
1929281083314414061,FabrizioRomano,"🎧 Here we go podcast post UCL.

◉ Florian Wirtz negotiations underway.
◉ PSG consider Mastantuono as future top player.
◉ Al Hilal push to get Simone Inzaghi’s green light.
◉ Donnarumma’s contract + Doué deal secrets. 

🎥 More @MenInBlazers: https://t.co/kw0s0JA1AE https://t.co/lwZGNHZO3k",Sun Jun 01 20:57:09 +0000 2025,9214,165,465,1195158,False,False,True
1929264051554505001,FabrizioRomano,"🚨⚪️ Spurs chairman Daniel Levy set to decide Ange Postecoglou’s future in the next days, situation open.

Thomas Frank and Marco Silva are both appreciated, discussed internally as options for Spurs job if Ange gets fired.

No final decision on Postecoglou yet. https://t.co/GNvtBcjiAD",Sun Jun 01 19:49:28 +0000 2025,45063,1117,2345,3154409,False,False,True
1929235096155857299,FabrizioRomano,"🚨🔵 Liam Delap completes first part of his medical at Chelsea and formal steps will follow early next week.

All set to get the deal official. Delap will play for Chelsea. https://t.co/mOtO4bXQp6",Sun Jun 01 17:54:25 +0000 2025,50438,860,3741,2423438,False,False,True
1929217878412108054,FabrizioRomano,"🚨⚪️⚫️ Former Toulouse president Damien Comolli has signed in as new Juventus general director.

Three year contract sealed. https://t.co/9OxVxAQqos",Sun Jun 01 16:46:00 +0000 2025,20407,500,907,2452687,False,False,True
1929202328973762883,FabrizioRomano,"🔵⚪️🦅 Maurizio Sarri and Lazio, deal set to be signed next week on two year contract plus option.

Story revealed yesterday, confirmed. ⤵️",Sun Jun 01 15:44:12 +0000 2025,12033,253,598,3202014,False,False,False
1929202088510132232,FabrizioRomano,"🚨🔴⚪️ Caoimhin Kelleher to Brentford, here we go! Deal done for the goalkeeper to join from Liverpool on £18m package fee add-ons included.

Mark Flekken will leave Brentford and join Bayer Leverkusen for €10m 🔴⚫️🇩🇪 https://t.co/uDfhSEoV8U",Sun Jun 01 15:43:15 +0000 2025,93503,1423,5854,6188201,False,False,True
1929201446731251789,FabrizioRomano,🚨🏅 UEFA Team of the Season for UCL campaign 2024/25 has been released! ✨ https://t.co/hml4zaZkLk,Sun Jun 01 15:40:42 +0000 2025,75139,2026,5102,4206392,False,False,True
1929201297355407775,FabrizioRomano,🚨🏅 Ousmane Dembélé wins Best Player of the Season Award from UEFA for UCL. https://t.co/H4dot33cOv,Sun Jun 01 15:40:06 +0000 2025,117196,1265,7450,3067481,False,False,True
1929201209123930347,FabrizioRomano,🚨🏅 Désiré Doué wins Young Player of the Season Award from UEFA for UCL. https://t.co/uYsmdE2eKa,Sun Jun 01 15:39:45 +0000 2025,87579,856,4369,2774767,False,False,True
1929166245925888507,FabrizioRomano,"🚨❌ Francesco Acerbi has rejected to join Italian national team for the upcoming international games.

“Acerbi informed me by text message this morning, we move on”, says Italy coach Luciano Spalletti. https://t.co/dDuzj3uCzX",Sun Jun 01 13:20:49 +0000 2025,50560,703,1860,4259015,False,False,True
1929161993069416774,FabrizioRomano,"🚨 OFFICIAL: Matheus Cunha joins Man United on five year deal plus one year option from Wolves.

All documents signed after £62.5m release clause has been triggered earlier this week.

First signing of the summer for Man Utd. https://t.co/iesnVyEBaC",Sun Jun 01 13:03:55 +0000 2025,109761,1997,10558,6183895,False,False,True
1929161504764448777,FabrizioRomano,🚨✅🇧🇷 #MUFC,Sun Jun 01 13:01:59 +0000 2025,32357,327,1682,3414668,False,False,False
1929149735798972755,FabrizioRomano,🔴👀⏳ #LFC,Sun Jun 01 12:15:13 +0000 2025,53665,921,3535,6738461,False,False,False
1929141735860380065,FabrizioRomano,"🚨⚠️ Ter Stegen on Joan García and Barça talks: “No one has spoken to me about this… but it doesn't concern me too much. I know that I WILL be in Barcelona next year”.

“For me the situation has not changed in principle. I’m very excited for next season”. https://t.co/8frpV3AKm0",Sun Jun 01 11:43:26 +0000 2025,29456,1145,1290,2830670,False,False,True
1929141060128694669,FabrizioRomano,"🚨🔵 Manchester City and OL are in club to club talks for Rayan Cherki, deal expected to advance fast next week.

Price tag will be in excess of €30m for Cherki; Man City are confident.

2️⃣ #MCFC mantain their plan: Cherki and Reijnders deals to be done in the next days. https://t.co/NQNfJqWncH",Sun Jun 01 11:40:45 +0000 2025,47473,718,3170,4597111,False,False,True
1929132858150392179,FabrizioRomano,"🚨🔵🔴 Robert Lewandowski: “I will stay at Barça, it’s not even a topic. For sure”.

“I’m sure our team will be stronger and I want to win even more”. https://t.co/fB0JPtt1qj",Sun Jun 01 11:08:09 +0000 2025,57770,475,2305,2328878,False,False,True
1926035863294607836,FabrizioRomano,"🚨💣 Florian Wirtz has informed Bayer Leverkusen of his desire to join Liverpool.

The contract agreement is done, sealed as Wirtz only wants Liverpool move.

Club to club talks already underway as revealed earlier, #LFC are confident to get the deal DONE SOON. Not a long saga. https://t.co/1NM6MIVtnj",Fri May 23 22:01:48 +0000 2025,176659,2914,15023,27997532,False,False,True
1929371608839332061,FabrizioRomano,"🚨 Liverpool remain confident to finalize Florian Wirtz deal as new round of talks has been scheduled this week.

Club optimistic to get the agreement sealed with Bayer Leverkusen soon. https://t.co/TAkyE7Yjvy",Mon Jun 02 02:56:52 +0000 2025,2813,255,262,80397,False,False,True
1929291429286715401,FabrizioRomano,"🚨 Chelsea remain in contact with Jadon Sancho’s camp over contract terms, still no agreement on salary so far.

Final decision will be in few days, outcome expected next week.

If contract terms are not agreed, Sancho will go back to Manchester United with £5m compensation. https://t.co/H8nDCd3WAg",Sun Jun 01 21:38:15 +0000 2025,27717,967,1720,1843329,False,False,True
1929287492819185879,FabrizioRomano,"🚨🔵 Strasbourg are set to sign Brazilian 16 year old fullback Angelo Candido from São Paulo, agreement done.

São Paulo will keep 12% sell-on clause as @mabragatchelo reports, deal in place.

One for the future with potential view on Chelsea move in the following years. 🇧🇷 https://t.co/4ZznwiVvdU",Sun Jun 01 21:22:37 +0000 2025,14055,226,790,1296068,False,False,True
1929281098355269893,FabrizioRomano,"🚨🇦🇹 Joao Sacramento, set to sign as new head coach at Austrian side LASK. Two year contract almost agreed.

Former Mourinho’s assistant at Spurs and Roma, also Galtier's assistant at PSG and Lille, considered to be a talented coach with important future ahead. https://t.co/EmcT8X1vuZ",Sun Jun 01 20:57:12 +0000 2025,11490,163,478,1225109,False,False,True
1929281083314414061,FabrizioRomano,"🎧 Here we go podcast post UCL.

◉ Florian Wirtz negotiations underway.
◉ PSG consider Mastantuono as future top player.
◉ Al Hilal push to get Simone Inzaghi’s green light.
◉ Donnarumma’s contract + Doué deal secrets. 

🎥 More @MenInBlazers: https://t.co/kw0s0JA1AE https://t.co/lwZGNHZO3k",Sun Jun 01 20:57:09 +0000 2025,9214,165,465,1195158,False,False,True
1929264051554505001,FabrizioRomano,"🚨⚪️ Spurs chairman Daniel Levy set to decide Ange Postecoglou’s future in the next days, situation open.

Thomas Frank and Marco Silva are both appreciated, discussed internally as options for Spurs job if Ange gets fired.

No final decision on Postecoglou yet. https://t.co/GNvtBcjiAD",Sun Jun 01 19:49:28 +0000 2025,45063,1117,2345,3140188,False,False,True
1929235096155857299,FabrizioRomano,"🚨🔵 Liam Delap completes first part of his medical at Chelsea and formal steps will follow early next week.

All set to get the deal official. Delap will play for Chelsea. https://t.co/mOtO4bXQp6",Sun Jun 01 17:54:25 +0000 2025,50438,860,3741,2423438,False,False,True
1929217878412108054,FabrizioRomano,"🚨⚪️⚫️ Former Toulouse president Damien Comolli has signed in as new Juventus general director.

Three year contract sealed. https://t.co/9OxVxAQqos",Sun Jun 01 16:46:00 +0000 2025,20407,500,907,2452687,False,False,True
1929202328973762883,FabrizioRomano,"🔵⚪️🦅 Maurizio Sarri and Lazio, deal set to be signed next week on two year contract plus option.

Story revealed yesterday, confirmed. ⤵️",Sun Jun 01 15:44:12 +0000 2025,12033,253,598,3202014,False,False,False
1929202088510132232,FabrizioRomano,"🚨🔴⚪️ Caoimhin Kelleher to Brentford, here we go! Deal done for the goalkeeper to join from Liverpool on £18m package fee add-ons included.

Mark Flekken will leave Brentford and join Bayer Leverkusen for €10m 🔴⚫️🇩🇪 https://t.co/uDfhSEoV8U",Sun Jun 01 15:43:15 +0000 2025,93504,1423,5854,6188201,False,False,True
1929201446731251789,FabrizioRomano,🚨🏅 UEFA Team of the Season for UCL campaign 2024/25 has been released! ✨ https://t.co/hml4zaZkLk,Sun Jun 01 15:40:42 +0000 2025,75141,2026,5102,4206392,False,False,True
1929201297355407775,FabrizioRomano,🚨🏅 Ousmane Dembélé wins Best Player of the Season Award from UEFA for UCL. https://t.co/H4dot33cOv,Sun Jun 01 15:40:06 +0000 2025,117198,1265,7450,3068032,False,False,True
1929201209123930347,FabrizioRomano,🚨🏅 Désiré Doué wins Young Player of the Season Award from UEFA for UCL. https://t.co/uYsmdE2eKa,Sun Jun 01 15:39:45 +0000 2025,87580,856,4369,2774767,False,False,True
1929166245925888507,FabrizioRomano,"🚨❌ Francesco Acerbi has rejected to join Italian national team for the upcoming international games.

“Acerbi informed me by text message this morning, we move on”, says Italy coach Luciano Spalletti. https://t.co/dDuzj3uCzX",Sun Jun 01 13:20:49 +0000 2025,50560,703,1860,4259015,False,False,True
1929161993069416774,FabrizioRomano,"🚨 OFFICIAL: Matheus Cunha joins Man United on five year deal plus one year option from Wolves.

All documents signed after £62.5m release clause has been triggered earlier this week.

First signing of the summer for Man Utd. https://t.co/iesnVyEBaC",Sun Jun 01 13:03:55 +0000 2025,109763,1997,10558,6183895,False,False,True
1929161504764448777,FabrizioRomano,🚨✅🇧🇷 #MUFC,Sun Jun 01 13:01:59 +0000 2025,32357,327,1682,3414668,False,False,False
1929149735798972755,FabrizioRomano,🔴👀⏳ #LFC,Sun Jun 01 12:15:13 +0000 2025,53665,921,3535,6738461,False,False,False
1929141735860380065,FabrizioRomano,"🚨⚠️ Ter Stegen on Joan García and Barça talks: “No one has spoken to me about this… but it doesn't concern me too much. I know that I WILL be in Barcelona next year”.

“For me the situation has not changed in principle. I’m very excited for next season”. https://t.co/8frpV3AKm0",Sun Jun 01 11:43:26 +0000 2025,29456,1145,1290,2812823,False,False,True
1929141060128694669,FabrizioRomano,"🚨🔵 Manchester City and OL are in club to club talks for Rayan Cherki, deal expected to advance fast next week.

Price tag will be in excess of €30m for Cherki; Man City are confident.

2️⃣ #MCFC mantain their plan: Cherki and Reijnders deals to be done in the next days. https://t.co/NQNfJqWncH",Sun Jun 01 11:40:45 +0000 2025,47474,718,3170,4597111,False,False,True
1929132858150392179,FabrizioRomano,"🚨🔵🔴 Robert Lewandowski: “I will stay at Barça, it’s not even a topic. For sure”.

“I’m sure our team will be stronger and I want to win even more”. https://t.co/fB0JPtt1qj",Sun Jun 01 11:08:09 +0000 2025,57771,475,2305,2328878,False,False,True
1926035863294607836,FabrizioRomano,"🚨💣 Florian Wirtz has informed Bayer Leverkusen of his desire to join Liverpool.

The contract agreement is done, sealed as Wirtz only wants Liverpool move.

Club to club talks already underway as revealed earlier, #LFC are confident to get the deal DONE SOON. Not a long saga. https://t.co/1NM6MIVtnj",Fri May 23 22:01:48 +0000 2025,176659,2914,15023,27997532,False,False,True
1929371608839332061,FabrizioRomano,"🚨 Liverpool remain confident to finalize Florian Wirtz deal as new round of talks has been scheduled this week.

Club optimistic to get the agreement sealed with Bayer Leverkusen soon. https://t.co/TAkyE7Yjvy",Mon Jun 02 02:56:52 +0000 2025,2826,255,264,80397,False,False,True
1929291429286715401,FabrizioRomano,"🚨 Chelsea remain in contact with Jadon Sancho’s camp over contract terms, still no agreement on salary so far.

Final decision will be in few days, outcome expected next week.

If contract terms are not agreed, Sancho will go back to Manchester United with £5m compensation. https://t.co/H8nDCd3WAg",Sun Jun 01 21:38:15 +0000 2025,27717,967,1720,1843329,False,False,True
1929287492819185879,FabrizioRomano,"🚨🔵 Strasbourg are set to sign Brazilian 16 year old fullback Angelo Candido from São Paulo, agreement done.

São Paulo will keep 12% sell-on clause as @mabragatchelo reports, deal in place.

One for the future with potential view on Chelsea move in the following years. 🇧🇷 https://t.co/4ZznwiVvdU",Sun Jun 01 21:22:37 +0000 2025,14055,226,790,1296068,False,False,True
1929281098355269893,FabrizioRomano,"🚨🇦🇹 Joao Sacramento, set to sign as new head coach at Austrian side LASK. Two year contract almost agreed.

Former Mourinho’s assistant at Spurs and Roma, also Galtier's assistant at PSG and Lille, considered to be a talented coach with important future ahead. https://t.co/EmcT8X1vuZ",Sun Jun 01 20:57:12 +0000 2025,11490,163,478,1225109,False,False,True
1929281083314414061,FabrizioRomano,"🎧 Here we go podcast post UCL.

◉ Florian Wirtz negotiations underway.
◉ PSG consider Mastantuono as future top player.
◉ Al Hilal push to get Simone Inzaghi’s green light.
◉ Donnarumma’s contract + Doué deal secrets. 

🎥 More @MenInBlazers: https://t.co/kw0s0JA1AE https://t.co/lwZGNHZO3k",Sun Jun 01 20:57:09 +0000 2025,9214,165,465,1195158,False,False,True
1929264051554505001,FabrizioRomano,"🚨⚪️ Spurs chairman Daniel Levy set to decide Ange Postecoglou’s future in the next days, situation open.

Thomas Frank and Marco Silva are both appreciated, discussed internally as options for Spurs job if Ange gets fired.

No final decision on Postecoglou yet. https://t.co/GNvtBcjiAD",Sun Jun 01 19:49:28 +0000 2025,45066,1117,2345,3140188,False,False,True
1929235096155857299,FabrizioRomano,"🚨🔵 Liam Delap completes first part of his medical at Chelsea and formal steps will follow early next week.

All set to get the deal official. Delap will play for Chelsea. https://t.co/mOtO4bXQp6",Sun Jun 01 17:54:25 +0000 2025,50439,860,3741,2423438,False,False,True
1929217878412108054,FabrizioRomano,"🚨⚪️⚫️ Former Toulouse president Damien Comolli has signed in as new Juventus general director.

Three year contract sealed. https://t.co/9OxVxAQqos",Sun Jun 01 16:46:00 +0000 2025,20407,500,907,2473410,False,False,True
1929202328973762883,FabrizioRomano,"🔵⚪️🦅 Maurizio Sarri and Lazio, deal set to be signed next week on two year contract plus option.

Story revealed yesterday, confirmed. ⤵️",Sun Jun 01 15:44:12 +0000 2025,12033,253,598,3202014,False,False,False
1929202088510132232,FabrizioRomano,"🚨🔴⚪️ Caoimhin Kelleher to Brentford, here we go! Deal done for the goalkeeper to join from Liverpool on £18m package fee add-ons included.

Mark Flekken will leave Brentford and join Bayer Leverkusen for €10m 🔴⚫️🇩🇪 https://t.co/uDfhSEoV8U",Sun Jun 01 15:43:15 +0000 2025,93504,1423,5854,6188201,False,False,True
1929201446731251789,FabrizioRomano,🚨🏅 UEFA Team of the Season for UCL campaign 2024/25 has been released! ✨ https://t.co/hml4zaZkLk,Sun Jun 01 15:40:42 +0000 2025,75144,2026,5102,4207060,False,False,True
1929201297355407775,FabrizioRomano,🚨🏅 Ousmane Dembélé wins Best Player of the Season Award from UEFA for UCL. https://t.co/H4dot33cOv,Sun Jun 01 15:40:06 +0000 2025,117200,1265,7451,3068032,False,False,True
1929201209123930347,FabrizioRomano,🚨🏅 Désiré Doué wins Young Player of the Season Award from UEFA for UCL. https://t.co/uYsmdE2eKa,Sun Jun 01 15:39:45 +0000 2025,87581,856,4369,2774767,False,False,True
1929166245925888507,FabrizioRomano,"🚨❌ Francesco Acerbi has rejected to join Italian national team for the upcoming international games.

“Acerbi informed me by text message this morning, we move on”, says Italy coach Luciano Spalletti. https://t.co/dDuzj3uCzX",Sun Jun 01 13:20:49 +0000 2025,50561,703,1860,4238554,False,False,True
1929161993069416774,FabrizioRomano,"🚨 OFFICIAL: Matheus Cunha joins Man United on five year deal plus one year option from Wolves.

All documents signed after £62.5m release clause has been triggered earlier this week.

First signing of the summer for Man Utd. https://t.co/iesnVyEBaC",Sun Jun 01 13:03:55 +0000 2025,109764,1997,10558,6183895,False,False,True
1929161504764448777,FabrizioRomano,🚨✅🇧🇷 #MUFC,Sun Jun 01 13:01:59 +0000 2025,32357,327,1682,3414668,False,False,False
1929149735798972755,FabrizioRomano,🔴👀⏳ #LFC,Sun Jun 01 12:15:13 +0000 2025,53665,921,3535,6738461,False,False,False
1929141735860380065,FabrizioRomano,"🚨⚠️ Ter Stegen on Joan García and Barça talks: “No one has spoken to me about this… but it doesn't concern me too much. I know that I WILL be in Barcelona next year”.

“For me the situation has not changed in principle. I’m very excited for next season”. https://t.co/8frpV3AKm0",Sun Jun 01 11:43:26 +0000 2025,29456,1145,1290,2812823,False,False,True
1929141060128694669,FabrizioRomano,"🚨🔵 Manchester City and OL are in club to club talks for Rayan Cherki, deal expected to advance fast next week.

Price tag will be in excess of €30m for Cherki; Man City are confident.

2️⃣ #MCFC mantain their plan: Cherki and Reijnders deals to be done in the next days. https://t.co/NQNfJqWncH",Sun Jun 01 11:40:45 +0000 2025,47474,718,3170,4597111,False,False,True
1929132858150392179,FabrizioRomano,"🚨🔵🔴 Robert Lewandowski: “I will stay at Barça, it’s not even a topic. For sure”.

“I’m sure our team will be stronger and I want to win even more”. https://t.co/fB0JPtt1qj",Sun Jun 01 11:08:09 +0000 2025,57771,475,2305,2328878,False,False,True
1926035863294607836,FabrizioRomano,"🚨💣 Florian Wirtz has informed Bayer Leverkusen of his desire to join Liverpool.

The contract agreement is done, sealed as Wirtz only wants Liverpool move.

Club to club talks already underway as revealed earlier, #LFC are confident to get the deal DONE SOON. Not a long saga. https://t.co/1NM6MIVtnj",Fri May 23 22:01:48 +0000 2025,176660,2914,15023,27997532,False,False,True
1929371608839332061,FabrizioRomano,"🚨 Liverpool remain confident to finalize Florian Wirtz deal as new round of talks has been scheduled this week.

Club optimistic to get the agreement sealed with Bayer Leverkusen soon. https://t.co/TAkyE7Yjvy",Mon Jun 02 02:56:52 +0000 2025,2841,255,266,80397,False,False,True
1929291429286715401,FabrizioRomano,"🚨 Chelsea remain in contact with Jadon Sancho’s camp over contract terms, still no agreement on salary so far.

Final decision will be in few days, outcome expected next week.

If contract terms are not agreed, Sancho will go back to Manchester United with £5m compensation. https://t.co/H8nDCd3WAg",Sun Jun 01 21:38:15 +0000 2025,27718,967,1720,1844519,False,False,True
1929287492819185879,FabrizioRomano,"🚨🔵 Strasbourg are set to sign Brazilian 16 year old fullback Angelo Candido from São Paulo, agreement done.

São Paulo will keep 12% sell-on clause as @mabragatchelo reports, deal in place.

One for the future with potential view on Chelsea move in the following years. 🇧🇷 https://t.co/4ZznwiVvdU",Sun Jun 01 21:22:37 +0000 2025,14055,226,790,1296068,False,False,True
1929281098355269893,FabrizioRomano,"🚨🇦🇹 Joao Sacramento, set to sign as new head coach at Austrian side LASK. Two year contract almost agreed.

Former Mourinho’s assistant at Spurs and Roma, also Galtier's assistant at PSG and Lille, considered to be a talented coach with important future ahead. https://t.co/EmcT8X1vuZ",Sun Jun 01 20:57:12 +0000 2025,11490,163,478,1225109,False,False,True
1929281083314414061,FabrizioRomano,"🎧 Here we go podcast post UCL.

◉ Florian Wirtz negotiations underway.
◉ PSG consider Mastantuono as future top player.
◉ Al Hilal push to get Simone Inzaghi’s green light.
◉ Donnarumma’s contract + Doué deal secrets. 

🎥 More @MenInBlazers: https://t.co/kw0s0JA1AE https://t.co/lwZGNHZO3k",Sun Jun 01 20:57:09 +0000 2025,9214,165,465,1195158,False,False,True
1929264051554505001,FabrizioRomano,"🚨⚪️ Spurs chairman Daniel Levy set to decide Ange Postecoglou’s future in the next days, situation open.

Thomas Frank and Marco Silva are both appreciated, discussed internally as options for Spurs job if Ange gets fired.

No final decision on Postecoglou yet. https://t.co/GNvtBcjiAD",Sun Jun 01 19:49:28 +0000 2025,45069,1117,2345,3140188,False,False,True
1929235096155857299,FabrizioRomano,"🚨🔵 Liam Delap completes first part of his medical at Chelsea and formal steps will follow early next week.

All set to get the deal official. Delap will play for Chelsea. https://t.co/mOtO4bXQp6",Sun Jun 01 17:54:25 +0000 2025,50441,861,3741,2423438,False,False,True
1929217878412108054,FabrizioRomano,"🚨⚪️⚫️ Former Toulouse president Damien Comolli has signed in as new Juventus general director.

Three year contract sealed. https://t.co/9OxVxAQqos",Sun Jun 01 16:46:00 +0000 2025,20407,500,907,2473410,False,False,True
1929202328973762883,FabrizioRomano,"🔵⚪️🦅 Maurizio Sarri and Lazio, deal set to be signed next week on two year contract plus option.

Story revealed yesterday, confirmed. ⤵️",Sun Jun 01 15:44:12 +0000 2025,12034,253,598,3202014,False,False,False
1929202088510132232,FabrizioRomano,"🚨🔴⚪️ Caoimhin Kelleher to Brentford, here we go! Deal done for the goalkeeper to join from Liverpool on £18m package fee add-ons included.

Mark Flekken will leave Brentford and join Bayer Leverkusen for €10m 🔴⚫️🇩🇪 https://t.co/uDfhSEoV8U",Sun Jun 01 15:43:15 +0000 2025,93504,1423,5854,6188201,False,False,True
1929201446731251789,FabrizioRomano,🚨🏅 UEFA Team of the Season for UCL campaign 2024/25 has been released! ✨ https://t.co/hml4zaZkLk,Sun Jun 01 15:40:42 +0000 2025,75145,2026,5102,4207060,False,False,True
1929201297355407775,FabrizioRomano,🚨🏅 Ousmane Dembélé wins Best Player of the Season Award from UEFA for UCL. https://t.co/H4dot33cOv,Sun Jun 01 15:40:06 +0000 2025,117200,1265,7451,3068032,False,False,True
1929201209123930347,FabrizioRomano,🚨🏅 Désiré Doué wins Young Player of the Season Award from UEFA for UCL. https://t.co/uYsmdE2eKa,Sun Jun 01 15:39:45 +0000 2025,87581,856,4369,2774767,False,False,True
1929166245925888507,FabrizioRomano,"🚨❌ Francesco Acerbi has rejected to join Italian national team for the upcoming international games.

“Acerbi informed me by text message this morning, we move on”, says Italy coach Luciano Spalletti. https://t.co/dDuzj3uCzX",Sun Jun 01 13:20:49 +0000 2025,50561,703,1860,4238554,False,False,True
1929161993069416774,FabrizioRomano,"🚨 OFFICIAL: Matheus Cunha joins Man United on five year deal plus one year option from Wolves.

All documents signed after £62.5m release clause has been triggered earlier this week.

First signing of the summer for Man Utd. https://t.co/iesnVyEBaC",Sun Jun 01 13:03:55 +0000 2025,109765,1997,10558,6183895,False,False,True
1929161504764448777,FabrizioRomano,🚨✅🇧🇷 #MUFC,Sun Jun 01 13:01:59 +0000 2025,32357,327,1682,3414668,False,False,False
1929149735798972755,FabrizioRomano,🔴👀⏳ #LFC,Sun Jun 01 12:15:13 +0000 2025,53666,921,3535,6738461,False,False,False
1929141735860380065,FabrizioRomano,"🚨⚠️ Ter Stegen on Joan García and Barça talks: “No one has spoken to me about this… but it doesn't concern me too much. I know that I WILL be in Barcelona next year”.

“For me the situation has not changed in principle. I’m very excited for next season”. https://t.co/8frpV3AKm0",Sun Jun 01 11:43:26 +0000 2025,29456,1145,1290,2812823,False,False,True
1929141060128694669,FabrizioRomano,"🚨🔵 Manchester City and OL are in club to club talks for Rayan Cherki, deal expected to advance fast next week.

Price tag will be in excess of €30m for Cherki; Man City are confident.

2️⃣ #MCFC mantain their plan: Cherki and Reijnders deals to be done in the next days. https://t.co/NQNfJqWncH",Sun Jun 01 11:40:45 +0000 2025,47474,718,3170,4597668,False,False,True
1929132858150392179,FabrizioRomano,"🚨🔵🔴 Robert Lewandowski: “I will stay at Barça, it’s not even a topic. For sure”.

“I’m sure our team will be stronger and I want to win even more”. https://t.co/fB0JPtt1qj",Sun Jun 01 11:08:09 +0000 2025,57772,475,2305,2328878,False,False,True
1926035863294607836,FabrizioRomano,"🚨💣 Florian Wirtz has informed Bayer Leverkusen of his desire to join Liverpool.

The contract agreement is done, sealed as Wirtz only wants Liverpool move.

Club to club talks already underway as revealed earlier, #LFC are confident to get the deal DONE SOON. Not a long saga. https://t.co/1NM6MIVtnj",Fri May 23 22:01:48 +0000 2025,176660,2914,15023,27997532,False,False,True
1929371608839332061,FabrizioRomano,"🚨 Liverpool remain confident to finalize Florian Wirtz deal as new round of talks has been scheduled this week.

Club optimistic to get the agreement sealed with Bayer Leverkusen soon. https://t.co/TAkyE7Yjvy",Mon Jun 02 02:56:52 +0000 2025,2851,256,266,80397,False,False,True
1929291429286715401,FabrizioRomano,"🚨 Chelsea remain in contact with Jadon Sancho’s camp over contract terms, still no agreement on salary so far.

Final decision will be in few days, outcome expected next week.

If contract terms are not agreed, Sancho will go back to Manchester United with £5m compensation. https://t.co/H8nDCd3WAg",Sun Jun 01 21:38:15 +0000 2025,27719,967,1720,1844519,False,False,True
1929287492819185879,FabrizioRomano,"🚨🔵 Strasbourg are set to sign Brazilian 16 year old fullback Angelo Candido from São Paulo, agreement done.

São Paulo will keep 12% sell-on clause as @mabragatchelo reports, deal in place.

One for the future with potential view on Chelsea move in the following years. 🇧🇷 https://t.co/4ZznwiVvdU",Sun Jun 01 21:22:37 +0000 2025,14056,226,790,1296068,False,False,True
1929281098355269893,FabrizioRomano,"🚨🇦🇹 Joao Sacramento, set to sign as new head coach at Austrian side LASK. Two year contract almost agreed.

Former Mourinho’s assistant at Spurs and Roma, also Galtier's assistant at PSG and Lille, considered to be a talented coach with important future ahead. https://t.co/EmcT8X1vuZ",Sun Jun 01 20:57:12 +0000 2025,11490,163,478,1225109,False,False,True
1929281083314414061,FabrizioRomano,"🎧 Here we go podcast post UCL.

◉ Florian Wirtz negotiations underway.
◉ PSG consider Mastantuono as future top player.
◉ Al Hilal push to get Simone Inzaghi’s green light.
◉ Donnarumma’s contract + Doué deal secrets. 

🎥 More @MenInBlazers: https://t.co/kw0s0JA1AE https://t.co/lwZGNHZO3k",Sun Jun 01 20:57:09 +0000 2025,9214,165,465,1195158,False,False,True
1929264051554505001,FabrizioRomano,"🚨⚪️ Spurs chairman Daniel Levy set to decide Ange Postecoglou’s future in the next days, situation open.

Thomas Frank and Marco Silva are both appreciated, discussed internally as options for Spurs job if Ange gets fired.

No final decision on Postecoglou yet. https://t.co/GNvtBcjiAD",Sun Jun 01 19:49:28 +0000 2025,45072,1117,2345,3155532,False,False,True
1929235096155857299,FabrizioRomano,"🚨🔵 Liam Delap completes first part of his medical at Chelsea and formal steps will follow early next week.

All set to get the deal official. Delap will play for Chelsea. https://t.co/mOtO4bXQp6",Sun Jun 01 17:54:25 +0000 2025,50441,861,3741,2423438,False,False,True
1929217878412108054,FabrizioRomano,"🚨⚪️⚫️ Former Toulouse president Damien Comolli has signed in as new Juventus general director.

Three year contract sealed. https://t.co/9OxVxAQqos",Sun Jun 01 16:46:00 +0000 2025,20407,500,907,2473410,False,False,True
1929202328973762883,FabrizioRomano,"🔵⚪️🦅 Maurizio Sarri and Lazio, deal set to be signed next week on two year contract plus option.

Story revealed yesterday, confirmed. ⤵️",Sun Jun 01 15:44:12 +0000 2025,12034,253,598,3202014,False,False,False
1929202088510132232,FabrizioRomano,"🚨🔴⚪️ Caoimhin Kelleher to Brentford, here we go! Deal done for the goalkeeper to join from Liverpool on £18m package fee add-ons included.

Mark Flekken will leave Brentford and join Bayer Leverkusen for €10m 🔴⚫️🇩🇪 https://t.co/uDfhSEoV8U",Sun Jun 01 15:43:15 +0000 2025,93504,1423,5854,6188201,False,False,True
1929201446731251789,FabrizioRomano,🚨🏅 UEFA Team of the Season for UCL campaign 2024/25 has been released! ✨ https://t.co/hml4zaZkLk,Sun Jun 01 15:40:42 +0000 2025,75145,2026,5102,4207060,False,False,True
1929201297355407775,FabrizioRomano,🚨🏅 Ousmane Dembélé wins Best Player of the Season Award from UEFA for UCL. https://t.co/H4dot33cOv,Sun Jun 01 15:40:06 +0000 2025,117201,1265,7451,3068032,False,False,True
1929201209123930347,FabrizioRomano,🚨🏅 Désiré Doué wins Young Player of the Season Award from UEFA for UCL. https://t.co/uYsmdE2eKa,Sun Jun 01 15:39:45 +0000 2025,87581,856,4369,2774767,False,False,True
1929166245925888507,FabrizioRomano,"🚨❌ Francesco Acerbi has rejected to join Italian national team for the upcoming international games.

“Acerbi informed me by text message this morning, we move on”, says Italy coach Luciano Spalletti. https://t.co/dDuzj3uCzX",Sun Jun 01 13:20:49 +0000 2025,50562,703,1860,4238554,False,False,True
1929161993069416774,FabrizioRomano,"🚨 OFFICIAL: Matheus Cunha joins Man United on five year deal plus one year option from Wolves.

All documents signed after £62.5m release clause has been triggered earlier this week.

First signing of the summer for Man Utd. https://t.co/iesnVyEBaC",Sun Jun 01 13:03:55 +0000 2025,109765,1997,10558,6239713,False,False,True
1929161504764448777,FabrizioRomano,🚨✅🇧🇷 #MUFC,Sun Jun 01 13:01:59 +0000 2025,32358,327,1682,3414668,False,False,False
1929149735798972755,FabrizioRomano,🔴👀⏳ #LFC,Sun Jun 01 12:15:13 +0000 2025,53666,921,3536,6771728,False,False,False
1929141735860380065,FabrizioRomano,"🚨⚠️ Ter Stegen on Joan García and Barça talks: “No one has spoken to me about this… but it doesn't concern me too much. I know that I WILL be in Barcelona next year”.

“For me the situation has not changed in principle. I’m very excited for next season”. https://t.co/8frpV3AKm0",Sun Jun 01 11:43:26 +0000 2025,29456,1145,1290,2812823,False,False,True
1929141060128694669,FabrizioRomano,"🚨🔵 Manchester City and OL are in club to club talks for Rayan Cherki, deal expected to advance fast next week.

Price tag will be in excess of €30m for Cherki; Man City are confident.

2️⃣ #MCFC mantain their plan: Cherki and Reijnders deals to be done in the next days. https://t.co/NQNfJqWncH",Sun Jun 01 11:40:45 +0000 2025,47474,718,3170,4597668,False,False,True
1929132858150392179,FabrizioRomano,"🚨🔵🔴 Robert Lewandowski: “I will stay at Barça, it’s not even a topic. For sure”.

“I’m sure our team will be stronger and I want to win even more”. https://t.co/fB0JPtt1qj",Sun Jun 01 11:08:09 +0000 2025,57772,475,2305,2328878,False,False,True
1926035863294607836,FabrizioRomano,"🚨💣 Florian Wirtz has informed Bayer Leverkusen of his desire to join Liverpool.

The contract agreement is done, sealed as Wirtz only wants Liverpool move.

Club to club talks already underway as revealed earlier, #LFC are confident to get the deal DONE SOON. Not a long saga. https://t.co/1NM6MIVtnj",Fri May 23 22:01:48 +0000 2025,176660,2914,15023,27997532,False,False,True
1929371608839332061,FabrizioRomano,"🚨 Liverpool remain confident to finalize Florian Wirtz deal as new round of talks has been scheduled this week.

Club optimistic to get the agreement sealed with Bayer Leverkusen soon. https://t.co/TAkyE7Yjvy",Mon Jun 02 02:56:52 +0000 2025,2861,257,269,86517,False,False,True
1929291429286715401,FabrizioRomano,"🚨 Chelsea remain in contact with Jadon Sancho’s camp over contract terms, still no agreement on salary so far.

Final decision will be in few days, outcome expected next week.

If contract terms are not agreed, Sancho will go back to Manchester United with £5m compensation. https://t.co/H8nDCd3WAg",Sun Jun 01 21:38:15 +0000 2025,27719,967,1720,1844519,False,False,True
1929287492819185879,FabrizioRomano,"🚨🔵 Strasbourg are set to sign Brazilian 16 year old fullback Angelo Candido from São Paulo, agreement done.

São Paulo will keep 12% sell-on clause as @mabragatchelo reports, deal in place.

One for the future with potential view on Chelsea move in the following years. 🇧🇷 https://t.co/4ZznwiVvdU",Sun Jun 01 21:22:37 +0000 2025,14058,226,790,1296068,False,False,True
1929281098355269893,FabrizioRomano,"🚨🇦🇹 Joao Sacramento, set to sign as new head coach at Austrian side LASK. Two year contract almost agreed.

Former Mourinho’s assistant at Spurs and Roma, also Galtier's assistant at PSG and Lille, considered to be a talented coach with important future ahead. https://t.co/EmcT8X1vuZ",Sun Jun 01 20:57:12 +0000 2025,11490,163,478,1225109,False,False,True
1929281083314414061,FabrizioRomano,"🎧 Here we go podcast post UCL.

◉ Florian Wirtz negotiations underway.
◉ PSG consider Mastantuono as future top player.
◉ Al Hilal push to get Simone Inzaghi’s green light.
◉ Donnarumma’s contract + Doué deal secrets. 

🎥 More @MenInBlazers: https://t.co/kw0s0JA1AE https://t.co/lwZGNHZO3k",Sun Jun 01 20:57:09 +0000 2025,9214,165,465,1195158,False,False,True
1929264051554505001,FabrizioRomano,"🚨⚪️ Spurs chairman Daniel Levy set to decide Ange Postecoglou’s future in the next days, situation open.

Thomas Frank and Marco Silva are both appreciated, discussed internally as options for Spurs job if Ange gets fired.

No final decision on Postecoglou yet. https://t.co/GNvtBcjiAD",Sun Jun 01 19:49:28 +0000 2025,45072,1117,2345,3155532,False,False,True
1929235096155857299,FabrizioRomano,"🚨🔵 Liam Delap completes first part of his medical at Chelsea and formal steps will follow early next week.

All set to get the deal official. Delap will play for Chelsea. https://t.co/mOtO4bXQp6",Sun Jun 01 17:54:25 +0000 2025,50441,861,3741,2423438,False,False,True
1929217878412108054,FabrizioRomano,"🚨⚪️⚫️ Former Toulouse president Damien Comolli has signed in as new Juventus general director.

Three year contract sealed. https://t.co/9OxVxAQqos",Sun Jun 01 16:46:00 +0000 2025,20407,500,907,2473410,False,False,True
1929202328973762883,FabrizioRomano,"🔵⚪️🦅 Maurizio Sarri and Lazio, deal set to be signed next week on two year contract plus option.

Story revealed yesterday, confirmed. ⤵️",Sun Jun 01 15:44:12 +0000 2025,12034,253,598,3202014,False,False,False
1929202088510132232,FabrizioRomano,"🚨🔴⚪️ Caoimhin Kelleher to Brentford, here we go! Deal done for the goalkeeper to join from Liverpool on £18m package fee add-ons included.

Mark Flekken will leave Brentford and join Bayer Leverkusen for €10m 🔴⚫️🇩🇪 https://t.co/uDfhSEoV8U",Sun Jun 01 15:43:15 +0000 2025,93506,1423,5854,6188201,False,False,True
1929201446731251789,FabrizioRomano,🚨🏅 UEFA Team of the Season for UCL campaign 2024/25 has been released! ✨ https://t.co/hml4zaZkLk,Sun Jun 01 15:40:42 +0000 2025,75147,2026,5102,4207060,False,False,True
1929201297355407775,FabrizioRomano,🚨🏅 Ousmane Dembélé wins Best Player of the Season Award from UEFA for UCL. https://t.co/H4dot33cOv,Sun Jun 01 15:40:06 +0000 2025,117205,1265,7451,3068032,False,False,True
1929201209123930347,FabrizioRomano,🚨🏅 Désiré Doué wins Young Player of the Season Award from UEFA for UCL. https://t.co/uYsmdE2eKa,Sun Jun 01 15:39:45 +0000 2025,87581,856,4369,2774767,False,False,True
1929166245925888507,FabrizioRomano,"🚨❌ Francesco Acerbi has rejected to join Italian national team for the upcoming international games.

“Acerbi informed me by text message this morning, we move on”, says Italy coach Luciano Spalletti. https://t.co/dDuzj3uCzX",Sun Jun 01 13:20:49 +0000 2025,50563,703,1860,4259426,False,False,True
1929161993069416774,FabrizioRomano,"🚨 OFFICIAL: Matheus Cunha joins Man United on five year deal plus one year option from Wolves.

All documents signed after £62.5m release clause has been triggered earlier this week.

First signing of the summer for Man Utd. https://t.co/iesnVyEBaC",Sun Jun 01 13:03:55 +0000 2025,109765,1997,10558,6239713,False,False,True
1929161504764448777,FabrizioRomano,🚨✅🇧🇷 #MUFC,Sun Jun 01 13:01:59 +0000 2025,32358,327,1682,3414668,False,False,False
1929149735798972755,FabrizioRomano,🔴👀⏳ #LFC,Sun Jun 01 12:15:13 +0000 2025,53666,921,3536,6771728,False,False,False
1929141735860380065,FabrizioRomano,"🚨⚠️ Ter Stegen on Joan García and Barça talks: “No one has spoken to me about this… but it doesn't concern me too much. I know that I WILL be in Barcelona next year”.

“For me the situation has not changed in principle. I’m very excited for next season”. https://t.co/8frpV3AKm0",Sun Jun 01 11:43:26 +0000 2025,29456,1145,1290,2812823,False,False,True
1929141060128694669,FabrizioRomano,"🚨🔵 Manchester City and OL are in club to club talks for Rayan Cherki, deal expected to advance fast next week.

Price tag will be in excess of €30m for Cherki; Man City are confident.

2️⃣ #MCFC mantain their plan: Cherki and Reijnders deals to be done in the next days. https://t.co/NQNfJqWncH",Sun Jun 01 11:40:45 +0000 2025,47474,718,3170,4597668,False,False,True
1929132858150392179,FabrizioRomano,"🚨🔵🔴 Robert Lewandowski: “I will stay at Barça, it’s not even a topic. For sure”.

“I’m sure our team will be stronger and I want to win even more”. https://t.co/fB0JPtt1qj",Sun Jun 01 11:08:09 +0000 2025,57772,475,2305,2328878,False,False,True
1926035863294607836,FabrizioRomano,"🚨💣 Florian Wirtz has informed Bayer Leverkusen of his desire to join Liverpool.

The contract agreement is done, sealed as Wirtz only wants Liverpool move.

Club to club talks already underway as revealed earlier, #LFC are confident to get the deal DONE SOON. Not a long saga. https://t.co/1NM6MIVtnj",Fri May 23 22:01:48 +0000 2025,176660,2914,15023,27998108,False,False,True
1929371608839332061,FabrizioRomano,"🚨 Liverpool remain confident to finalize Florian Wirtz deal as new round of talks has been scheduled this week.

Club optimistic to get the agreement sealed with Bayer Leverkusen soon. https://t.co/TAkyE7Yjvy",Mon Jun 02 02:56:52 +0000 2025,2872,258,270,86517,False,False,True
1929291429286715401,FabrizioRomano,"🚨 Chelsea remain in contact with Jadon Sancho’s camp over contract terms, still no agreement on salary so far.

Final decision will be in few days, outcome expected next week.

If contract terms are not agreed, Sancho will go back to Manchester United with £5m compensation. https://t.co/H8nDCd3WAg",Sun Jun 01 21:38:15 +0000 2025,27721,967,1720,1844519,False,False,True
1929287492819185879,FabrizioRomano,"🚨🔵 Strasbourg are set to sign Brazilian 16 year old fullback Angelo Candido from São Paulo, agreement done.

São Paulo will keep 12% sell-on clause as @mabragatchelo reports, deal in place.

One for the future with potential view on Chelsea move in the following years. 🇧🇷 https://t.co/4ZznwiVvdU",Sun Jun 01 21:22:37 +0000 2025,14059,226,791,1296864,False,False,True
1929281098355269893,FabrizioRomano,"🚨🇦🇹 Joao Sacramento, set to sign as new head coach at Austrian side LASK. Two year contract almost agreed.

Former Mourinho’s assistant at Spurs and Roma, also Galtier's assistant at PSG and Lille, considered to be a talented coach with important future ahead. https://t.co/EmcT8X1vuZ",Sun Jun 01 20:57:12 +0000 2025,11490,163,478,1225109,False,False,True
1929281083314414061,FabrizioRomano,"🎧 Here we go podcast post UCL.

◉ Florian Wirtz negotiations underway.
◉ PSG consider Mastantuono as future top player.
◉ Al Hilal push to get Simone Inzaghi’s green light.
◉ Donnarumma’s contract + Doué deal secrets. 

🎥 More @MenInBlazers: https://t.co/kw0s0JA1AE https://t.co/lwZGNHZO3k",Sun Jun 01 20:57:09 +0000 2025,9216,165,465,1195694,False,False,True
1929264051554505001,FabrizioRomano,"🚨⚪️ Spurs chairman Daniel Levy set to decide Ange Postecoglou’s future in the next days, situation open.

Thomas Frank and Marco Silva are both appreciated, discussed internally as options for Spurs job if Ange gets fired.

No final decision on Postecoglou yet. https://t.co/GNvtBcjiAD",Sun Jun 01 19:49:28 +0000 2025,45072,1117,2345,3155532,False,False,True
1929235096155857299,FabrizioRomano,"🚨🔵 Liam Delap completes first part of his medical at Chelsea and formal steps will follow early next week.

All set to get the deal official. Delap will play for Chelsea. https://t.co/mOtO4bXQp6",Sun Jun 01 17:54:25 +0000 2025,50441,861,3741,2423438,False,False,True
1929217878412108054,FabrizioRomano,"🚨⚪️⚫️ Former Toulouse president Damien Comolli has signed in as new Juventus general director.

Three year contract sealed. https://t.co/9OxVxAQqos",Sun Jun 01 16:46:00 +0000 2025,20408,500,907,2453038,False,False,True
1929202328973762883,FabrizioRomano,"🔵⚪️🦅 Maurizio Sarri and Lazio, deal set to be signed next week on two year contract plus option.

Story revealed yesterday, confirmed. ⤵️",Sun Jun 01 15:44:12 +0000 2025,12034,253,598,3202014,False,False,False
1929202088510132232,FabrizioRomano,"🚨🔴⚪️ Caoimhin Kelleher to Brentford, here we go! Deal done for the goalkeeper to join from Liverpool on £18m package fee add-ons included.

Mark Flekken will leave Brentford and join Bayer Leverkusen for €10m 🔴⚫️🇩🇪 https://t.co/uDfhSEoV8U",Sun Jun 01 15:43:15 +0000 2025,93507,1423,5854,6189236,False,False,True
1929201446731251789,FabrizioRomano,🚨🏅 UEFA Team of the Season for UCL campaign 2024/25 has been released! ✨ https://t.co/hml4zaZkLk,Sun Jun 01 15:40:42 +0000 2025,75147,2026,5102,4207060,False,False,True
1929201297355407775,FabrizioRomano,🚨🏅 Ousmane Dembélé wins Best Player of the Season Award from UEFA for UCL. https://t.co/H4dot33cOv,Sun Jun 01 15:40:06 +0000 2025,117206,1265,7451,3068032,False,False,True
1929201209123930347,FabrizioRomano,🚨🏅 Désiré Doué wins Young Player of the Season Award from UEFA for UCL. https://t.co/uYsmdE2eKa,Sun Jun 01 15:39:45 +0000 2025,87584,856,4369,2774767,False,False,True
1929166245925888507,FabrizioRomano,"🚨❌ Francesco Acerbi has rejected to join Italian national team for the upcoming international games.

“Acerbi informed me by text message this morning, we move on”, says Italy coach Luciano Spalletti. https://t.co/dDuzj3uCzX",Sun Jun 01 13:20:49 +0000 2025,50564,703,1860,4259426,False,False,True
1929161993069416774,FabrizioRomano,"🚨 OFFICIAL: Matheus Cunha joins Man United on five year deal plus one year option from Wolves.

All documents signed after £62.5m release clause has been triggered earlier this week.

First signing of the summer for Man Utd. https://t.co/iesnVyEBaC",Sun Jun 01 13:03:55 +0000 2025,109765,1997,10558,6239713,False,False,True
1929161504764448777,FabrizioRomano,🚨✅🇧🇷 #MUFC,Sun Jun 01 13:01:59 +0000 2025,32359,327,1682,3414916,False,False,False
1929149735798972755,FabrizioRomano,🔴👀⏳ #LFC,Sun Jun 01 12:15:13 +0000 2025,53666,921,3536,6771728,False,False,False
1929141735860380065,FabrizioRomano,"🚨⚠️ Ter Stegen on Joan García and Barça talks: “No one has spoken to me about this… but it doesn't concern me too much. I know that I WILL be in Barcelona next year”.

“For me the situation has not changed in principle. I’m very excited for next season”. https://t.co/8frpV3AKm0",Sun Jun 01 11:43:26 +0000 2025,29456,1145,1290,2812823,False,False,True
1929141060128694669,FabrizioRomano,"🚨🔵 Manchester City and OL are in club to club talks for Rayan Cherki, deal expected to advance fast next week.

Price tag will be in excess of €30m for Cherki; Man City are confident.

2️⃣ #MCFC mantain their plan: Cherki and Reijnders deals to be done in the next days. https://t.co/NQNfJqWncH",Sun Jun 01 11:40:45 +0000 2025,47474,718,3170,4597668,False,False,True
1929132858150392179,FabrizioRomano,"🚨🔵🔴 Robert Lewandowski: “I will stay at Barça, it’s not even a topic. For sure”.

“I’m sure our team will be stronger and I want to win even more”. https://t.co/fB0JPtt1qj",Sun Jun 01 11:08:09 +0000 2025,57773,475,2305,2328878,False,False,True
1926035863294607836,FabrizioRomano,"🚨💣 Florian Wirtz has informed Bayer Leverkusen of his desire to join Liverpool.

The contract agreement is done, sealed as Wirtz only wants Liverpool move.

Club to club talks already underway as revealed earlier, #LFC are confident to get the deal DONE SOON. Not a long saga. https://t.co/1NM6MIVtnj",Fri May 23 22:01:48 +0000 2025,176660,2914,15023,27998108,False,False,True
1929371608839332061,FabrizioRomano,"🚨 Liverpool remain confident to finalize Florian Wirtz deal as new round of talks has been scheduled this week.

Club optimistic to get the agreement sealed with Bayer Leverkusen soon. https://t.co/TAkyE7Yjvy",Mon Jun 02 02:56:52 +0000 2025,2888,258,273,86517,False,False,True
1929291429286715401,FabrizioRomano,"🚨 Chelsea remain in contact with Jadon Sancho’s camp over contract terms, still no agreement on salary so far.

Final decision will be in few days, outcome expected next week.

If contract terms are not agreed, Sancho will go back to Manchester United with £5m compensation. https://t.co/H8nDCd3WAg",Sun Jun 01 21:38:15 +0000 2025,27721,967,1720,1844519,False,False,True
1929287492819185879,FabrizioRomano,"🚨🔵 Strasbourg are set to sign Brazilian 16 year old fullback Angelo Candido from São Paulo, agreement done.

São Paulo will keep 12% sell-on clause as @mabragatchelo reports, deal in place.

One for the future with potential view on Chelsea move in the following years. 🇧🇷 https://t.co/4ZznwiVvdU",Sun Jun 01 21:22:37 +0000 2025,14059,226,791,1296864,False,False,True
1929281098355269893,FabrizioRomano,"🚨🇦🇹 Joao Sacramento, set to sign as new head coach at Austrian side LASK. Two year contract almost agreed.

Former Mourinho’s assistant at Spurs and Roma, also Galtier's assistant at PSG and Lille, considered to be a talented coach with important future ahead. https://t.co/EmcT8X1vuZ",Sun Jun 01 20:57:12 +0000 2025,11490,163,478,1225109,False,False,True
1929281083314414061,FabrizioRomano,"🎧 Here we go podcast post UCL.

◉ Florian Wirtz negotiations underway.
◉ PSG consider Mastantuono as future top player.
◉ Al Hilal push to get Simone Inzaghi’s green light.
◉ Donnarumma’s contract + Doué deal secrets. 

🎥 More @MenInBlazers: https://t.co/kw0s0JA1AE https://t.co/lwZGNHZO3k",Sun Jun 01 20:57:09 +0000 2025,9216,165,465,1195694,False,False,True
1929264051554505001,FabrizioRomano,"🚨⚪️ Spurs chairman Daniel Levy set to decide Ange Postecoglou’s future in the next days, situation open.

Thomas Frank and Marco Silva are both appreciated, discussed internally as options for Spurs job if Ange gets fired.

No final decision on Postecoglou yet. https://t.co/GNvtBcjiAD",Sun Jun 01 19:49:28 +0000 2025,45073,1117,2345,3155532,False,False,True
1929235096155857299,FabrizioRomano,"🚨🔵 Liam Delap completes first part of his medical at Chelsea and formal steps will follow early next week.

All set to get the deal official. Delap will play for Chelsea. https://t.co/mOtO4bXQp6",Sun Jun 01 17:54:25 +0000 2025,50441,861,3741,2424001,False,False,True
1929217878412108054,FabrizioRomano,"🚨⚪️⚫️ Former Toulouse president Damien Comolli has signed in as new Juventus general director.

Three year contract sealed. https://t.co/9OxVxAQqos",Sun Jun 01 16:46:00 +0000 2025,20408,500,907,2453038,False,False,True
1929202328973762883,FabrizioRomano,"🔵⚪️🦅 Maurizio Sarri and Lazio, deal set to be signed next week on two year contract plus option.

Story revealed yesterday, confirmed. ⤵️",Sun Jun 01 15:44:12 +0000 2025,12035,253,598,3202014,False,False,False
1929202088510132232,FabrizioRomano,"🚨🔴⚪️ Caoimhin Kelleher to Brentford, here we go! Deal done for the goalkeeper to join from Liverpool on £18m package fee add-ons included.

Mark Flekken will leave Brentford and join Bayer Leverkusen for €10m 🔴⚫️🇩🇪 https://t.co/uDfhSEoV8U",Sun Jun 01 15:43:15 +0000 2025,93508,1423,5854,6189236,False,False,True
1929201446731251789,FabrizioRomano,🚨🏅 UEFA Team of the Season for UCL campaign 2024/25 has been released! ✨ https://t.co/hml4zaZkLk,Sun Jun 01 15:40:42 +0000 2025,75147,2026,5102,4207060,False,False,True
1929201297355407775,FabrizioRomano,🚨🏅 Ousmane Dembélé wins Best Player of the Season Award from UEFA for UCL. https://t.co/H4dot33cOv,Sun Jun 01 15:40:06 +0000 2025,117207,1265,7451,3068032,False,False,True
1929201209123930347,FabrizioRomano,🚨🏅 Désiré Doué wins Young Player of the Season Award from UEFA for UCL. https://t.co/uYsmdE2eKa,Sun Jun 01 15:39:45 +0000 2025,87586,856,4370,2774958,False,False,True
1929166245925888507,FabrizioRomano,"🚨❌ Francesco Acerbi has rejected to join Italian national team for the upcoming international games.

“Acerbi informed me by text message this morning, we move on”, says Italy coach Luciano Spalletti. https://t.co/dDuzj3uCzX",Sun Jun 01 13:20:49 +0000 2025,50564,703,1860,4259426,False,False,True
1929161993069416774,FabrizioRomano,"🚨 OFFICIAL: Matheus Cunha joins Man United on five year deal plus one year option from Wolves.

All documents signed after £62.5m release clause has been triggered earlier this week.

First signing of the summer for Man Utd. https://t.co/iesnVyEBaC",Sun Jun 01 13:03:55 +0000 2025,109765,1997,10558,6239713,False,False,True
1929161504764448777,FabrizioRomano,🚨✅🇧🇷 #MUFC,Sun Jun 01 13:01:59 +0000 2025,32359,327,1682,3414916,False,False,False
1929149735798972755,FabrizioRomano,🔴👀⏳ #LFC,Sun Jun 01 12:15:13 +0000 2025,53668,921,3536,6771728,False,False,False
1929141735860380065,FabrizioRomano,"🚨⚠️ Ter Stegen on Joan García and Barça talks: “No one has spoken to me about this… but it doesn't concern me too much. I know that I WILL be in Barcelona next year”.

“For me the situation has not changed in principle. I’m very excited for next season”. https://t.co/8frpV3AKm0",Sun Jun 01 11:43:26 +0000 2025,29456,1145,1290,2812823,False,False,True
1929141060128694669,FabrizioRomano,"🚨🔵 Manchester City and OL are in club to club talks for Rayan Cherki, deal expected to advance fast next week.

Price tag will be in excess of €30m for Cherki; Man City are confident.

2️⃣ #MCFC mantain their plan: Cherki and Reijnders deals to be done in the next days. https://t.co/NQNfJqWncH",Sun Jun 01 11:40:45 +0000 2025,47474,718,3170,4597668,False,False,True
1929132858150392179,FabrizioRomano,"🚨🔵🔴 Robert Lewandowski: “I will stay at Barça, it’s not even a topic. For sure”.

“I’m sure our team will be stronger and I want to win even more”. https://t.co/fB0JPtt1qj",Sun Jun 01 11:08:09 +0000 2025,57773,475,2305,2328878,False,False,True
1926035863294607836,FabrizioRomano,"🚨💣 Florian Wirtz has informed Bayer Leverkusen of his desire to join Liverpool.

The contract agreement is done, sealed as Wirtz only wants Liverpool move.

Club to club talks already underway as revealed earlier, #LFC are confident to get the deal DONE SOON. Not a long saga. https://t.co/1NM6MIVtnj",Fri May 23 22:01:48 +0000 2025,176660,2914,15023,27998108,False,False,True
1929371608839332061,FabrizioRomano,"🚨 Liverpool remain confident to finalize Florian Wirtz deal as new round of talks has been scheduled this week.

Club optimistic to get the agreement sealed with Bayer Leverkusen soon. https://t.co/TAkyE7Yjvy",Mon Jun 02 02:56:52 +0000 2025,2903,259,279,86517,False,False,True
1929291429286715401,FabrizioRomano,"🚨 Chelsea remain in contact with Jadon Sancho’s camp over contract terms, still no agreement on salary so far.

Final decision will be in few days, outcome expected next week.

If contract terms are not agreed, Sancho will go back to Manchester United with £5m compensation. https://t.co/H8nDCd3WAg",Sun Jun 01 21:38:15 +0000 2025,27722,967,1720,1844519,False,False,True
1929287492819185879,FabrizioRomano,"🚨🔵 Strasbourg are set to sign Brazilian 16 year old fullback Angelo Candido from São Paulo, agreement done.

São Paulo will keep 12% sell-on clause as @mabragatchelo reports, deal in place.

One for the future with potential view on Chelsea move in the following years. 🇧🇷 https://t.co/4ZznwiVvdU",Sun Jun 01 21:22:37 +0000 2025,14059,226,791,1296864,False,False,True
1929281098355269893,FabrizioRomano,"🚨🇦🇹 Joao Sacramento, set to sign as new head coach at Austrian side LASK. Two year contract almost agreed.

Former Mourinho’s assistant at Spurs and Roma, also Galtier's assistant at PSG and Lille, considered to be a talented coach with important future ahead. https://t.co/EmcT8X1vuZ",Sun Jun 01 20:57:12 +0000 2025,11490,163,478,1225109,False,False,True
1929281083314414061,FabrizioRomano,"🎧 Here we go podcast post UCL.

◉ Florian Wirtz negotiations underway.
◉ PSG consider Mastantuono as future top player.
◉ Al Hilal push to get Simone Inzaghi’s green light.
◉ Donnarumma’s contract + Doué deal secrets. 

🎥 More @MenInBlazers: https://t.co/kw0s0JA1AE https://t.co/lwZGNHZO3k",Sun Jun 01 20:57:09 +0000 2025,9216,165,466,1195694,False,False,True
1929264051554505001,FabrizioRomano,"🚨⚪️ Spurs chairman Daniel Levy set to decide Ange Postecoglou’s future in the next days, situation open.

Thomas Frank and Marco Silva are both appreciated, discussed internally as options for Spurs job if Ange gets fired.

No final decision on Postecoglou yet. https://t.co/GNvtBcjiAD",Sun Jun 01 19:49:28 +0000 2025,45074,1117,2345,3155532,False,False,True
1929235096155857299,FabrizioRomano,"🚨🔵 Liam Delap completes first part of his medical at Chelsea and formal steps will follow early next week.

All set to get the deal official. Delap will play for Chelsea. https://t.co/mOtO4bXQp6",Sun Jun 01 17:54:25 +0000 2025,50442,861,3741,2424001,False,False,True
1929217878412108054,FabrizioRomano,"🚨⚪️⚫️ Former Toulouse president Damien Comolli has signed in as new Juventus general director.

Three year contract sealed. https://t.co/9OxVxAQqos",Sun Jun 01 16:46:00 +0000 2025,20408,500,907,2453038,False,False,True
1929202328973762883,FabrizioRomano,"🔵⚪️🦅 Maurizio Sarri and Lazio, deal set to be signed next week on two year contract plus option.

Story revealed yesterday, confirmed. ⤵️",Sun Jun 01 15:44:12 +0000 2025,12035,253,598,3202014,False,False,False
1929202088510132232,FabrizioRomano,"🚨🔴⚪️ Caoimhin Kelleher to Brentford, here we go! Deal done for the goalkeeper to join from Liverpool on £18m package fee add-ons included.

Mark Flekken will leave Brentford and join Bayer Leverkusen for €10m 🔴⚫️🇩🇪 https://t.co/uDfhSEoV8U",Sun Jun 01 15:43:15 +0000 2025,93509,1423,5854,6189236,False,False,True
1929201446731251789,FabrizioRomano,🚨🏅 UEFA Team of the Season for UCL campaign 2024/25 has been released! ✨ https://t.co/hml4zaZkLk,Sun Jun 01 15:40:42 +0000 2025,75150,2026,5102,4207060,False,False,True
1929201297355407775,FabrizioRomano,🚨🏅 Ousmane Dembélé wins Best Player of the Season Award from UEFA for UCL. https://t.co/H4dot33cOv,Sun Jun 01 15:40:06 +0000 2025,117212,1265,7451,3068032,False,False,True
1929201209123930347,FabrizioRomano,🚨🏅 Désiré Doué wins Young Player of the Season Award from UEFA for UCL. https://t.co/uYsmdE2eKa,Sun Jun 01 15:39:45 +0000 2025,87587,856,4370,2774958,False,False,True
1929166245925888507,FabrizioRomano,"🚨❌ Francesco Acerbi has rejected to join Italian national team for the upcoming international games.

“Acerbi informed me by text message this morning, we move on”, says Italy coach Luciano Spalletti. https://t.co/dDuzj3uCzX",Sun Jun 01 13:20:49 +0000 2025,50564,703,1860,4259426,False,False,True
1929161993069416774,FabrizioRomano,"🚨 OFFICIAL: Matheus Cunha joins Man United on five year deal plus one year option from Wolves.

All documents signed after £62.5m release clause has been triggered earlier this week.

First signing of the summer for Man Utd. https://t.co/iesnVyEBaC",Sun Jun 01 13:03:55 +0000 2025,109765,1997,10558,6184572,False,False,True
1929161504764448777,FabrizioRomano,🚨✅🇧🇷 #MUFC,Sun Jun 01 13:01:59 +0000 2025,32360,327,1682,3414916,False,False,False
1929149735798972755,FabrizioRomano,🔴👀⏳ #LFC,Sun Jun 01 12:15:13 +0000 2025,53669,921,3536,6771728,False,False,False
1929141735860380065,FabrizioRomano,"🚨⚠️ Ter Stegen on Joan García and Barça talks: “No one has spoken to me about this… but it doesn't concern me too much. I know that I WILL be in Barcelona next year”.

“For me the situation has not changed in principle. I’m very excited for next season”. https://t.co/8frpV3AKm0",Sun Jun 01 11:43:26 +0000 2025,29457,1145,1290,2830875,False,False,True
1929141060128694669,FabrizioRomano,"🚨🔵 Manchester City and OL are in club to club talks for Rayan Cherki, deal expected to advance fast next week.

Price tag will be in excess of €30m for Cherki; Man City are confident.

2️⃣ #MCFC mantain their plan: Cherki and Reijnders deals to be done in the next days. https://t.co/NQNfJqWncH",Sun Jun 01 11:40:45 +0000 2025,47474,718,3170,4597668,False,False,True
1929132858150392179,FabrizioRomano,"🚨🔵🔴 Robert Lewandowski: “I will stay at Barça, it’s not even a topic. For sure”.

“I’m sure our team will be stronger and I want to win even more”. https://t.co/fB0JPtt1qj",Sun Jun 01 11:08:09 +0000 2025,57775,475,2305,2328878,False,False,True
1926035863294607836,FabrizioRomano,"🚨💣 Florian Wirtz has informed Bayer Leverkusen of his desire to join Liverpool.

The contract agreement is done, sealed as Wirtz only wants Liverpool move.

Club to club talks already underway as revealed earlier, #LFC are confident to get the deal DONE SOON. Not a long saga. https://t.co/1NM6MIVtnj",Fri May 23 22:01:48 +0000 2025,176660,2914,15023,27998108,False,False,True
1929371608839332061,FabrizioRomano,"🚨 Liverpool remain confident to finalize Florian Wirtz deal as new round of talks has been scheduled this week.

Club optimistic to get the agreement sealed with Bayer Leverkusen soon. https://t.co/TAkyE7Yjvy",Mon Jun 02 02:56:52 +0000 2025,2912,260,280,86517,False,False,True
1929291429286715401,FabrizioRomano,"🚨 Chelsea remain in contact with Jadon Sancho’s camp over contract terms, still no agreement on salary so far.

Final decision will be in few days, outcome expected next week.

If contract terms are not agreed, Sancho will go back to Manchester United with £5m compensation. https://t.co/H8nDCd3WAg",Sun Jun 01 21:38:15 +0000 2025,27722,967,1720,1844519,False,False,True
1929287492819185879,FabrizioRomano,"🚨🔵 Strasbourg are set to sign Brazilian 16 year old fullback Angelo Candido from São Paulo, agreement done.

São Paulo will keep 12% sell-on clause as @mabragatchelo reports, deal in place.

One for the future with potential view on Chelsea move in the following years. 🇧🇷 https://t.co/4ZznwiVvdU",Sun Jun 01 21:22:37 +0000 2025,14060,226,791,1296864,False,False,True
1929281098355269893,FabrizioRomano,"🚨🇦🇹 Joao Sacramento, set to sign as new head coach at Austrian side LASK. Two year contract almost agreed.

Former Mourinho’s assistant at Spurs and Roma, also Galtier's assistant at PSG and Lille, considered to be a talented coach with important future ahead. https://t.co/EmcT8X1vuZ",Sun Jun 01 20:57:12 +0000 2025,11490,163,478,1225109,False,False,True
1929281083314414061,FabrizioRomano,"🎧 Here we go podcast post UCL.

◉ Florian Wirtz negotiations underway.
◉ PSG consider Mastantuono as future top player.
◉ Al Hilal push to get Simone Inzaghi’s green light.
◉ Donnarumma’s contract + Doué deal secrets. 

🎥 More @MenInBlazers: https://t.co/kw0s0JA1AE https://t.co/lwZGNHZO3k",Sun Jun 01 20:57:09 +0000 2025,9217,165,466,1195694,False,False,True
1929264051554505001,FabrizioRomano,"🚨⚪️ Spurs chairman Daniel Levy set to decide Ange Postecoglou’s future in the next days, situation open.

Thomas Frank and Marco Silva are both appreciated, discussed internally as options for Spurs job if Ange gets fired.

No final decision on Postecoglou yet. https://t.co/GNvtBcjiAD",Sun Jun 01 19:49:28 +0000 2025,45075,1117,2345,3155532,False,False,True
1929235096155857299,FabrizioRomano,"🚨🔵 Liam Delap completes first part of his medical at Chelsea and formal steps will follow early next week.

All set to get the deal official. Delap will play for Chelsea. https://t.co/mOtO4bXQp6",Sun Jun 01 17:54:25 +0000 2025,50443,861,3741,2424001,False,False,True
1929217878412108054,FabrizioRomano,"🚨⚪️⚫️ Former Toulouse president Damien Comolli has signed in as new Juventus general director.

Three year contract sealed. https://t.co/9OxVxAQqos",Sun Jun 01 16:46:00 +0000 2025,20408,500,907,2453038,False,False,True
1929202328973762883,FabrizioRomano,"🔵⚪️🦅 Maurizio Sarri and Lazio, deal set to be signed next week on two year contract plus option.

Story revealed yesterday, confirmed. ⤵️",Sun Jun 01 15:44:12 +0000 2025,12035,253,598,3202479,False,False,False
1929202088510132232,FabrizioRomano,"🚨🔴⚪️ Caoimhin Kelleher to Brentford, here we go! Deal done for the goalkeeper to join from Liverpool on £18m package fee add-ons included.

Mark Flekken will leave Brentford and join Bayer Leverkusen for €10m 🔴⚫️🇩🇪 https://t.co/uDfhSEoV8U",Sun Jun 01 15:43:15 +0000 2025,93510,1423,5854,6189236,False,False,True
1929201446731251789,FabrizioRomano,🚨🏅 UEFA Team of the Season for UCL campaign 2024/25 has been released! ✨ https://t.co/hml4zaZkLk,Sun Jun 01 15:40:42 +0000 2025,75149,2026,5102,4207060,False,False,True
1929201297355407775,FabrizioRomano,🚨🏅 Ousmane Dembélé wins Best Player of the Season Award from UEFA for UCL. https://t.co/H4dot33cOv,Sun Jun 01 15:40:06 +0000 2025,117213,1265,7451,3068032,False,False,True
1929201209123930347,FabrizioRomano,🚨🏅 Désiré Doué wins Young Player of the Season Award from UEFA for UCL. https://t.co/uYsmdE2eKa,Sun Jun 01 15:39:45 +0000 2025,87588,856,4370,2774958,False,False,True
1929166245925888507,FabrizioRomano,"🚨❌ Francesco Acerbi has rejected to join Italian national team for the upcoming international games.

“Acerbi informed me by text message this morning, we move on”, says Italy coach Luciano Spalletti. https://t.co/dDuzj3uCzX",Sun Jun 01 13:20:49 +0000 2025,50565,703,1860,4259426,False,False,True
1929161993069416774,FabrizioRomano,"🚨 OFFICIAL: Matheus Cunha joins Man United on five year deal plus one year option from Wolves.

All documents signed after £62.5m release clause has been triggered earlier this week.

First signing of the summer for Man Utd. https://t.co/iesnVyEBaC",Sun Jun 01 13:03:55 +0000 2025,109765,1997,10558,6184572,False,False,True
1929161504764448777,FabrizioRomano,🚨✅🇧🇷 #MUFC,Sun Jun 01 13:01:59 +0000 2025,32361,327,1682,3414916,False,False,False
1929149735798972755,FabrizioRomano,🔴👀⏳ #LFC,Sun Jun 01 12:15:13 +0000 2025,53670,921,3536,6771728,False,False,False
1929141735860380065,FabrizioRomano,"🚨⚠️ Ter Stegen on Joan García and Barça talks: “No one has spoken to me about this… but it doesn't concern me too much. I know that I WILL be in Barcelona next year”.

“For me the situation has not changed in principle. I’m very excited for next season”. https://t.co/8frpV3AKm0",Sun Jun 01 11:43:26 +0000 2025,29457,1145,1290,2830875,False,False,True
1929141060128694669,FabrizioRomano,"🚨🔵 Manchester City and OL are in club to club talks for Rayan Cherki, deal expected to advance fast next week.

Price tag will be in excess of €30m for Cherki; Man City are confident.

2️⃣ #MCFC mantain their plan: Cherki and Reijnders deals to be done in the next days. https://t.co/NQNfJqWncH",Sun Jun 01 11:40:45 +0000 2025,47474,718,3170,4597668,False,False,True
1929132858150392179,FabrizioRomano,"🚨🔵🔴 Robert Lewandowski: “I will stay at Barça, it’s not even a topic. For sure”.

“I’m sure our team will be stronger and I want to win even more”. https://t.co/fB0JPtt1qj",Sun Jun 01 11:08:09 +0000 2025,57776,475,2305,2329041,False,False,True
1926035863294607836,FabrizioRomano,"🚨💣 Florian Wirtz has informed Bayer Leverkusen of his desire to join Liverpool.

The contract agreement is done, sealed as Wirtz only wants Liverpool move.

Club to club talks already underway as revealed earlier, #LFC are confident to get the deal DONE SOON. Not a long saga. https://t.co/1NM6MIVtnj",Fri May 23 22:01:48 +0000 2025,176660,2914,15023,27998108,False,False,True
1929371608839332061,FabrizioRomano,"🚨 Liverpool remain confident to finalize Florian Wirtz deal as new round of talks has been scheduled this week.

Club optimistic to get the agreement sealed with Bayer Leverkusen soon. https://t.co/TAkyE7Yjvy",Mon Jun 02 02:56:52 +0000 2025,2923,260,280,86517,False,False,True
1929291429286715401,FabrizioRomano,"🚨 Chelsea remain in contact with Jadon Sancho’s camp over contract terms, still no agreement on salary so far.

Final decision will be in few days, outcome expected next week.

If contract terms are not agreed, Sancho will go back to Manchester United with £5m compensation. https://t.co/H8nDCd3WAg",Sun Jun 01 21:38:15 +0000 2025,27722,967,1720,1844519,False,False,True
1929287492819185879,FabrizioRomano,"🚨🔵 Strasbourg are set to sign Brazilian 16 year old fullback Angelo Candido from São Paulo, agreement done.

São Paulo will keep 12% sell-on clause as @mabragatchelo reports, deal in place.

One for the future with potential view on Chelsea move in the following years. 🇧🇷 https://t.co/4ZznwiVvdU",Sun Jun 01 21:22:37 +0000 2025,14062,226,791,1296864,False,False,True
1929281098355269893,FabrizioRomano,"🚨🇦🇹 Joao Sacramento, set to sign as new head coach at Austrian side LASK. Two year contract almost agreed.

Former Mourinho’s assistant at Spurs and Roma, also Galtier's assistant at PSG and Lille, considered to be a talented coach with important future ahead. https://t.co/EmcT8X1vuZ",Sun Jun 01 20:57:12 +0000 2025,11491,163,478,1225109,False,False,True
1929281083314414061,FabrizioRomano,"🎧 Here we go podcast post UCL.

◉ Florian Wirtz negotiations underway.
◉ PSG consider Mastantuono as future top player.
◉ Al Hilal push to get Simone Inzaghi’s green light.
◉ Donnarumma’s contract + Doué deal secrets. 

🎥 More @MenInBlazers: https://t.co/kw0s0JA1AE https://t.co/lwZGNHZO3k",Sun Jun 01 20:57:09 +0000 2025,9217,165,466,1195694,False,False,True
1929264051554505001,FabrizioRomano,"🚨⚪️ Spurs chairman Daniel Levy set to decide Ange Postecoglou’s future in the next days, situation open.

Thomas Frank and Marco Silva are both appreciated, discussed internally as options for Spurs job if Ange gets fired.

No final decision on Postecoglou yet. https://t.co/GNvtBcjiAD",Sun Jun 01 19:49:28 +0000 2025,45076,1117,2345,3155532,False,False,True
1926035863294607836,FabrizioRomano,"🚨💣 Florian Wirtz has informed Bayer Leverkusen of his desire to join Liverpool.

The contract agreement is done, sealed as Wirtz only wants Liverpool move.

Club to club talks already underway as revealed earlier, #LFC are confident to get the deal DONE SOON. Not a long saga. https://t.co/1NM6MIVtnj",Fri May 23 22:01:48 +0000 2025,176660,2914,15023,27998108,False,False,True
1929371608839332061,FabrizioRomano,"🚨 Liverpool remain confident to finalize Florian Wirtz deal as new round of talks has been scheduled this week.

Club optimistic to get the agreement sealed with Bayer Leverkusen soon. https://t.co/TAkyE7Yjvy",Mon Jun 02 02:56:52 +0000 2025,2928,260,283,86517,False,False,True
1929291429286715401,FabrizioRomano,"🚨 Chelsea remain in contact with Jadon Sancho’s camp over contract terms, still no agreement on salary so far.

Final decision will be in few days, outcome expected next week.

If contract terms are not agreed, Sancho will go back to Manchester United with £5m compensation. https://t.co/H8nDCd3WAg",Sun Jun 01 21:38:15 +0000 2025,27724,967,1720,1844519,False,False,True
1929287492819185879,FabrizioRomano,"🚨🔵 Strasbourg are set to sign Brazilian 16 year old fullback Angelo Candido from São Paulo, agreement done.

São Paulo will keep 12% sell-on clause as @mabragatchelo reports, deal in place.

One for the future with potential view on Chelsea move in the following years. 🇧🇷 https://t.co/4ZznwiVvdU",Sun Jun 01 21:22:37 +0000 2025,14064,226,791,1296864,False,False,True
1929281098355269893,FabrizioRomano,"🚨🇦🇹 Joao Sacramento, set to sign as new head coach at Austrian side LASK. Two year contract almost agreed.

Former Mourinho’s assistant at Spurs and Roma, also Galtier's assistant at PSG and Lille, considered to be a talented coach with important future ahead. https://t.co/EmcT8X1vuZ",Sun Jun 01 20:57:12 +0000 2025,11491,163,478,1225109,False,False,True
1929281083314414061,FabrizioRomano,"🎧 Here we go podcast post UCL.

◉ Florian Wirtz negotiations underway.
◉ PSG consider Mastantuono as future top player.
◉ Al Hilal push to get Simone Inzaghi’s green light.
◉ Donnarumma’s contract + Doué deal secrets. 

🎥 More @MenInBlazers: https://t.co/kw0s0JA1AE https://t.co/lwZGNHZO3k",Sun Jun 01 20:57:09 +0000 2025,9217,165,466,1195694,False,False,True
1929264051554505001,FabrizioRomano,"🚨⚪️ Spurs chairman Daniel Levy set to decide Ange Postecoglou’s future in the next days, situation open.

Thomas Frank and Marco Silva are both appreciated, discussed internally as options for Spurs job if Ange gets fired.

No final decision on Postecoglou yet. https://t.co/GNvtBcjiAD",Sun Jun 01 19:49:28 +0000 2025,45078,1117,2345,3155532,False,False,True
1929235096155857299,FabrizioRomano,"🚨🔵 Liam Delap completes first part of his medical at Chelsea and formal steps will follow early next week.

All set to get the deal official. Delap will play for Chelsea. https://t.co/mOtO4bXQp6",Sun Jun 01 17:54:25 +0000 2025,50446,861,3741,2424001,False,False,True
1929217878412108054,FabrizioRomano,"🚨⚪️⚫️ Former Toulouse president Damien Comolli has signed in as new Juventus general director.

Three year contract sealed. https://t.co/9OxVxAQqos",Sun Jun 01 16:46:00 +0000 2025,20408,500,907,2453038,False,False,True
1929202328973762883,FabrizioRomano,"🔵⚪️🦅 Maurizio Sarri and Lazio, deal set to be signed next week on two year contract plus option.

Story revealed yesterday, confirmed. ⤵️",Sun Jun 01 15:44:12 +0000 2025,12035,253,598,3202479,False,False,False
1929202088510132232,FabrizioRomano,"🚨🔴⚪️ Caoimhin Kelleher to Brentford, here we go! Deal done for the goalkeeper to join from Liverpool on £18m package fee add-ons included.

Mark Flekken will leave Brentford and join Bayer Leverkusen for €10m 🔴⚫️🇩🇪 https://t.co/uDfhSEoV8U",Sun Jun 01 15:43:15 +0000 2025,93511,1423,5854,6189236,False,False,True
1929201446731251789,FabrizioRomano,🚨🏅 UEFA Team of the Season for UCL campaign 2024/25 has been released! ✨ https://t.co/hml4zaZkLk,Sun Jun 01 15:40:42 +0000 2025,75150,2026,5102,4207060,False,False,True
1929201297355407775,FabrizioRomano,🚨🏅 Ousmane Dembélé wins Best Player of the Season Award from UEFA for UCL. https://t.co/H4dot33cOv,Sun Jun 01 15:40:06 +0000 2025,117215,1265,7451,3068032,False,False,True
1929201209123930347,FabrizioRomano,🚨🏅 Désiré Doué wins Young Player of the Season Award from UEFA for UCL. https://t.co/uYsmdE2eKa,Sun Jun 01 15:39:45 +0000 2025,87589,856,4370,2774958,False,False,True
1929166245925888507,FabrizioRomano,"🚨❌ Francesco Acerbi has rejected to join Italian national team for the upcoming international games.

“Acerbi informed me by text message this morning, we move on”, says Italy coach Luciano Spalletti. https://t.co/dDuzj3uCzX",Sun Jun 01 13:20:49 +0000 2025,50567,703,1860,4259426,False,False,True
1929161993069416774,FabrizioRomano,"🚨 OFFICIAL: Matheus Cunha joins Man United on five year deal plus one year option from Wolves.

All documents signed after £62.5m release clause has been triggered earlier this week.

First signing of the summer for Man Utd. https://t.co/iesnVyEBaC",Sun Jun 01 13:03:55 +0000 2025,109768,1997,10558,6184572,False,False,True
1929161504764448777,FabrizioRomano,🚨✅🇧🇷 #MUFC,Sun Jun 01 13:01:59 +0000 2025,32361,327,1682,3414916,False,False,False
1929149735798972755,FabrizioRomano,🔴👀⏳ #LFC,Sun Jun 01 12:15:13 +0000 2025,53670,921,3536,6739040,False,False,False
1929141735860380065,FabrizioRomano,"🚨⚠️ Ter Stegen on Joan García and Barça talks: “No one has spoken to me about this… but it doesn't concern me too much. I know that I WILL be in Barcelona next year”.

“For me the situation has not changed in principle. I’m very excited for next season”. https://t.co/8frpV3AKm0",Sun Jun 01 11:43:26 +0000 2025,29457,1145,1290,2830875,False,False,True
1929141060128694669,FabrizioRomano,"🚨🔵 Manchester City and OL are in club to club talks for Rayan Cherki, deal expected to advance fast next week.

Price tag will be in excess of €30m for Cherki; Man City are confident.

2️⃣ #MCFC mantain their plan: Cherki and Reijnders deals to be done in the next days. https://t.co/NQNfJqWncH",Sun Jun 01 11:40:45 +0000 2025,47474,718,3170,4597668,False,False,True
1929132858150392179,FabrizioRomano,"🚨🔵🔴 Robert Lewandowski: “I will stay at Barça, it’s not even a topic. For sure”.

“I’m sure our team will be stronger and I want to win even more”. https://t.co/fB0JPtt1qj",Sun Jun 01 11:08:09 +0000 2025,57779,475,2305,2329041,False,False,True
1926035863294607836,FabrizioRomano,"🚨💣 Florian Wirtz has informed Bayer Leverkusen of his desire to join Liverpool.

The contract agreement is done, sealed as Wirtz only wants Liverpool move.

Club to club talks already underway as revealed earlier, #LFC are confident to get the deal DONE SOON. Not a long saga. https://t.co/1NM6MIVtnj",Fri May 23 22:01:48 +0000 2025,176660,2914,15023,27998108,False,False,True
1929371608839332061,FabrizioRomano,"🚨 Liverpool remain confident to finalize Florian Wirtz deal as new round of talks has been scheduled this week.

Club optimistic to get the agreement sealed with Bayer Leverkusen soon. https://t.co/TAkyE7Yjvy",Mon Jun 02 02:56:52 +0000 2025,2938,260,284,86517,False,False,True
1929291429286715401,FabrizioRomano,"🚨 Chelsea remain in contact with Jadon Sancho’s camp over contract terms, still no agreement on salary so far.

Final decision will be in few days, outcome expected next week.

If contract terms are not agreed, Sancho will go back to Manchester United with £5m compensation. https://t.co/H8nDCd3WAg",Sun Jun 01 21:38:15 +0000 2025,27725,967,1720,1844519,False,False,True
1929287492819185879,FabrizioRomano,"🚨🔵 Strasbourg are set to sign Brazilian 16 year old fullback Angelo Candido from São Paulo, agreement done.

São Paulo will keep 12% sell-on clause as @mabragatchelo reports, deal in place.

One for the future with potential view on Chelsea move in the following years. 🇧🇷 https://t.co/4ZznwiVvdU",Sun Jun 01 21:22:37 +0000 2025,14065,226,791,1296864,False,False,True
1929281098355269893,FabrizioRomano,"🚨🇦🇹 Joao Sacramento, set to sign as new head coach at Austrian side LASK. Two year contract almost agreed.

Former Mourinho’s assistant at Spurs and Roma, also Galtier's assistant at PSG and Lille, considered to be a talented coach with important future ahead. https://t.co/EmcT8X1vuZ",Sun Jun 01 20:57:12 +0000 2025,11491,163,478,1225733,False,False,True
1929281083314414061,FabrizioRomano,"🎧 Here we go podcast post UCL.

◉ Florian Wirtz negotiations underway.
◉ PSG consider Mastantuono as future top player.
◉ Al Hilal push to get Simone Inzaghi’s green light.
◉ Donnarumma’s contract + Doué deal secrets. 

🎥 More @MenInBlazers: https://t.co/kw0s0JA1AE https://t.co/lwZGNHZO3k",Sun Jun 01 20:57:09 +0000 2025,9217,165,466,1195694,False,False,True
1929264051554505001,FabrizioRomano,"🚨⚪️ Spurs chairman Daniel Levy set to decide Ange Postecoglou’s future in the next days, situation open.

Thomas Frank and Marco Silva are both appreciated, discussed internally as options for Spurs job if Ange gets fired.

No final decision on Postecoglou yet. https://t.co/GNvtBcjiAD",Sun Jun 01 19:49:28 +0000 2025,45080,1117,2346,3141269,False,False,True
1929235096155857299,FabrizioRomano,"🚨🔵 Liam Delap completes first part of his medical at Chelsea and formal steps will follow early next week.

All set to get the deal official. Delap will play for Chelsea. https://t.co/mOtO4bXQp6",Sun Jun 01 17:54:25 +0000 2025,50447,861,3741,2424001,False,False,True
1929217878412108054,FabrizioRomano,"🚨⚪️⚫️ Former Toulouse president Damien Comolli has signed in as new Juventus general director.

Three year contract sealed. https://t.co/9OxVxAQqos",Sun Jun 01 16:46:00 +0000 2025,20408,500,907,2453038,False,False,True
1929202328973762883,FabrizioRomano,"🔵⚪️🦅 Maurizio Sarri and Lazio, deal set to be signed next week on two year contract plus option.

Story revealed yesterday, confirmed. ⤵️",Sun Jun 01 15:44:12 +0000 2025,12035,253,598,3202479,False,False,False
1929202088510132232,FabrizioRomano,"🚨🔴⚪️ Caoimhin Kelleher to Brentford, here we go! Deal done for the goalkeeper to join from Liverpool on £18m package fee add-ons included.

Mark Flekken will leave Brentford and join Bayer Leverkusen for €10m 🔴⚫️🇩🇪 https://t.co/uDfhSEoV8U",Sun Jun 01 15:43:15 +0000 2025,93511,1423,5854,6189236,False,False,True
1929201446731251789,FabrizioRomano,🚨🏅 UEFA Team of the Season for UCL campaign 2024/25 has been released! ✨ https://t.co/hml4zaZkLk,Sun Jun 01 15:40:42 +0000 2025,75152,2026,5103,4207060,False,False,True
1929201297355407775,FabrizioRomano,🚨🏅 Ousmane Dembélé wins Best Player of the Season Award from UEFA for UCL. https://t.co/H4dot33cOv,Sun Jun 01 15:40:06 +0000 2025,117216,1265,7451,3068606,False,False,True
1929201209123930347,FabrizioRomano,🚨🏅 Désiré Doué wins Young Player of the Season Award from UEFA for UCL. https://t.co/uYsmdE2eKa,Sun Jun 01 15:39:45 +0000 2025,87589,856,4370,2774958,False,False,True
1929166245925888507,FabrizioRomano,"🚨❌ Francesco Acerbi has rejected to join Italian national team for the upcoming international games.

“Acerbi informed me by text message this morning, we move on”, says Italy coach Luciano Spalletti. https://t.co/dDuzj3uCzX",Sun Jun 01 13:20:49 +0000 2025,50569,703,1860,4259426,False,False,True
1929161993069416774,FabrizioRomano,"🚨 OFFICIAL: Matheus Cunha joins Man United on five year deal plus one year option from Wolves.

All documents signed after £62.5m release clause has been triggered earlier this week.

First signing of the summer for Man Utd. https://t.co/iesnVyEBaC",Sun Jun 01 13:03:55 +0000 2025,109768,1997,10559,6184572,False,False,True
1929161504764448777,FabrizioRomano,🚨✅🇧🇷 #MUFC,Sun Jun 01 13:01:59 +0000 2025,32361,327,1682,3414916,False,False,False
1929149735798972755,FabrizioRomano,🔴👀⏳ #LFC,Sun Jun 01 12:15:13 +0000 2025,53670,921,3536,6739040,False,False,False
1929141735860380065,FabrizioRomano,"🚨⚠️ Ter Stegen on Joan García and Barça talks: “No one has spoken to me about this… but it doesn't concern me too much. I know that I WILL be in Barcelona next year”.

“For me the situation has not changed in principle. I’m very excited for next season”. https://t.co/8frpV3AKm0",Sun Jun 01 11:43:26 +0000 2025,29457,1145,1290,2813034,False,False,True
1929141060128694669,FabrizioRomano,"🚨🔵 Manchester City and OL are in club to club talks for Rayan Cherki, deal expected to advance fast next week.

Price tag will be in excess of €30m for Cherki; Man City are confident.

2️⃣ #MCFC mantain their plan: Cherki and Reijnders deals to be done in the next days. https://t.co/NQNfJqWncH",Sun Jun 01 11:40:45 +0000 2025,47474,718,3170,4597668,False,False,True
1929132858150392179,FabrizioRomano,"🚨🔵🔴 Robert Lewandowski: “I will stay at Barça, it’s not even a topic. For sure”.

“I’m sure our team will be stronger and I want to win even more”. https://t.co/fB0JPtt1qj",Sun Jun 01 11:08:09 +0000 2025,57779,475,2305,2329041,False,False,True
1926035863294607836,FabrizioRomano,"🚨💣 Florian Wirtz has informed Bayer Leverkusen of his desire to join Liverpool.

The contract agreement is done, sealed as Wirtz only wants Liverpool move.

Club to club talks already underway as revealed earlier, #LFC are confident to get the deal DONE SOON. Not a long saga. https://t.co/1NM6MIVtnj",Fri May 23 22:01:48 +0000 2025,176661,2914,15023,27998108,False,False,True
1929371608839332061,FabrizioRomano,"🚨 Liverpool remain confident to finalize Florian Wirtz deal as new round of talks has been scheduled this week.

Club optimistic to get the agreement sealed with Bayer Leverkusen soon. https://t.co/TAkyE7Yjvy",Mon Jun 02 02:56:52 +0000 2025,2949,260,285,86517,False,False,True
1929291429286715401,FabrizioRomano,"🚨 Chelsea remain in contact with Jadon Sancho’s camp over contract terms, still no agreement on salary so far.

Final decision will be in few days, outcome expected next week.

If contract terms are not agreed, Sancho will go back to Manchester United with £5m compensation. https://t.co/H8nDCd3WAg",Sun Jun 01 21:38:15 +0000 2025,27727,967,1720,1844519,False,False,True
1929287492819185879,FabrizioRomano,"🚨🔵 Strasbourg are set to sign Brazilian 16 year old fullback Angelo Candido from São Paulo, agreement done.

São Paulo will keep 12% sell-on clause as @mabragatchelo reports, deal in place.

One for the future with potential view on Chelsea move in the following years. 🇧🇷 https://t.co/4ZznwiVvdU",Sun Jun 01 21:22:37 +0000 2025,14065,226,791,1296864,False,False,True
1929281098355269893,FabrizioRomano,"🚨🇦🇹 Joao Sacramento, set to sign as new head coach at Austrian side LASK. Two year contract almost agreed.

Former Mourinho’s assistant at Spurs and Roma, also Galtier's assistant at PSG and Lille, considered to be a talented coach with important future ahead. https://t.co/EmcT8X1vuZ",Sun Jun 01 20:57:12 +0000 2025,11491,163,478,1225733,False,False,True
1929281083314414061,FabrizioRomano,"🎧 Here we go podcast post UCL.

◉ Florian Wirtz negotiations underway.
◉ PSG consider Mastantuono as future top player.
◉ Al Hilal push to get Simone Inzaghi’s green light.
◉ Donnarumma’s contract + Doué deal secrets. 

🎥 More @MenInBlazers: https://t.co/kw0s0JA1AE https://t.co/lwZGNHZO3k",Sun Jun 01 20:57:09 +0000 2025,9217,165,466,1195694,False,False,True
1929264051554505001,FabrizioRomano,"🚨⚪️ Spurs chairman Daniel Levy set to decide Ange Postecoglou’s future in the next days, situation open.

Thomas Frank and Marco Silva are both appreciated, discussed internally as options for Spurs job if Ange gets fired.

No final decision on Postecoglou yet. https://t.co/GNvtBcjiAD",Sun Jun 01 19:49:28 +0000 2025,45080,1117,2346,3141269,False,False,True
1929235096155857299,FabrizioRomano,"🚨🔵 Liam Delap completes first part of his medical at Chelsea and formal steps will follow early next week.

All set to get the deal official. Delap will play for Chelsea. https://t.co/mOtO4bXQp6",Sun Jun 01 17:54:25 +0000 2025,50447,861,3741,2424001,False,False,True
1929217878412108054,FabrizioRomano,"🚨⚪️⚫️ Former Toulouse president Damien Comolli has signed in as new Juventus general director.

Three year contract sealed. https://t.co/9OxVxAQqos",Sun Jun 01 16:46:00 +0000 2025,20409,500,907,2473844,False,False,True
1929202328973762883,FabrizioRomano,"🔵⚪️🦅 Maurizio Sarri and Lazio, deal set to be signed next week on two year contract plus option.

Story revealed yesterday, confirmed. ⤵️",Sun Jun 01 15:44:12 +0000 2025,12035,253,598,3202479,False,False,False
1929202088510132232,FabrizioRomano,"🚨🔴⚪️ Caoimhin Kelleher to Brentford, here we go! Deal done for the goalkeeper to join from Liverpool on £18m package fee add-ons included.

Mark Flekken will leave Brentford and join Bayer Leverkusen for €10m 🔴⚫️🇩🇪 https://t.co/uDfhSEoV8U",Sun Jun 01 15:43:15 +0000 2025,93513,1423,5854,6189236,False,False,True
1929201446731251789,FabrizioRomano,🚨🏅 UEFA Team of the Season for UCL campaign 2024/25 has been released! ✨ https://t.co/hml4zaZkLk,Sun Jun 01 15:40:42 +0000 2025,75153,2026,5103,4207840,False,False,True
1929201297355407775,FabrizioRomano,🚨🏅 Ousmane Dembélé wins Best Player of the Season Award from UEFA for UCL. https://t.co/H4dot33cOv,Sun Jun 01 15:40:06 +0000 2025,117220,1265,7452,3068606,False,False,True
1929201209123930347,FabrizioRomano,🚨🏅 Désiré Doué wins Young Player of the Season Award from UEFA for UCL. https://t.co/uYsmdE2eKa,Sun Jun 01 15:39:45 +0000 2025,87590,856,4370,2774958,False,False,True
1929166245925888507,FabrizioRomano,"🚨❌ Francesco Acerbi has rejected to join Italian national team for the upcoming international games.

“Acerbi informed me by text message this morning, we move on”, says Italy coach Luciano Spalletti. https://t.co/dDuzj3uCzX",Sun Jun 01 13:20:49 +0000 2025,50570,703,1860,4238932,False,False,True
1929161993069416774,FabrizioRomano,"🚨 OFFICIAL: Matheus Cunha joins Man United on five year deal plus one year option from Wolves.

All documents signed after £62.5m release clause has been triggered earlier this week.

First signing of the summer for Man Utd. https://t.co/iesnVyEBaC",Sun Jun 01 13:03:55 +0000 2025,109769,1997,10559,6184572,False,False,True
1929161504764448777,FabrizioRomano,🚨✅🇧🇷 #MUFC,Sun Jun 01 13:01:59 +0000 2025,32362,327,1682,3414916,False,False,False
1929149735798972755,FabrizioRomano,🔴👀⏳ #LFC,Sun Jun 01 12:15:13 +0000 2025,53670,921,3536,6739040,False,False,False
1929141735860380065,FabrizioRomano,"🚨⚠️ Ter Stegen on Joan García and Barça talks: “No one has spoken to me about this… but it doesn't concern me too much. I know that I WILL be in Barcelona next year”.

“For me the situation has not changed in principle. I’m very excited for next season”. https://t.co/8frpV3AKm0",Sun Jun 01 11:43:26 +0000 2025,29457,1145,1290,2813034,False,False,True
1929141060128694669,FabrizioRomano,"🚨🔵 Manchester City and OL are in club to club talks for Rayan Cherki, deal expected to advance fast next week.

Price tag will be in excess of €30m for Cherki; Man City are confident.

2️⃣ #MCFC mantain their plan: Cherki and Reijnders deals to be done in the next days. https://t.co/NQNfJqWncH",Sun Jun 01 11:40:45 +0000 2025,47474,718,3170,4597668,False,False,True
1929132858150392179,FabrizioRomano,"🚨🔵🔴 Robert Lewandowski: “I will stay at Barça, it’s not even a topic. For sure”.

“I’m sure our team will be stronger and I want to win even more”. https://t.co/fB0JPtt1qj",Sun Jun 01 11:08:09 +0000 2025,57780,475,2305,2329041,False,False,True
1926035863294607836,FabrizioRomano,"🚨💣 Florian Wirtz has informed Bayer Leverkusen of his desire to join Liverpool.

The contract agreement is done, sealed as Wirtz only wants Liverpool move.

Club to club talks already underway as revealed earlier, #LFC are confident to get the deal DONE SOON. Not a long saga. https://t.co/1NM6MIVtnj",Fri May 23 22:01:48 +0000 2025,176661,2914,15022,27998108,False,False,True
1929371608839332061,FabrizioRomano,"🚨 Liverpool remain confident to finalize Florian Wirtz deal as new round of talks has been scheduled this week.

Club optimistic to get the agreement sealed with Bayer Leverkusen soon. https://t.co/TAkyE7Yjvy",Mon Jun 02 02:56:52 +0000 2025,2962,260,286,86517,False,False,True
1929291429286715401,FabrizioRomano,"🚨 Chelsea remain in contact with Jadon Sancho’s camp over contract terms, still no agreement on salary so far.

Final decision will be in few days, outcome expected next week.

If contract terms are not agreed, Sancho will go back to Manchester United with £5m compensation. https://t.co/H8nDCd3WAg",Sun Jun 01 21:38:15 +0000 2025,27729,967,1720,1844519,False,False,True
1929287492819185879,FabrizioRomano,"🚨🔵 Strasbourg are set to sign Brazilian 16 year old fullback Angelo Candido from São Paulo, agreement done.

São Paulo will keep 12% sell-on clause as @mabragatchelo reports, deal in place.

One for the future with potential view on Chelsea move in the following years. 🇧🇷 https://t.co/4ZznwiVvdU",Sun Jun 01 21:22:37 +0000 2025,14067,226,791,1296864,False,False,True
1929281098355269893,FabrizioRomano,"🚨🇦🇹 Joao Sacramento, set to sign as new head coach at Austrian side LASK. Two year contract almost agreed.

Former Mourinho’s assistant at Spurs and Roma, also Galtier's assistant at PSG and Lille, considered to be a talented coach with important future ahead. https://t.co/EmcT8X1vuZ",Sun Jun 01 20:57:12 +0000 2025,11492,163,478,1225733,False,False,True
1929281083314414061,FabrizioRomano,"🎧 Here we go podcast post UCL.

◉ Florian Wirtz negotiations underway.
◉ PSG consider Mastantuono as future top player.
◉ Al Hilal push to get Simone Inzaghi’s green light.
◉ Donnarumma’s contract + Doué deal secrets. 

🎥 More @MenInBlazers: https://t.co/kw0s0JA1AE https://t.co/lwZGNHZO3k",Sun Jun 01 20:57:09 +0000 2025,9217,165,466,1195694,False,False,True
1929264051554505001,FabrizioRomano,"🚨⚪️ Spurs chairman Daniel Levy set to decide Ange Postecoglou’s future in the next days, situation open.

Thomas Frank and Marco Silva are both appreciated, discussed internally as options for Spurs job if Ange gets fired.

No final decision on Postecoglou yet. https://t.co/GNvtBcjiAD",Sun Jun 01 19:49:28 +0000 2025,45082,1117,2346,3141269,False,False,True
1929235096155857299,FabrizioRomano,"🚨🔵 Liam Delap completes first part of his medical at Chelsea and formal steps will follow early next week.

All set to get the deal official. Delap will play for Chelsea. https://t.co/mOtO4bXQp6",Sun Jun 01 17:54:25 +0000 2025,50447,861,3741,2424001,False,False,True
1929217878412108054,FabrizioRomano,"🚨⚪️⚫️ Former Toulouse president Damien Comolli has signed in as new Juventus general director.

Three year contract sealed. https://t.co/9OxVxAQqos",Sun Jun 01 16:46:00 +0000 2025,20409,500,907,2473844,False,False,True
1929202328973762883,FabrizioRomano,"🔵⚪️🦅 Maurizio Sarri and Lazio, deal set to be signed next week on two year contract plus option.

Story revealed yesterday, confirmed. ⤵️",Sun Jun 01 15:44:12 +0000 2025,12035,253,598,3202479,False,False,False
1929202088510132232,FabrizioRomano,"🚨🔴⚪️ Caoimhin Kelleher to Brentford, here we go! Deal done for the goalkeeper to join from Liverpool on £18m package fee add-ons included.

Mark Flekken will leave Brentford and join Bayer Leverkusen for €10m 🔴⚫️🇩🇪 https://t.co/uDfhSEoV8U",Sun Jun 01 15:43:15 +0000 2025,93514,1423,5854,6189236,False,False,True
1929201446731251789,FabrizioRomano,🚨🏅 UEFA Team of the Season for UCL campaign 2024/25 has been released! ✨ https://t.co/hml4zaZkLk,Sun Jun 01 15:40:42 +0000 2025,75153,2026,5103,4207840,False,False,True
1929201297355407775,FabrizioRomano,🚨🏅 Ousmane Dembélé wins Best Player of the Season Award from UEFA for UCL. https://t.co/H4dot33cOv,Sun Jun 01 15:40:06 +0000 2025,117221,1265,7452,3068606,False,False,True
1929201209123930347,FabrizioRomano,🚨🏅 Désiré Doué wins Young Player of the Season Award from UEFA for UCL. https://t.co/uYsmdE2eKa,Sun Jun 01 15:39:45 +0000 2025,87593,856,4370,2774958,False,False,True
1929166245925888507,FabrizioRomano,"🚨❌ Francesco Acerbi has rejected to join Italian national team for the upcoming international games.

“Acerbi informed me by text message this morning, we move on”, says Italy coach Luciano Spalletti. https://t.co/dDuzj3uCzX",Sun Jun 01 13:20:49 +0000 2025,50570,703,1860,4238932,False,False,True
1929161993069416774,FabrizioRomano,"🚨 OFFICIAL: Matheus Cunha joins Man United on five year deal plus one year option from Wolves.

All documents signed after £62.5m release clause has been triggered earlier this week.

First signing of the summer for Man Utd. https://t.co/iesnVyEBaC",Sun Jun 01 13:03:55 +0000 2025,109770,1997,10559,6184572,False,False,True
1929161504764448777,FabrizioRomano,🚨✅🇧🇷 #MUFC,Sun Jun 01 13:01:59 +0000 2025,32362,327,1682,3414916,False,False,False
1929149735798972755,FabrizioRomano,🔴👀⏳ #LFC,Sun Jun 01 12:15:13 +0000 2025,53672,921,3536,6739040,False,False,False
1929141735860380065,FabrizioRomano,"🚨⚠️ Ter Stegen on Joan García and Barça talks: “No one has spoken to me about this… but it doesn't concern me too much. I know that I WILL be in Barcelona next year”.

“For me the situation has not changed in principle. I’m very excited for next season”. https://t.co/8frpV3AKm0",Sun Jun 01 11:43:26 +0000 2025,29457,1145,1290,2813034,False,False,True
1929141060128694669,FabrizioRomano,"🚨🔵 Manchester City and OL are in club to club talks for Rayan Cherki, deal expected to advance fast next week.

Price tag will be in excess of €30m for Cherki; Man City are confident.

2️⃣ #MCFC mantain their plan: Cherki and Reijnders deals to be done in the next days. https://t.co/NQNfJqWncH",Sun Jun 01 11:40:45 +0000 2025,47474,718,3170,4598243,False,False,True
1929132858150392179,FabrizioRomano,"🚨🔵🔴 Robert Lewandowski: “I will stay at Barça, it’s not even a topic. For sure”.

“I’m sure our team will be stronger and I want to win even more”. https://t.co/fB0JPtt1qj",Sun Jun 01 11:08:09 +0000 2025,57780,475,2305,2329041,False,False,True
1926035863294607836,FabrizioRomano,"🚨💣 Florian Wirtz has informed Bayer Leverkusen of his desire to join Liverpool.

The contract agreement is done, sealed as Wirtz only wants Liverpool move.

Club to club talks already underway as revealed earlier, #LFC are confident to get the deal DONE SOON. Not a long saga. https://t.co/1NM6MIVtnj",Fri May 23 22:01:48 +0000 2025,176661,2914,15022,27998108,False,False,True
1929371608839332061,FabrizioRomano,"🚨 Liverpool remain confident to finalize Florian Wirtz deal as new round of talks has been scheduled this week.

Club optimistic to get the agreement sealed with Bayer Leverkusen soon. https://t.co/TAkyE7Yjvy",Mon Jun 02 02:56:52 +0000 2025,2972,261,286,86517,False,False,True
1929291429286715401,FabrizioRomano,"🚨 Chelsea remain in contact with Jadon Sancho’s camp over contract terms, still no agreement on salary so far.

Final decision will be in few days, outcome expected next week.

If contract terms are not agreed, Sancho will go back to Manchester United with £5m compensation. https://t.co/H8nDCd3WAg",Sun Jun 01 21:38:15 +0000 2025,27730,967,1720,1845797,False,False,True
1929287492819185879,FabrizioRomano,"🚨🔵 Strasbourg are set to sign Brazilian 16 year old fullback Angelo Candido from São Paulo, agreement done.

São Paulo will keep 12% sell-on clause as @mabragatchelo reports, deal in place.

One for the future with potential view on Chelsea move in the following years. 🇧🇷 https://t.co/4ZznwiVvdU",Sun Jun 01 21:22:37 +0000 2025,14067,226,791,1296864,False,False,True
1929281098355269893,FabrizioRomano,"🚨🇦🇹 Joao Sacramento, set to sign as new head coach at Austrian side LASK. Two year contract almost agreed.

Former Mourinho’s assistant at Spurs and Roma, also Galtier's assistant at PSG and Lille, considered to be a talented coach with important future ahead. https://t.co/EmcT8X1vuZ",Sun Jun 01 20:57:12 +0000 2025,11492,163,478,1225733,False,False,True
1929281083314414061,FabrizioRomano,"🎧 Here we go podcast post UCL.

◉ Florian Wirtz negotiations underway.
◉ PSG consider Mastantuono as future top player.
◉ Al Hilal push to get Simone Inzaghi’s green light.
◉ Donnarumma’s contract + Doué deal secrets. 

🎥 More @MenInBlazers: https://t.co/kw0s0JA1AE https://t.co/lwZGNHZO3k",Sun Jun 01 20:57:09 +0000 2025,9218,165,466,1195694,False,False,True
1929264051554505001,FabrizioRomano,"🚨⚪️ Spurs chairman Daniel Levy set to decide Ange Postecoglou’s future in the next days, situation open.

Thomas Frank and Marco Silva are both appreciated, discussed internally as options for Spurs job if Ange gets fired.

No final decision on Postecoglou yet. https://t.co/GNvtBcjiAD",Sun Jun 01 19:49:28 +0000 2025,45084,1117,2346,3156467,False,False,True
1929235096155857299,FabrizioRomano,"🚨🔵 Liam Delap completes first part of his medical at Chelsea and formal steps will follow early next week.

All set to get the deal official. Delap will play for Chelsea. https://t.co/mOtO4bXQp6",Sun Jun 01 17:54:25 +0000 2025,50447,861,3741,2424001,False,False,True
1929217878412108054,FabrizioRomano,"🚨⚪️⚫️ Former Toulouse president Damien Comolli has signed in as new Juventus general director.

Three year contract sealed. https://t.co/9OxVxAQqos",Sun Jun 01 16:46:00 +0000 2025,20410,500,907,2473844,False,False,True
1929202328973762883,FabrizioRomano,"🔵⚪️🦅 Maurizio Sarri and Lazio, deal set to be signed next week on two year contract plus option.

Story revealed yesterday, confirmed. ⤵️",Sun Jun 01 15:44:12 +0000 2025,12035,253,598,3202479,False,False,False
1929202088510132232,FabrizioRomano,"🚨🔴⚪️ Caoimhin Kelleher to Brentford, here we go! Deal done for the goalkeeper to join from Liverpool on £18m package fee add-ons included.

Mark Flekken will leave Brentford and join Bayer Leverkusen for €10m 🔴⚫️🇩🇪 https://t.co/uDfhSEoV8U",Sun Jun 01 15:43:15 +0000 2025,93515,1423,5854,6189236,False,False,True
1929201446731251789,FabrizioRomano,🚨🏅 UEFA Team of the Season for UCL campaign 2024/25 has been released! ✨ https://t.co/hml4zaZkLk,Sun Jun 01 15:40:42 +0000 2025,75154,2026,5103,4207840,False,False,True
1929201297355407775,FabrizioRomano,🚨🏅 Ousmane Dembélé wins Best Player of the Season Award from UEFA for UCL. https://t.co/H4dot33cOv,Sun Jun 01 15:40:06 +0000 2025,117223,1265,7452,3068606,False,False,True
1929201209123930347,FabrizioRomano,🚨🏅 Désiré Doué wins Young Player of the Season Award from UEFA for UCL. https://t.co/uYsmdE2eKa,Sun Jun 01 15:39:45 +0000 2025,87595,856,4370,2774958,False,False,True
1929166245925888507,FabrizioRomano,"🚨❌ Francesco Acerbi has rejected to join Italian national team for the upcoming international games.

“Acerbi informed me by text message this morning, we move on”, says Italy coach Luciano Spalletti. https://t.co/dDuzj3uCzX",Sun Jun 01 13:20:49 +0000 2025,50570,703,1860,4238932,False,False,True
1929161993069416774,FabrizioRomano,"🚨 OFFICIAL: Matheus Cunha joins Man United on five year deal plus one year option from Wolves.

All documents signed after £62.5m release clause has been triggered earlier this week.

First signing of the summer for Man Utd. https://t.co/iesnVyEBaC",Sun Jun 01 13:03:55 +0000 2025,109769,1997,10559,6184572,False,False,True
1929161504764448777,FabrizioRomano,🚨✅🇧🇷 #MUFC,Sun Jun 01 13:01:59 +0000 2025,32362,327,1682,3414916,False,False,False
1929149735798972755,FabrizioRomano,🔴👀⏳ #LFC,Sun Jun 01 12:15:13 +0000 2025,53673,921,3536,6739040,False,False,False
1929141735860380065,FabrizioRomano,"🚨⚠️ Ter Stegen on Joan García and Barça talks: “No one has spoken to me about this… but it doesn't concern me too much. I know that I WILL be in Barcelona next year”.

“For me the situation has not changed in principle. I’m very excited for next season”. https://t.co/8frpV3AKm0",Sun Jun 01 11:43:26 +0000 2025,29457,1145,1290,2813034,False,False,True
1929141060128694669,FabrizioRomano,"🚨🔵 Manchester City and OL are in club to club talks for Rayan Cherki, deal expected to advance fast next week.

Price tag will be in excess of €30m for Cherki; Man City are confident.

2️⃣ #MCFC mantain their plan: Cherki and Reijnders deals to be done in the next days. https://t.co/NQNfJqWncH",Sun Jun 01 11:40:45 +0000 2025,47474,718,3170,4598243,False,False,True
1929132858150392179,FabrizioRomano,"🚨🔵🔴 Robert Lewandowski: “I will stay at Barça, it’s not even a topic. For sure”.

“I’m sure our team will be stronger and I want to win even more”. https://t.co/fB0JPtt1qj",Sun Jun 01 11:08:09 +0000 2025,57781,475,2305,2329041,False,False,True
1926035863294607836,FabrizioRomano,"🚨💣 Florian Wirtz has informed Bayer Leverkusen of his desire to join Liverpool.

The contract agreement is done, sealed as Wirtz only wants Liverpool move.

Club to club talks already underway as revealed earlier, #LFC are confident to get the deal DONE SOON. Not a long saga. https://t.co/1NM6MIVtnj",Fri May 23 22:01:48 +0000 2025,176661,2914,15022,27998108,False,False,True
1929371608839332061,FabrizioRomano,"🚨 Liverpool remain confident to finalize Florian Wirtz deal as new round of talks has been scheduled this week.

Club optimistic to get the agreement sealed with Bayer Leverkusen soon. https://t.co/TAkyE7Yjvy",Mon Jun 02 02:56:52 +0000 2025,2983,261,286,92488,False,False,True
1929291429286715401,FabrizioRomano,"🚨 Chelsea remain in contact with Jadon Sancho’s camp over contract terms, still no agreement on salary so far.

Final decision will be in few days, outcome expected next week.

If contract terms are not agreed, Sancho will go back to Manchester United with £5m compensation. https://t.co/H8nDCd3WAg",Sun Jun 01 21:38:15 +0000 2025,27732,967,1720,1845797,False,False,True
1929287492819185879,FabrizioRomano,"🚨🔵 Strasbourg are set to sign Brazilian 16 year old fullback Angelo Candido from São Paulo, agreement done.

São Paulo will keep 12% sell-on clause as @mabragatchelo reports, deal in place.

One for the future with potential view on Chelsea move in the following years. 🇧🇷 https://t.co/4ZznwiVvdU",Sun Jun 01 21:22:37 +0000 2025,14068,226,791,1296864,False,False,True
1929281098355269893,FabrizioRomano,"🚨🇦🇹 Joao Sacramento, set to sign as new head coach at Austrian side LASK. Two year contract almost agreed.

Former Mourinho’s assistant at Spurs and Roma, also Galtier's assistant at PSG and Lille, considered to be a talented coach with important future ahead. https://t.co/EmcT8X1vuZ",Sun Jun 01 20:57:12 +0000 2025,11492,163,478,1225733,False,False,True
1929281083314414061,FabrizioRomano,"🎧 Here we go podcast post UCL.

◉ Florian Wirtz negotiations underway.
◉ PSG consider Mastantuono as future top player.
◉ Al Hilal push to get Simone Inzaghi’s green light.
◉ Donnarumma’s contract + Doué deal secrets. 

🎥 More @MenInBlazers: https://t.co/kw0s0JA1AE https://t.co/lwZGNHZO3k",Sun Jun 01 20:57:09 +0000 2025,9219,165,466,1195694,False,False,True
1929264051554505001,FabrizioRomano,"🚨⚪️ Spurs chairman Daniel Levy set to decide Ange Postecoglou’s future in the next days, situation open.

Thomas Frank and Marco Silva are both appreciated, discussed internally as options for Spurs job if Ange gets fired.

No final decision on Postecoglou yet. https://t.co/GNvtBcjiAD",Sun Jun 01 19:49:28 +0000 2025,45085,1117,2346,3156467,False,False,True
1929235096155857299,FabrizioRomano,"🚨🔵 Liam Delap completes first part of his medical at Chelsea and formal steps will follow early next week.

All set to get the deal official. Delap will play for Chelsea. https://t.co/mOtO4bXQp6",Sun Jun 01 17:54:25 +0000 2025,50447,861,3741,2424001,False,False,True
1929217878412108054,FabrizioRomano,"🚨⚪️⚫️ Former Toulouse president Damien Comolli has signed in as new Juventus general director.

Three year contract sealed. https://t.co/9OxVxAQqos",Sun Jun 01 16:46:00 +0000 2025,20411,500,907,2473844,False,False,True
1929202328973762883,FabrizioRomano,"🔵⚪️🦅 Maurizio Sarri and Lazio, deal set to be signed next week on two year contract plus option.

Story revealed yesterday, confirmed. ⤵️",Sun Jun 01 15:44:12 +0000 2025,12035,253,598,3202479,False,False,False
1929202088510132232,FabrizioRomano,"🚨🔴⚪️ Caoimhin Kelleher to Brentford, here we go! Deal done for the goalkeeper to join from Liverpool on £18m package fee add-ons included.

Mark Flekken will leave Brentford and join Bayer Leverkusen for €10m 🔴⚫️🇩🇪 https://t.co/uDfhSEoV8U",Sun Jun 01 15:43:15 +0000 2025,93518,1423,5854,6189236,False,False,True
1929201446731251789,FabrizioRomano,🚨🏅 UEFA Team of the Season for UCL campaign 2024/25 has been released! ✨ https://t.co/hml4zaZkLk,Sun Jun 01 15:40:42 +0000 2025,75158,2026,5103,4207840,False,False,True
1929201297355407775,FabrizioRomano,🚨🏅 Ousmane Dembélé wins Best Player of the Season Award from UEFA for UCL. https://t.co/H4dot33cOv,Sun Jun 01 15:40:06 +0000 2025,117224,1265,7452,3068606,False,False,True
1929201209123930347,FabrizioRomano,🚨🏅 Désiré Doué wins Young Player of the Season Award from UEFA for UCL. https://t.co/uYsmdE2eKa,Sun Jun 01 15:39:45 +0000 2025,87595,856,4370,2774958,False,False,True
1929166245925888507,FabrizioRomano,"🚨❌ Francesco Acerbi has rejected to join Italian national team for the upcoming international games.

“Acerbi informed me by text message this morning, we move on”, says Italy coach Luciano Spalletti. https://t.co/dDuzj3uCzX",Sun Jun 01 13:20:49 +0000 2025,50570,703,1860,4259817,False,False,True
1929161993069416774,FabrizioRomano,"🚨 OFFICIAL: Matheus Cunha joins Man United on five year deal plus one year option from Wolves.

All documents signed after £62.5m release clause has been triggered earlier this week.

First signing of the summer for Man Utd. https://t.co/iesnVyEBaC",Sun Jun 01 13:03:55 +0000 2025,109769,1997,10559,6240392,False,False,True
1929161504764448777,FabrizioRomano,🚨✅🇧🇷 #MUFC,Sun Jun 01 13:01:59 +0000 2025,32363,327,1682,3414916,False,False,False
1929149735798972755,FabrizioRomano,🔴👀⏳ #LFC,Sun Jun 01 12:15:13 +0000 2025,53673,921,3536,6772371,False,False,False
1929141735860380065,FabrizioRomano,"🚨⚠️ Ter Stegen on Joan García and Barça talks: “No one has spoken to me about this… but it doesn't concern me too much. I know that I WILL be in Barcelona next year”.

“For me the situation has not changed in principle. I’m very excited for next season”. https://t.co/8frpV3AKm0",Sun Jun 01 11:43:26 +0000 2025,29457,1145,1290,2813034,False,False,True
1929141060128694669,FabrizioRomano,"🚨🔵 Manchester City and OL are in club to club talks for Rayan Cherki, deal expected to advance fast next week.

Price tag will be in excess of €30m for Cherki; Man City are confident.

2️⃣ #MCFC mantain their plan: Cherki and Reijnders deals to be done in the next days. https://t.co/NQNfJqWncH",Sun Jun 01 11:40:45 +0000 2025,47474,718,3170,4598243,False,False,True
1929132858150392179,FabrizioRomano,"🚨🔵🔴 Robert Lewandowski: “I will stay at Barça, it’s not even a topic. For sure”.

“I’m sure our team will be stronger and I want to win even more”. https://t.co/fB0JPtt1qj",Sun Jun 01 11:08:09 +0000 2025,57782,475,2305,2329041,False,False,True
1926035863294607836,FabrizioRomano,"🚨💣 Florian Wirtz has informed Bayer Leverkusen of his desire to join Liverpool.

The contract agreement is done, sealed as Wirtz only wants Liverpool move.

Club to club talks already underway as revealed earlier, #LFC are confident to get the deal DONE SOON. Not a long saga. https://t.co/1NM6MIVtnj",Fri May 23 22:01:48 +0000 2025,176661,2914,15022,27998691,False,False,True
1929371608839332061,FabrizioRomano,"🚨 Liverpool remain confident to finalize Florian Wirtz deal as new round of talks has been scheduled this week.

Club optimistic to get the agreement sealed with Bayer Leverkusen soon. https://t.co/TAkyE7Yjvy",Mon Jun 02 02:56:52 +0000 2025,2992,262,286,92488,False,False,True
1929291429286715401,FabrizioRomano,"🚨 Chelsea remain in contact with Jadon Sancho’s camp over contract terms, still no agreement on salary so far.

Final decision will be in few days, outcome expected next week.

If contract terms are not agreed, Sancho will go back to Manchester United with £5m compensation. https://t.co/H8nDCd3WAg",Sun Jun 01 21:38:15 +0000 2025,27733,967,1720,1845797,False,False,True
1929287492819185879,FabrizioRomano,"🚨🔵 Strasbourg are set to sign Brazilian 16 year old fullback Angelo Candido from São Paulo, agreement done.

São Paulo will keep 12% sell-on clause as @mabragatchelo reports, deal in place.

One for the future with potential view on Chelsea move in the following years. 🇧🇷 https://t.co/4ZznwiVvdU",Sun Jun 01 21:22:37 +0000 2025,14068,226,791,1297751,False,False,True
1929281098355269893,FabrizioRomano,"🚨🇦🇹 Joao Sacramento, set to sign as new head coach at Austrian side LASK. Two year contract almost agreed.

Former Mourinho’s assistant at Spurs and Roma, also Galtier's assistant at PSG and Lille, considered to be a talented coach with important future ahead. https://t.co/EmcT8X1vuZ",Sun Jun 01 20:57:12 +0000 2025,11494,163,478,1225733,False,False,True
1929281083314414061,FabrizioRomano,"🎧 Here we go podcast post UCL.

◉ Florian Wirtz negotiations underway.
◉ PSG consider Mastantuono as future top player.
◉ Al Hilal push to get Simone Inzaghi’s green light.
◉ Donnarumma’s contract + Doué deal secrets. 

🎥 More @MenInBlazers: https://t.co/kw0s0JA1AE https://t.co/lwZGNHZO3k",Sun Jun 01 20:57:09 +0000 2025,9219,165,466,1196266,False,False,True
1929264051554505001,FabrizioRomano,"🚨⚪️ Spurs chairman Daniel Levy set to decide Ange Postecoglou’s future in the next days, situation open.

Thomas Frank and Marco Silva are both appreciated, discussed internally as options for Spurs job if Ange gets fired.

No final decision on Postecoglou yet. https://t.co/GNvtBcjiAD",Sun Jun 01 19:49:28 +0000 2025,45086,1117,2346,3156467,False,False,True
1929235096155857299,FabrizioRomano,"🚨🔵 Liam Delap completes first part of his medical at Chelsea and formal steps will follow early next week.

All set to get the deal official. Delap will play for Chelsea. https://t.co/mOtO4bXQp6",Sun Jun 01 17:54:25 +0000 2025,50449,861,3741,2424001,False,False,True
1929217878412108054,FabrizioRomano,"🚨⚪️⚫️ Former Toulouse president Damien Comolli has signed in as new Juventus general director.

Three year contract sealed. https://t.co/9OxVxAQqos",Sun Jun 01 16:46:00 +0000 2025,20411,500,907,2453389,False,False,True
1929202328973762883,FabrizioRomano,"🔵⚪️🦅 Maurizio Sarri and Lazio, deal set to be signed next week on two year contract plus option.

Story revealed yesterday, confirmed. ⤵️",Sun Jun 01 15:44:12 +0000 2025,12035,253,598,3202479,False,False,False
1929202088510132232,FabrizioRomano,"🚨🔴⚪️ Caoimhin Kelleher to Brentford, here we go! Deal done for the goalkeeper to join from Liverpool on £18m package fee add-ons included.

Mark Flekken will leave Brentford and join Bayer Leverkusen for €10m 🔴⚫️🇩🇪 https://t.co/uDfhSEoV8U",Sun Jun 01 15:43:15 +0000 2025,93520,1423,5854,6189236,False,False,True
1929201446731251789,FabrizioRomano,🚨🏅 UEFA Team of the Season for UCL campaign 2024/25 has been released! ✨ https://t.co/hml4zaZkLk,Sun Jun 01 15:40:42 +0000 2025,75160,2026,5103,4207840,False,False,True
1929201297355407775,FabrizioRomano,🚨🏅 Ousmane Dembélé wins Best Player of the Season Award from UEFA for UCL. https://t.co/H4dot33cOv,Sun Jun 01 15:40:06 +0000 2025,117225,1265,7452,3068606,False,False,True
1929201209123930347,FabrizioRomano,🚨🏅 Désiré Doué wins Young Player of the Season Award from UEFA for UCL. https://t.co/uYsmdE2eKa,Sun Jun 01 15:39:45 +0000 2025,87598,856,4370,2774958,False,False,True
1929166245925888507,FabrizioRomano,"🚨❌ Francesco Acerbi has rejected to join Italian national team for the upcoming international games.

“Acerbi informed me by text message this morning, we move on”, says Italy coach Luciano Spalletti. https://t.co/dDuzj3uCzX",Sun Jun 01 13:20:49 +0000 2025,50570,703,1860,4259817,False,False,True
1929161993069416774,FabrizioRomano,"🚨 OFFICIAL: Matheus Cunha joins Man United on five year deal plus one year option from Wolves.

All documents signed after £62.5m release clause has been triggered earlier this week.

First signing of the summer for Man Utd. https://t.co/iesnVyEBaC",Sun Jun 01 13:03:55 +0000 2025,109769,1997,10559,6240392,False,False,True
1929161504764448777,FabrizioRomano,🚨✅🇧🇷 #MUFC,Sun Jun 01 13:01:59 +0000 2025,32363,327,1682,3415177,False,False,False
1929149735798972755,FabrizioRomano,🔴👀⏳ #LFC,Sun Jun 01 12:15:13 +0000 2025,53673,921,3536,6772371,False,False,False
1929141735860380065,FabrizioRomano,"🚨⚠️ Ter Stegen on Joan García and Barça talks: “No one has spoken to me about this… but it doesn't concern me too much. I know that I WILL be in Barcelona next year”.

“For me the situation has not changed in principle. I’m very excited for next season”. https://t.co/8frpV3AKm0",Sun Jun 01 11:43:26 +0000 2025,29457,1145,1290,2813034,False,False,True
1929141060128694669,FabrizioRomano,"🚨🔵 Manchester City and OL are in club to club talks for Rayan Cherki, deal expected to advance fast next week.

Price tag will be in excess of €30m for Cherki; Man City are confident.

2️⃣ #MCFC mantain their plan: Cherki and Reijnders deals to be done in the next days. https://t.co/NQNfJqWncH",Sun Jun 01 11:40:45 +0000 2025,47475,718,3170,4598243,False,False,True
1929132858150392179,FabrizioRomano,"🚨🔵🔴 Robert Lewandowski: “I will stay at Barça, it’s not even a topic. For sure”.

“I’m sure our team will be stronger and I want to win even more”. https://t.co/fB0JPtt1qj",Sun Jun 01 11:08:09 +0000 2025,57782,475,2305,2329041,False,False,True
1926035863294607836,FabrizioRomano,"🚨💣 Florian Wirtz has informed Bayer Leverkusen of his desire to join Liverpool.

The contract agreement is done, sealed as Wirtz only wants Liverpool move.

Club to club talks already underway as revealed earlier, #LFC are confident to get the deal DONE SOON. Not a long saga. https://t.co/1NM6MIVtnj",Fri May 23 22:01:48 +0000 2025,176661,2914,15022,27998691,False,False,True
1929371608839332061,FabrizioRomano,"🚨 Liverpool remain confident to finalize Florian Wirtz deal as new round of talks has been scheduled this week.

Club optimistic to get the agreement sealed with Bayer Leverkusen soon. https://t.co/TAkyE7Yjvy",Mon Jun 02 02:56:52 +0000 2025,3006,264,286,92488,False,False,True
1929291429286715401,FabrizioRomano,"🚨 Chelsea remain in contact with Jadon Sancho’s camp over contract terms, still no agreement on salary so far.

Final decision will be in few days, outcome expected next week.

If contract terms are not agreed, Sancho will go back to Manchester United with £5m compensation. https://t.co/H8nDCd3WAg",Sun Jun 01 21:38:15 +0000 2025,27733,967,1720,1845797,False,False,True
1929287492819185879,FabrizioRomano,"🚨🔵 Strasbourg are set to sign Brazilian 16 year old fullback Angelo Candido from São Paulo, agreement done.

São Paulo will keep 12% sell-on clause as @mabragatchelo reports, deal in place.

One for the future with potential view on Chelsea move in the following years. 🇧🇷 https://t.co/4ZznwiVvdU",Sun Jun 01 21:22:37 +0000 2025,14068,226,791,1297751,False,False,True
1929281098355269893,FabrizioRomano,"🚨🇦🇹 Joao Sacramento, set to sign as new head coach at Austrian side LASK. Two year contract almost agreed.

Former Mourinho’s assistant at Spurs and Roma, also Galtier's assistant at PSG and Lille, considered to be a talented coach with important future ahead. https://t.co/EmcT8X1vuZ",Sun Jun 01 20:57:12 +0000 2025,11494,163,478,1225733,False,False,True
1929281083314414061,FabrizioRomano,"🎧 Here we go podcast post UCL.

◉ Florian Wirtz negotiations underway.
◉ PSG consider Mastantuono as future top player.
◉ Al Hilal push to get Simone Inzaghi’s green light.
◉ Donnarumma’s contract + Doué deal secrets. 

🎥 More @MenInBlazers: https://t.co/kw0s0JA1AE https://t.co/lwZGNHZO3k",Sun Jun 01 20:57:09 +0000 2025,9221,165,466,1196266,False,False,True
1929264051554505001,FabrizioRomano,"🚨⚪️ Spurs chairman Daniel Levy set to decide Ange Postecoglou’s future in the next days, situation open.

Thomas Frank and Marco Silva are both appreciated, discussed internally as options for Spurs job if Ange gets fired.

No final decision on Postecoglou yet. https://t.co/GNvtBcjiAD",Sun Jun 01 19:49:28 +0000 2025,45087,1117,2346,3156467,False,False,True
1929235096155857299,FabrizioRomano,"🚨🔵 Liam Delap completes first part of his medical at Chelsea and formal steps will follow early next week.

All set to get the deal official. Delap will play for Chelsea. https://t.co/mOtO4bXQp6",Sun Jun 01 17:54:25 +0000 2025,50450,861,3741,2424360,False,False,True
1929217878412108054,FabrizioRomano,"🚨⚪️⚫️ Former Toulouse president Damien Comolli has signed in as new Juventus general director.

Three year contract sealed. https://t.co/9OxVxAQqos",Sun Jun 01 16:46:00 +0000 2025,20412,500,907,2453389,False,False,True
1929202328973762883,FabrizioRomano,"🔵⚪️🦅 Maurizio Sarri and Lazio, deal set to be signed next week on two year contract plus option.

Story revealed yesterday, confirmed. ⤵️",Sun Jun 01 15:44:12 +0000 2025,12035,253,598,3202479,False,False,False
1929202088510132232,FabrizioRomano,"🚨🔴⚪️ Caoimhin Kelleher to Brentford, here we go! Deal done for the goalkeeper to join from Liverpool on £18m package fee add-ons included.

Mark Flekken will leave Brentford and join Bayer Leverkusen for €10m 🔴⚫️🇩🇪 https://t.co/uDfhSEoV8U",Sun Jun 01 15:43:15 +0000 2025,93522,1423,5854,6190332,False,False,True
1929201446731251789,FabrizioRomano,🚨🏅 UEFA Team of the Season for UCL campaign 2024/25 has been released! ✨ https://t.co/hml4zaZkLk,Sun Jun 01 15:40:42 +0000 2025,75162,2026,5103,4207840,False,False,True
1929201297355407775,FabrizioRomano,🚨🏅 Ousmane Dembélé wins Best Player of the Season Award from UEFA for UCL. https://t.co/H4dot33cOv,Sun Jun 01 15:40:06 +0000 2025,117226,1265,7452,3068606,False,False,True
1929201209123930347,FabrizioRomano,🚨🏅 Désiré Doué wins Young Player of the Season Award from UEFA for UCL. https://t.co/uYsmdE2eKa,Sun Jun 01 15:39:45 +0000 2025,87599,856,4370,2775284,False,False,True
1929166245925888507,FabrizioRomano,"🚨❌ Francesco Acerbi has rejected to join Italian national team for the upcoming international games.

“Acerbi informed me by text message this morning, we move on”, says Italy coach Luciano Spalletti. https://t.co/dDuzj3uCzX",Sun Jun 01 13:20:49 +0000 2025,50570,703,1860,4259817,False,False,True
1929161993069416774,FabrizioRomano,"🚨 OFFICIAL: Matheus Cunha joins Man United on five year deal plus one year option from Wolves.

All documents signed after £62.5m release clause has been triggered earlier this week.

First signing of the summer for Man Utd. https://t.co/iesnVyEBaC",Sun Jun 01 13:03:55 +0000 2025,109769,1997,10559,6240392,False,False,True
1929161504764448777,FabrizioRomano,🚨✅🇧🇷 #MUFC,Sun Jun 01 13:01:59 +0000 2025,32363,327,1682,3415177,False,False,False
1929149735798972755,FabrizioRomano,🔴👀⏳ #LFC,Sun Jun 01 12:15:13 +0000 2025,53673,921,3536,6772371,False,False,False
1929141735860380065,FabrizioRomano,"🚨⚠️ Ter Stegen on Joan García and Barça talks: “No one has spoken to me about this… but it doesn't concern me too much. I know that I WILL be in Barcelona next year”.

“For me the situation has not changed in principle. I’m very excited for next season”. https://t.co/8frpV3AKm0",Sun Jun 01 11:43:26 +0000 2025,29457,1145,1290,2813034,False,False,True
1929141060128694669,FabrizioRomano,"🚨🔵 Manchester City and OL are in club to club talks for Rayan Cherki, deal expected to advance fast next week.

Price tag will be in excess of €30m for Cherki; Man City are confident.

2️⃣ #MCFC mantain their plan: Cherki and Reijnders deals to be done in the next days. https://t.co/NQNfJqWncH",Sun Jun 01 11:40:45 +0000 2025,47475,718,3170,4598243,False,False,True
1929132858150392179,FabrizioRomano,"🚨🔵🔴 Robert Lewandowski: “I will stay at Barça, it’s not even a topic. For sure”.

“I’m sure our team will be stronger and I want to win even more”. https://t.co/fB0JPtt1qj",Sun Jun 01 11:08:09 +0000 2025,57782,475,2305,2329041,False,False,True
1926035863294607836,FabrizioRomano,"🚨💣 Florian Wirtz has informed Bayer Leverkusen of his desire to join Liverpool.

The contract agreement is done, sealed as Wirtz only wants Liverpool move.

Club to club talks already underway as revealed earlier, #LFC are confident to get the deal DONE SOON. Not a long saga. https://t.co/1NM6MIVtnj",Fri May 23 22:01:48 +0000 2025,176661,2914,15022,27998691,False,False,True
1929371608839332061,FabrizioRomano,"🚨 Liverpool remain confident to finalize Florian Wirtz deal as new round of talks has been scheduled this week.

Club optimistic to get the agreement sealed with Bayer Leverkusen soon. https://t.co/TAkyE7Yjvy",Mon Jun 02 02:56:52 +0000 2025,3015,265,287,92488,False,False,True
1929291429286715401,FabrizioRomano,"🚨 Chelsea remain in contact with Jadon Sancho’s camp over contract terms, still no agreement on salary so far.

Final decision will be in few days, outcome expected next week.

If contract terms are not agreed, Sancho will go back to Manchester United with £5m compensation. https://t.co/H8nDCd3WAg",Sun Jun 01 21:38:15 +0000 2025,27734,967,1720,1845797,False,False,True
1929287492819185879,FabrizioRomano,"🚨🔵 Strasbourg are set to sign Brazilian 16 year old fullback Angelo Candido from São Paulo, agreement done.

São Paulo will keep 12% sell-on clause as @mabragatchelo reports, deal in place.

One for the future with potential view on Chelsea move in the following years. 🇧🇷 https://t.co/4ZznwiVvdU",Sun Jun 01 21:22:37 +0000 2025,14068,226,791,1297751,False,False,True
1929281098355269893,FabrizioRomano,"🚨🇦🇹 Joao Sacramento, set to sign as new head coach at Austrian side LASK. Two year contract almost agreed.

Former Mourinho’s assistant at Spurs and Roma, also Galtier's assistant at PSG and Lille, considered to be a talented coach with important future ahead. https://t.co/EmcT8X1vuZ",Sun Jun 01 20:57:12 +0000 2025,11495,163,478,1225733,False,False,True
1929281083314414061,FabrizioRomano,"🎧 Here we go podcast post UCL.

◉ Florian Wirtz negotiations underway.
◉ PSG consider Mastantuono as future top player.
◉ Al Hilal push to get Simone Inzaghi’s green light.
◉ Donnarumma’s contract + Doué deal secrets. 

🎥 More @MenInBlazers: https://t.co/kw0s0JA1AE https://t.co/lwZGNHZO3k",Sun Jun 01 20:57:09 +0000 2025,9221,165,466,1196266,False,False,True
1929264051554505001,FabrizioRomano,"🚨⚪️ Spurs chairman Daniel Levy set to decide Ange Postecoglou’s future in the next days, situation open.

Thomas Frank and Marco Silva are both appreciated, discussed internally as options for Spurs job if Ange gets fired.

No final decision on Postecoglou yet. https://t.co/GNvtBcjiAD",Sun Jun 01 19:49:28 +0000 2025,45087,1117,2346,3156467,False,False,True
1929235096155857299,FabrizioRomano,"🚨🔵 Liam Delap completes first part of his medical at Chelsea and formal steps will follow early next week.

All set to get the deal official. Delap will play for Chelsea. https://t.co/mOtO4bXQp6",Sun Jun 01 17:54:25 +0000 2025,50450,861,3741,2424360,False,False,True
1929217878412108054,FabrizioRomano,"🚨⚪️⚫️ Former Toulouse president Damien Comolli has signed in as new Juventus general director.

Three year contract sealed. https://t.co/9OxVxAQqos",Sun Jun 01 16:46:00 +0000 2025,20412,500,907,2453389,False,False,True
1929202328973762883,FabrizioRomano,"🔵⚪️🦅 Maurizio Sarri and Lazio, deal set to be signed next week on two year contract plus option.

Story revealed yesterday, confirmed. ⤵️",Sun Jun 01 15:44:12 +0000 2025,12036,253,598,3202479,False,False,False
1929202088510132232,FabrizioRomano,"🚨🔴⚪️ Caoimhin Kelleher to Brentford, here we go! Deal done for the goalkeeper to join from Liverpool on £18m package fee add-ons included.

Mark Flekken will leave Brentford and join Bayer Leverkusen for €10m 🔴⚫️🇩🇪 https://t.co/uDfhSEoV8U",Sun Jun 01 15:43:15 +0000 2025,93522,1423,5854,6190332,False,False,True
1929201446731251789,FabrizioRomano,🚨🏅 UEFA Team of the Season for UCL campaign 2024/25 has been released! ✨ https://t.co/hml4zaZkLk,Sun Jun 01 15:40:42 +0000 2025,75163,2026,5103,4207840,False,False,True
1929201297355407775,FabrizioRomano,🚨🏅 Ousmane Dembélé wins Best Player of the Season Award from UEFA for UCL. https://t.co/H4dot33cOv,Sun Jun 01 15:40:06 +0000 2025,117229,1265,7453,3068606,False,False,True
1929201209123930347,FabrizioRomano,🚨🏅 Désiré Doué wins Young Player of the Season Award from UEFA for UCL. https://t.co/uYsmdE2eKa,Sun Jun 01 15:39:45 +0000 2025,87599,856,4370,2775284,False,False,True
1929166245925888507,FabrizioRomano,"🚨❌ Francesco Acerbi has rejected to join Italian national team for the upcoming international games.

“Acerbi informed me by text message this morning, we move on”, says Italy coach Luciano Spalletti. https://t.co/dDuzj3uCzX",Sun Jun 01 13:20:49 +0000 2025,50570,703,1860,4259817,False,False,True
1929161993069416774,FabrizioRomano,"🚨 OFFICIAL: Matheus Cunha joins Man United on five year deal plus one year option from Wolves.

All documents signed after £62.5m release clause has been triggered earlier this week.

First signing of the summer for Man Utd. https://t.co/iesnVyEBaC",Sun Jun 01 13:03:55 +0000 2025,109770,1997,10559,6185214,False,False,True
1929161504764448777,FabrizioRomano,🚨✅🇧🇷 #MUFC,Sun Jun 01 13:01:59 +0000 2025,32363,327,1682,3415177,False,False,False
1929149735798972755,FabrizioRomano,🔴👀⏳ #LFC,Sun Jun 01 12:15:13 +0000 2025,53674,921,3536,6772371,False,False,False
1929141735860380065,FabrizioRomano,"🚨⚠️ Ter Stegen on Joan García and Barça talks: “No one has spoken to me about this… but it doesn't concern me too much. I know that I WILL be in Barcelona next year”.

“For me the situation has not changed in principle. I’m very excited for next season”. https://t.co/8frpV3AKm0",Sun Jun 01 11:43:26 +0000 2025,29457,1145,1290,2813034,False,False,True
1929141060128694669,FabrizioRomano,"🚨🔵 Manchester City and OL are in club to club talks for Rayan Cherki, deal expected to advance fast next week.

Price tag will be in excess of €30m for Cherki; Man City are confident.

2️⃣ #MCFC mantain their plan: Cherki and Reijnders deals to be done in the next days. https://t.co/NQNfJqWncH",Sun Jun 01 11:40:45 +0000 2025,47475,718,3170,4598243,False,False,True
1929132858150392179,FabrizioRomano,"🚨🔵🔴 Robert Lewandowski: “I will stay at Barça, it’s not even a topic. For sure”.

“I’m sure our team will be stronger and I want to win even more”. https://t.co/fB0JPtt1qj",Sun Jun 01 11:08:09 +0000 2025,57783,475,2305,2329041,False,False,True
1926035863294607836,FabrizioRomano,"🚨💣 Florian Wirtz has informed Bayer Leverkusen of his desire to join Liverpool.

The contract agreement is done, sealed as Wirtz only wants Liverpool move.

Club to club talks already underway as revealed earlier, #LFC are confident to get the deal DONE SOON. Not a long saga. https://t.co/1NM6MIVtnj",Fri May 23 22:01:48 +0000 2025,176662,2914,15022,27998691,False,False,True
1929371608839332061,FabrizioRomano,"🚨 Liverpool remain confident to finalize Florian Wirtz deal as new round of talks has been scheduled this week.

Club optimistic to get the agreement sealed with Bayer Leverkusen soon. https://t.co/TAkyE7Yjvy",Mon Jun 02 02:56:52 +0000 2025,3031,267,288,92488,False,False,True
1929291429286715401,FabrizioRomano,"🚨 Chelsea remain in contact with Jadon Sancho’s camp over contract terms, still no agreement on salary so far.

Final decision will be in few days, outcome expected next week.

If contract terms are not agreed, Sancho will go back to Manchester United with £5m compensation. https://t.co/H8nDCd3WAg",Sun Jun 01 21:38:15 +0000 2025,27736,967,1720,1845797,False,False,True
1929287492819185879,FabrizioRomano,"🚨🔵 Strasbourg are set to sign Brazilian 16 year old fullback Angelo Candido from São Paulo, agreement done.

São Paulo will keep 12% sell-on clause as @mabragatchelo reports, deal in place.

One for the future with potential view on Chelsea move in the following years. 🇧🇷 https://t.co/4ZznwiVvdU",Sun Jun 01 21:22:37 +0000 2025,14068,226,791,1297751,False,False,True
1929281098355269893,FabrizioRomano,"🚨🇦🇹 Joao Sacramento, set to sign as new head coach at Austrian side LASK. Two year contract almost agreed.

Former Mourinho’s assistant at Spurs and Roma, also Galtier's assistant at PSG and Lille, considered to be a talented coach with important future ahead. https://t.co/EmcT8X1vuZ",Sun Jun 01 20:57:12 +0000 2025,11496,163,478,1225733,False,False,True
1929281083314414061,FabrizioRomano,"🎧 Here we go podcast post UCL.

◉ Florian Wirtz negotiations underway.
◉ PSG consider Mastantuono as future top player.
◉ Al Hilal push to get Simone Inzaghi’s green light.
◉ Donnarumma’s contract + Doué deal secrets. 

🎥 More @MenInBlazers: https://t.co/kw0s0JA1AE https://t.co/lwZGNHZO3k",Sun Jun 01 20:57:09 +0000 2025,9222,165,466,1196266,False,False,True
1929264051554505001,FabrizioRomano,"🚨⚪️ Spurs chairman Daniel Levy set to decide Ange Postecoglou’s future in the next days, situation open.

Thomas Frank and Marco Silva are both appreciated, discussed internally as options for Spurs job if Ange gets fired.

No final decision on Postecoglou yet. https://t.co/GNvtBcjiAD",Sun Jun 01 19:49:28 +0000 2025,45088,1117,2346,3156467,False,False,True
1929235096155857299,FabrizioRomano,"🚨🔵 Liam Delap completes first part of his medical at Chelsea and formal steps will follow early next week.

All set to get the deal official. Delap will play for Chelsea. https://t.co/mOtO4bXQp6",Sun Jun 01 17:54:25 +0000 2025,50451,861,3741,2424360,False,False,True
1929217878412108054,FabrizioRomano,"🚨⚪️⚫️ Former Toulouse president Damien Comolli has signed in as new Juventus general director.

Three year contract sealed. https://t.co/9OxVxAQqos",Sun Jun 01 16:46:00 +0000 2025,20413,500,907,2453389,False,False,True
1929202328973762883,FabrizioRomano,"🔵⚪️🦅 Maurizio Sarri and Lazio, deal set to be signed next week on two year contract plus option.

Story revealed yesterday, confirmed. ⤵️",Sun Jun 01 15:44:12 +0000 2025,12037,253,598,3202938,False,False,False
1929202088510132232,FabrizioRomano,"🚨🔴⚪️ Caoimhin Kelleher to Brentford, here we go! Deal done for the goalkeeper to join from Liverpool on £18m package fee add-ons included.

Mark Flekken will leave Brentford and join Bayer Leverkusen for €10m 🔴⚫️🇩🇪 https://t.co/uDfhSEoV8U",Sun Jun 01 15:43:15 +0000 2025,93522,1423,5854,6190332,False,False,True
1929201446731251789,FabrizioRomano,🚨🏅 UEFA Team of the Season for UCL campaign 2024/25 has been released! ✨ https://t.co/hml4zaZkLk,Sun Jun 01 15:40:42 +0000 2025,75166,2026,5103,4207840,False,False,True
1929201297355407775,FabrizioRomano,🚨🏅 Ousmane Dembélé wins Best Player of the Season Award from UEFA for UCL. https://t.co/H4dot33cOv,Sun Jun 01 15:40:06 +0000 2025,117230,1265,7453,3068606,False,False,True
1929201209123930347,FabrizioRomano,🚨🏅 Désiré Doué wins Young Player of the Season Award from UEFA for UCL. https://t.co/uYsmdE2eKa,Sun Jun 01 15:39:45 +0000 2025,87600,856,4370,2775284,False,False,True
1929166245925888507,FabrizioRomano,"🚨❌ Francesco Acerbi has rejected to join Italian national team for the upcoming international games.

“Acerbi informed me by text message this morning, we move on”, says Italy coach Luciano Spalletti. https://t.co/dDuzj3uCzX",Sun Jun 01 13:20:49 +0000 2025,50572,703,1860,4259817,False,False,True
1929161993069416774,FabrizioRomano,"🚨 OFFICIAL: Matheus Cunha joins Man United on five year deal plus one year option from Wolves.

All documents signed after £62.5m release clause has been triggered earlier this week.

First signing of the summer for Man Utd. https://t.co/iesnVyEBaC",Sun Jun 01 13:03:55 +0000 2025,109770,1997,10559,6185214,False,False,True
1929161504764448777,FabrizioRomano,🚨✅🇧🇷 #MUFC,Sun Jun 01 13:01:59 +0000 2025,32363,327,1682,3415177,False,False,False
1929149735798972755,FabrizioRomano,🔴👀⏳ #LFC,Sun Jun 01 12:15:13 +0000 2025,53674,921,3536,6772371,False,False,False
1929141735860380065,FabrizioRomano,"🚨⚠️ Ter Stegen on Joan García and Barça talks: “No one has spoken to me about this… but it doesn't concern me too much. I know that I WILL be in Barcelona next year”.

“For me the situation has not changed in principle. I’m very excited for next season”. https://t.co/8frpV3AKm0",Sun Jun 01 11:43:26 +0000 2025,29458,1145,1290,2831079,False,False,True
1929141060128694669,FabrizioRomano,"🚨🔵 Manchester City and OL are in club to club talks for Rayan Cherki, deal expected to advance fast next week.

Price tag will be in excess of €30m for Cherki; Man City are confident.

2️⃣ #MCFC mantain their plan: Cherki and Reijnders deals to be done in the next days. https://t.co/NQNfJqWncH",Sun Jun 01 11:40:45 +0000 2025,47477,718,3170,4598243,False,False,True
1929132858150392179,FabrizioRomano,"🚨🔵🔴 Robert Lewandowski: “I will stay at Barça, it’s not even a topic. For sure”.

“I’m sure our team will be stronger and I want to win even more”. https://t.co/fB0JPtt1qj",Sun Jun 01 11:08:09 +0000 2025,57784,475,2305,2329221,False,False,True
1926035863294607836,FabrizioRomano,"🚨💣 Florian Wirtz has informed Bayer Leverkusen of his desire to join Liverpool.

The contract agreement is done, sealed as Wirtz only wants Liverpool move.

Club to club talks already underway as revealed earlier, #LFC are confident to get the deal DONE SOON. Not a long saga. https://t.co/1NM6MIVtnj",Fri May 23 22:01:48 +0000 2025,176662,2914,15022,27998691,False,False,True
1929371608839332061,FabrizioRomano,"🚨 Liverpool remain confident to finalize Florian Wirtz deal as new round of talks has been scheduled this week.

Club optimistic to get the agreement sealed with Bayer Leverkusen soon. https://t.co/TAkyE7Yjvy",Mon Jun 02 02:56:52 +0000 2025,3050,267,289,92488,False,False,True
1929291429286715401,FabrizioRomano,"🚨 Chelsea remain in contact with Jadon Sancho’s camp over contract terms, still no agreement on salary so far.

Final decision will be in few days, outcome expected next week.

If contract terms are not agreed, Sancho will go back to Manchester United with £5m compensation. https://t.co/H8nDCd3WAg",Sun Jun 01 21:38:15 +0000 2025,27737,967,1720,1845797,False,False,True
1929287492819185879,FabrizioRomano,"🚨🔵 Strasbourg are set to sign Brazilian 16 year old fullback Angelo Candido from São Paulo, agreement done.

São Paulo will keep 12% sell-on clause as @mabragatchelo reports, deal in place.

One for the future with potential view on Chelsea move in the following years. 🇧🇷 https://t.co/4ZznwiVvdU",Sun Jun 01 21:22:37 +0000 2025,14068,226,791,1297751,False,False,True
1929281098355269893,FabrizioRomano,"🚨🇦🇹 Joao Sacramento, set to sign as new head coach at Austrian side LASK. Two year contract almost agreed.

Former Mourinho’s assistant at Spurs and Roma, also Galtier's assistant at PSG and Lille, considered to be a talented coach with important future ahead. https://t.co/EmcT8X1vuZ",Sun Jun 01 20:57:12 +0000 2025,11497,163,478,1225733,False,False,True
1929281083314414061,FabrizioRomano,"🎧 Here we go podcast post UCL.

◉ Florian Wirtz negotiations underway.
◉ PSG consider Mastantuono as future top player.
◉ Al Hilal push to get Simone Inzaghi’s green light.
◉ Donnarumma’s contract + Doué deal secrets. 

🎥 More @MenInBlazers: https://t.co/kw0s0JA1AE https://t.co/lwZGNHZO3k",Sun Jun 01 20:57:09 +0000 2025,9222,165,466,1196266,False,False,True
1929264051554505001,FabrizioRomano,"🚨⚪️ Spurs chairman Daniel Levy set to decide Ange Postecoglou’s future in the next days, situation open.

Thomas Frank and Marco Silva are both appreciated, discussed internally as options for Spurs job if Ange gets fired.

No final decision on Postecoglou yet. https://t.co/GNvtBcjiAD",Sun Jun 01 19:49:28 +0000 2025,45089,1117,2346,3156467,False,False,True
1929235096155857299,FabrizioRomano,"🚨🔵 Liam Delap completes first part of his medical at Chelsea and formal steps will follow early next week.

All set to get the deal official. Delap will play for Chelsea. https://t.co/mOtO4bXQp6",Sun Jun 01 17:54:25 +0000 2025,50453,861,3741,2424360,False,False,True
1929217878412108054,FabrizioRomano,"🚨⚪️⚫️ Former Toulouse president Damien Comolli has signed in as new Juventus general director.

Three year contract sealed. https://t.co/9OxVxAQqos",Sun Jun 01 16:46:00 +0000 2025,20413,500,907,2453389,False,False,True
1929202328973762883,FabrizioRomano,"🔵⚪️🦅 Maurizio Sarri and Lazio, deal set to be signed next week on two year contract plus option.

Story revealed yesterday, confirmed. ⤵️",Sun Jun 01 15:44:12 +0000 2025,12037,253,598,3202938,False,False,False
1929202088510132232,FabrizioRomano,"🚨🔴⚪️ Caoimhin Kelleher to Brentford, here we go! Deal done for the goalkeeper to join from Liverpool on £18m package fee add-ons included.

Mark Flekken will leave Brentford and join Bayer Leverkusen for €10m 🔴⚫️🇩🇪 https://t.co/uDfhSEoV8U",Sun Jun 01 15:43:15 +0000 2025,93522,1423,5854,6190332,False,False,True
1929201446731251789,FabrizioRomano,🚨🏅 UEFA Team of the Season for UCL campaign 2024/25 has been released! ✨ https://t.co/hml4zaZkLk,Sun Jun 01 15:40:42 +0000 2025,75167,2026,5103,4207840,False,False,True
1929201297355407775,FabrizioRomano,🚨🏅 Ousmane Dembélé wins Best Player of the Season Award from UEFA for UCL. https://t.co/H4dot33cOv,Sun Jun 01 15:40:06 +0000 2025,117231,1265,7453,3068606,False,False,True
1929201209123930347,FabrizioRomano,🚨🏅 Désiré Doué wins Young Player of the Season Award from UEFA for UCL. https://t.co/uYsmdE2eKa,Sun Jun 01 15:39:45 +0000 2025,87600,856,4370,2775284,False,False,True
1929166245925888507,FabrizioRomano,"🚨❌ Francesco Acerbi has rejected to join Italian national team for the upcoming international games.

“Acerbi informed me by text message this morning, we move on”, says Italy coach Luciano Spalletti. https://t.co/dDuzj3uCzX",Sun Jun 01 13:20:49 +0000 2025,50572,703,1860,4259817,False,False,True
1929161993069416774,FabrizioRomano,"🚨 OFFICIAL: Matheus Cunha joins Man United on five year deal plus one year option from Wolves.

All documents signed after £62.5m release clause has been triggered earlier this week.

First signing of the summer for Man Utd. https://t.co/iesnVyEBaC",Sun Jun 01 13:03:55 +0000 2025,109771,1997,10559,6185214,False,False,True
1929161504764448777,FabrizioRomano,🚨✅🇧🇷 #MUFC,Sun Jun 01 13:01:59 +0000 2025,32363,327,1682,3415177,False,False,False
1929149735798972755,FabrizioRomano,🔴👀⏳ #LFC,Sun Jun 01 12:15:13 +0000 2025,53674,921,3536,6772371,False,False,False
1929141735860380065,FabrizioRomano,"🚨⚠️ Ter Stegen on Joan García and Barça talks: “No one has spoken to me about this… but it doesn't concern me too much. I know that I WILL be in Barcelona next year”.

“For me the situation has not changed in principle. I’m very excited for next season”. https://t.co/8frpV3AKm0",Sun Jun 01 11:43:26 +0000 2025,29458,1145,1290,2831079,False,False,True
1929141060128694669,FabrizioRomano,"🚨🔵 Manchester City and OL are in club to club talks for Rayan Cherki, deal expected to advance fast next week.

Price tag will be in excess of €30m for Cherki; Man City are confident.

2️⃣ #MCFC mantain their plan: Cherki and Reijnders deals to be done in the next days. https://t.co/NQNfJqWncH",Sun Jun 01 11:40:45 +0000 2025,47477,718,3170,4598243,False,False,True
1929132858150392179,FabrizioRomano,"🚨🔵🔴 Robert Lewandowski: “I will stay at Barça, it’s not even a topic. For sure”.

“I’m sure our team will be stronger and I want to win even more”. https://t.co/fB0JPtt1qj",Sun Jun 01 11:08:09 +0000 2025,57785,475,2305,2329221,False,False,True
1926035863294607836,FabrizioRomano,"🚨💣 Florian Wirtz has informed Bayer Leverkusen of his desire to join Liverpool.

The contract agreement is done, sealed as Wirtz only wants Liverpool move.

Club to club talks already underway as revealed earlier, #LFC are confident to get the deal DONE SOON. Not a long saga. https://t.co/1NM6MIVtnj",Fri May 23 22:01:48 +0000 2025,176662,2914,15022,27998691,False,False,True
1929371608839332061,FabrizioRomano,"🚨 Liverpool remain confident to finalize Florian Wirtz deal as new round of talks has been scheduled this week.

Club optimistic to get the agreement sealed with Bayer Leverkusen soon. https://t.co/TAkyE7Yjvy",Mon Jun 02 02:56:52 +0000 2025,3057,267,289,92488,False,False,True
1929291429286715401,FabrizioRomano,"🚨 Chelsea remain in contact with Jadon Sancho’s camp over contract terms, still no agreement on salary so far.

Final decision will be in few days, outcome expected next week.

If contract terms are not agreed, Sancho will go back to Manchester United with £5m compensation. https://t.co/H8nDCd3WAg",Sun Jun 01 21:38:15 +0000 2025,27741,967,1720,1845797,False,False,True
1929287492819185879,FabrizioRomano,"🚨🔵 Strasbourg are set to sign Brazilian 16 year old fullback Angelo Candido from São Paulo, agreement done.

São Paulo will keep 12% sell-on clause as @mabragatchelo reports, deal in place.

One for the future with potential view on Chelsea move in the following years. 🇧🇷 https://t.co/4ZznwiVvdU",Sun Jun 01 21:22:37 +0000 2025,14070,226,791,1297751,False,False,True
1929281098355269893,FabrizioRomano,"🚨🇦🇹 Joao Sacramento, set to sign as new head coach at Austrian side LASK. Two year contract almost agreed.

Former Mourinho’s assistant at Spurs and Roma, also Galtier's assistant at PSG and Lille, considered to be a talented coach with important future ahead. https://t.co/EmcT8X1vuZ",Sun Jun 01 20:57:12 +0000 2025,11497,163,478,1225733,False,False,True
1929281083314414061,FabrizioRomano,"🎧 Here we go podcast post UCL.

◉ Florian Wirtz negotiations underway.
◉ PSG consider Mastantuono as future top player.
◉ Al Hilal push to get Simone Inzaghi’s green light.
◉ Donnarumma’s contract + Doué deal secrets. 

🎥 More @MenInBlazers: https://t.co/kw0s0JA1AE https://t.co/lwZGNHZO3k",Sun Jun 01 20:57:09 +0000 2025,9223,165,466,1196266,False,False,True
1929264051554505001,FabrizioRomano,"🚨⚪️ Spurs chairman Daniel Levy set to decide Ange Postecoglou’s future in the next days, situation open.

Thomas Frank and Marco Silva are both appreciated, discussed internally as options for Spurs job if Ange gets fired.

No final decision on Postecoglou yet. https://t.co/GNvtBcjiAD",Sun Jun 01 19:49:28 +0000 2025,45092,1117,2346,3156467,False,False,True
1929235096155857299,FabrizioRomano,"🚨🔵 Liam Delap completes first part of his medical at Chelsea and formal steps will follow early next week.

All set to get the deal official. Delap will play for Chelsea. https://t.co/mOtO4bXQp6",Sun Jun 01 17:54:25 +0000 2025,50453,861,3741,2424360,False,False,True
1929217878412108054,FabrizioRomano,"🚨⚪️⚫️ Former Toulouse president Damien Comolli has signed in as new Juventus general director.

Three year contract sealed. https://t.co/9OxVxAQqos",Sun Jun 01 16:46:00 +0000 2025,20413,500,907,2453389,False,False,True
1929202328973762883,FabrizioRomano,"🔵⚪️🦅 Maurizio Sarri and Lazio, deal set to be signed next week on two year contract plus option.

Story revealed yesterday, confirmed. ⤵️",Sun Jun 01 15:44:12 +0000 2025,12037,253,598,3202938,False,False,False
1929202088510132232,FabrizioRomano,"🚨🔴⚪️ Caoimhin Kelleher to Brentford, here we go! Deal done for the goalkeeper to join from Liverpool on £18m package fee add-ons included.

Mark Flekken will leave Brentford and join Bayer Leverkusen for €10m 🔴⚫️🇩🇪 https://t.co/uDfhSEoV8U",Sun Jun 01 15:43:15 +0000 2025,93523,1423,5854,6190332,False,False,True
1929201446731251789,FabrizioRomano,🚨🏅 UEFA Team of the Season for UCL campaign 2024/25 has been released! ✨ https://t.co/hml4zaZkLk,Sun Jun 01 15:40:42 +0000 2025,75167,2026,5103,4207840,False,False,True
1929201297355407775,FabrizioRomano,🚨🏅 Ousmane Dembélé wins Best Player of the Season Award from UEFA for UCL. https://t.co/H4dot33cOv,Sun Jun 01 15:40:06 +0000 2025,117232,1265,7453,3068606,False,False,True
1929201209123930347,FabrizioRomano,🚨🏅 Désiré Doué wins Young Player of the Season Award from UEFA for UCL. https://t.co/uYsmdE2eKa,Sun Jun 01 15:39:45 +0000 2025,87600,856,4370,2775284,False,False,True
1929166245925888507,FabrizioRomano,"🚨❌ Francesco Acerbi has rejected to join Italian national team for the upcoming international games.

“Acerbi informed me by text message this morning, we move on”, says Italy coach Luciano Spalletti. https://t.co/dDuzj3uCzX",Sun Jun 01 13:20:49 +0000 2025,50572,703,1860,4259817,False,False,True
1929161993069416774,FabrizioRomano,"🚨 OFFICIAL: Matheus Cunha joins Man United on five year deal plus one year option from Wolves.

All documents signed after £62.5m release clause has been triggered earlier this week.

First signing of the summer for Man Utd. https://t.co/iesnVyEBaC",Sun Jun 01 13:03:55 +0000 2025,109771,1997,10559,6185214,False,False,True
1929161504764448777,FabrizioRomano,🚨✅🇧🇷 #MUFC,Sun Jun 01 13:01:59 +0000 2025,32365,327,1682,3415177,False,False,False
1929149735798972755,FabrizioRomano,🔴👀⏳ #LFC,Sun Jun 01 12:15:13 +0000 2025,53674,921,3536,6739581,False,False,False
1929141735860380065,FabrizioRomano,"🚨⚠️ Ter Stegen on Joan García and Barça talks: “No one has spoken to me about this… but it doesn't concern me too much. I know that I WILL be in Barcelona next year”.

“For me the situation has not changed in principle. I’m very excited for next season”. https://t.co/8frpV3AKm0",Sun Jun 01 11:43:26 +0000 2025,29458,1145,1290,2831079,False,False,True
1929141060128694669,FabrizioRomano,"🚨🔵 Manchester City and OL are in club to club talks for Rayan Cherki, deal expected to advance fast next week.

Price tag will be in excess of €30m for Cherki; Man City are confident.

2️⃣ #MCFC mantain their plan: Cherki and Reijnders deals to be done in the next days. https://t.co/NQNfJqWncH",Sun Jun 01 11:40:45 +0000 2025,47477,718,3170,4598243,False,False,True
1929132858150392179,FabrizioRomano,"🚨🔵🔴 Robert Lewandowski: “I will stay at Barça, it’s not even a topic. For sure”.

“I’m sure our team will be stronger and I want to win even more”. https://t.co/fB0JPtt1qj",Sun Jun 01 11:08:09 +0000 2025,57785,475,2305,2329221,False,False,True
1926035863294607836,FabrizioRomano,"🚨💣 Florian Wirtz has informed Bayer Leverkusen of his desire to join Liverpool.

The contract agreement is done, sealed as Wirtz only wants Liverpool move.

Club to club talks already underway as revealed earlier, #LFC are confident to get the deal DONE SOON. Not a long saga. https://t.co/1NM6MIVtnj",Fri May 23 22:01:48 +0000 2025,176662,2914,15022,27998691,False,False,True
1929371608839332061,FabrizioRomano,"🚨 Liverpool remain confident to finalize Florian Wirtz deal as new round of talks has been scheduled this week.

Club optimistic to get the agreement sealed with Bayer Leverkusen soon. https://t.co/TAkyE7Yjvy",Mon Jun 02 02:56:52 +0000 2025,3068,268,289,92488,False,False,True
1929291429286715401,FabrizioRomano,"🚨 Chelsea remain in contact with Jadon Sancho’s camp over contract terms, still no agreement on salary so far.

Final decision will be in few days, outcome expected next week.

If contract terms are not agreed, Sancho will go back to Manchester United with £5m compensation. https://t.co/H8nDCd3WAg",Sun Jun 01 21:38:15 +0000 2025,27742,967,1720,1845797,False,False,True
1929287492819185879,FabrizioRomano,"🚨🔵 Strasbourg are set to sign Brazilian 16 year old fullback Angelo Candido from São Paulo, agreement done.

São Paulo will keep 12% sell-on clause as @mabragatchelo reports, deal in place.

One for the future with potential view on Chelsea move in the following years. 🇧🇷 https://t.co/4ZznwiVvdU",Sun Jun 01 21:22:37 +0000 2025,14071,226,791,1297751,False,False,True
1929281098355269893,FabrizioRomano,"🚨🇦🇹 Joao Sacramento, set to sign as new head coach at Austrian side LASK. Two year contract almost agreed.

Former Mourinho’s assistant at Spurs and Roma, also Galtier's assistant at PSG and Lille, considered to be a talented coach with important future ahead. https://t.co/EmcT8X1vuZ",Sun Jun 01 20:57:12 +0000 2025,11498,163,478,1226364,False,False,True
1929281083314414061,FabrizioRomano,"🎧 Here we go podcast post UCL.

◉ Florian Wirtz negotiations underway.
◉ PSG consider Mastantuono as future top player.
◉ Al Hilal push to get Simone Inzaghi’s green light.
◉ Donnarumma’s contract + Doué deal secrets. 

🎥 More @MenInBlazers: https://t.co/kw0s0JA1AE https://t.co/lwZGNHZO3k",Sun Jun 01 20:57:09 +0000 2025,9223,165,466,1196266,False,False,True
1929264051554505001,FabrizioRomano,"🚨⚪️ Spurs chairman Daniel Levy set to decide Ange Postecoglou’s future in the next days, situation open.

Thomas Frank and Marco Silva are both appreciated, discussed internally as options for Spurs job if Ange gets fired.

No final decision on Postecoglou yet. https://t.co/GNvtBcjiAD",Sun Jun 01 19:49:28 +0000 2025,45094,1117,2346,3142348,False,False,True
1929235096155857299,FabrizioRomano,"🚨🔵 Liam Delap completes first part of his medical at Chelsea and formal steps will follow early next week.

All set to get the deal official. Delap will play for Chelsea. https://t.co/mOtO4bXQp6",Sun Jun 01 17:54:25 +0000 2025,50453,861,3741,2424360,False,False,True
1929217878412108054,FabrizioRomano,"🚨⚪️⚫️ Former Toulouse president Damien Comolli has signed in as new Juventus general director.

Three year contract sealed. https://t.co/9OxVxAQqos",Sun Jun 01 16:46:00 +0000 2025,20413,500,907,2453389,False,False,True
1929202328973762883,FabrizioRomano,"🔵⚪️🦅 Maurizio Sarri and Lazio, deal set to be signed next week on two year contract plus option.

Story revealed yesterday, confirmed. ⤵️",Sun Jun 01 15:44:12 +0000 2025,12037,253,598,3202938,False,False,False
1929202088510132232,FabrizioRomano,"🚨🔴⚪️ Caoimhin Kelleher to Brentford, here we go! Deal done for the goalkeeper to join from Liverpool on £18m package fee add-ons included.

Mark Flekken will leave Brentford and join Bayer Leverkusen for €10m 🔴⚫️🇩🇪 https://t.co/uDfhSEoV8U",Sun Jun 01 15:43:15 +0000 2025,93523,1423,5854,6190332,False,False,True
1929201446731251789,FabrizioRomano,🚨🏅 UEFA Team of the Season for UCL campaign 2024/25 has been released! ✨ https://t.co/hml4zaZkLk,Sun Jun 01 15:40:42 +0000 2025,75167,2026,5103,4207840,False,False,True
1929201297355407775,FabrizioRomano,🚨🏅 Ousmane Dembélé wins Best Player of the Season Award from UEFA for UCL. https://t.co/H4dot33cOv,Sun Jun 01 15:40:06 +0000 2025,117233,1265,7453,3069139,False,False,True
1929201209123930347,FabrizioRomano,🚨🏅 Désiré Doué wins Young Player of the Season Award from UEFA for UCL. https://t.co/uYsmdE2eKa,Sun Jun 01 15:39:45 +0000 2025,87602,856,4370,2775284,False,False,True
1929166245925888507,FabrizioRomano,"🚨❌ Francesco Acerbi has rejected to join Italian national team for the upcoming international games.

“Acerbi informed me by text message this morning, we move on”, says Italy coach Luciano Spalletti. https://t.co/dDuzj3uCzX",Sun Jun 01 13:20:49 +0000 2025,50572,703,1860,4239327,False,False,True
1929161993069416774,FabrizioRomano,"🚨 OFFICIAL: Matheus Cunha joins Man United on five year deal plus one year option from Wolves.

All documents signed after £62.5m release clause has been triggered earlier this week.

First signing of the summer for Man Utd. https://t.co/iesnVyEBaC",Sun Jun 01 13:03:55 +0000 2025,109772,1997,10559,6185214,False,False,True
1929161504764448777,FabrizioRomano,🚨✅🇧🇷 #MUFC,Sun Jun 01 13:01:59 +0000 2025,32365,327,1682,3415177,False,False,False
1929149735798972755,FabrizioRomano,🔴👀⏳ #LFC,Sun Jun 01 12:15:13 +0000 2025,53676,921,3536,6739581,False,False,False
1929141735860380065,FabrizioRomano,"🚨⚠️ Ter Stegen on Joan García and Barça talks: “No one has spoken to me about this… but it doesn't concern me too much. I know that I WILL be in Barcelona next year”.

“For me the situation has not changed in principle. I’m very excited for next season”. https://t.co/8frpV3AKm0",Sun Jun 01 11:43:26 +0000 2025,29458,1145,1290,2813229,False,False,True
1929141060128694669,FabrizioRomano,"🚨🔵 Manchester City and OL are in club to club talks for Rayan Cherki, deal expected to advance fast next week.

Price tag will be in excess of €30m for Cherki; Man City are confident.

2️⃣ #MCFC mantain their plan: Cherki and Reijnders deals to be done in the next days. https://t.co/NQNfJqWncH",Sun Jun 01 11:40:45 +0000 2025,47477,718,3170,4598243,False,False,True
1929132858150392179,FabrizioRomano,"🚨🔵🔴 Robert Lewandowski: “I will stay at Barça, it’s not even a topic. For sure”.

“I’m sure our team will be stronger and I want to win even more”. https://t.co/fB0JPtt1qj",Sun Jun 01 11:08:09 +0000 2025,57786,475,2305,2329221,False,False,True
1926035863294607836,FabrizioRomano,"🚨💣 Florian Wirtz has informed Bayer Leverkusen of his desire to join Liverpool.

The contract agreement is done, sealed as Wirtz only wants Liverpool move.

Club to club talks already underway as revealed earlier, #LFC are confident to get the deal DONE SOON. Not a long saga. https://t.co/1NM6MIVtnj",Fri May 23 22:01:48 +0000 2025,176662,2914,15022,27998691,False,False,True
1929371608839332061,FabrizioRomano,"🚨 Liverpool remain confident to finalize Florian Wirtz deal as new round of talks has been scheduled this week.

Club optimistic to get the agreement sealed with Bayer Leverkusen soon. https://t.co/TAkyE7Yjvy",Mon Jun 02 02:56:52 +0000 2025,3081,268,290,92488,False,False,True
1929291429286715401,FabrizioRomano,"🚨 Chelsea remain in contact with Jadon Sancho’s camp over contract terms, still no agreement on salary so far.

Final decision will be in few days, outcome expected next week.

If contract terms are not agreed, Sancho will go back to Manchester United with £5m compensation. https://t.co/H8nDCd3WAg",Sun Jun 01 21:38:15 +0000 2025,27743,967,1720,1845797,False,False,True
1929287492819185879,FabrizioRomano,"🚨🔵 Strasbourg are set to sign Brazilian 16 year old fullback Angelo Candido from São Paulo, agreement done.

São Paulo will keep 12% sell-on clause as @mabragatchelo reports, deal in place.

One for the future with potential view on Chelsea move in the following years. 🇧🇷 https://t.co/4ZznwiVvdU",Sun Jun 01 21:22:37 +0000 2025,14071,226,791,1297751,False,False,True
1929281098355269893,FabrizioRomano,"🚨🇦🇹 Joao Sacramento, set to sign as new head coach at Austrian side LASK. Two year contract almost agreed.

Former Mourinho’s assistant at Spurs and Roma, also Galtier's assistant at PSG and Lille, considered to be a talented coach with important future ahead. https://t.co/EmcT8X1vuZ",Sun Jun 01 20:57:12 +0000 2025,11498,163,478,1226364,False,False,True
1929281083314414061,FabrizioRomano,"🎧 Here we go podcast post UCL.

◉ Florian Wirtz negotiations underway.
◉ PSG consider Mastantuono as future top player.
◉ Al Hilal push to get Simone Inzaghi’s green light.
◉ Donnarumma’s contract + Doué deal secrets. 

🎥 More @MenInBlazers: https://t.co/kw0s0JA1AE https://t.co/lwZGNHZO3k",Sun Jun 01 20:57:09 +0000 2025,9224,165,466,1196266,False,False,True
1929264051554505001,FabrizioRomano,"🚨⚪️ Spurs chairman Daniel Levy set to decide Ange Postecoglou’s future in the next days, situation open.

Thomas Frank and Marco Silva are both appreciated, discussed internally as options for Spurs job if Ange gets fired.

No final decision on Postecoglou yet. https://t.co/GNvtBcjiAD",Sun Jun 01 19:49:28 +0000 2025,45095,1117,2346,3142348,False,False,True
1929235096155857299,FabrizioRomano,"🚨🔵 Liam Delap completes first part of his medical at Chelsea and formal steps will follow early next week.

All set to get the deal official. Delap will play for Chelsea. https://t.co/mOtO4bXQp6",Sun Jun 01 17:54:25 +0000 2025,50454,861,3742,2424360,False,False,True
1929217878412108054,FabrizioRomano,"🚨⚪️⚫️ Former Toulouse president Damien Comolli has signed in as new Juventus general director.

Three year contract sealed. https://t.co/9OxVxAQqos",Sun Jun 01 16:46:00 +0000 2025,20413,500,907,2474082,False,False,True
1929202328973762883,FabrizioRomano,"🔵⚪️🦅 Maurizio Sarri and Lazio, deal set to be signed next week on two year contract plus option.

Story revealed yesterday, confirmed. ⤵️",Sun Jun 01 15:44:12 +0000 2025,12037,253,598,3202938,False,False,False
1929202088510132232,FabrizioRomano,"🚨🔴⚪️ Caoimhin Kelleher to Brentford, here we go! Deal done for the goalkeeper to join from Liverpool on £18m package fee add-ons included.

Mark Flekken will leave Brentford and join Bayer Leverkusen for €10m 🔴⚫️🇩🇪 https://t.co/uDfhSEoV8U",Sun Jun 01 15:43:15 +0000 2025,93524,1423,5854,6190332,False,False,True
1929201446731251789,FabrizioRomano,🚨🏅 UEFA Team of the Season for UCL campaign 2024/25 has been released! ✨ https://t.co/hml4zaZkLk,Sun Jun 01 15:40:42 +0000 2025,75168,2026,5103,4208592,False,False,True
1929201297355407775,FabrizioRomano,🚨🏅 Ousmane Dembélé wins Best Player of the Season Award from UEFA for UCL. https://t.co/H4dot33cOv,Sun Jun 01 15:40:06 +0000 2025,117233,1265,7453,3069139,False,False,True
1929201209123930347,FabrizioRomano,🚨🏅 Désiré Doué wins Young Player of the Season Award from UEFA for UCL. https://t.co/uYsmdE2eKa,Sun Jun 01 15:39:45 +0000 2025,87602,856,4370,2775284,False,False,True
1929166245925888507,FabrizioRomano,"🚨❌ Francesco Acerbi has rejected to join Italian national team for the upcoming international games.

“Acerbi informed me by text message this morning, we move on”, says Italy coach Luciano Spalletti. https://t.co/dDuzj3uCzX",Sun Jun 01 13:20:49 +0000 2025,50573,703,1860,4239327,False,False,True
1929161993069416774,FabrizioRomano,"🚨 OFFICIAL: Matheus Cunha joins Man United on five year deal plus one year option from Wolves.

All documents signed after £62.5m release clause has been triggered earlier this week.

First signing of the summer for Man Utd. https://t.co/iesnVyEBaC",Sun Jun 01 13:03:55 +0000 2025,109772,1997,10559,6185214,False,False,True
1929161504764448777,FabrizioRomano,🚨✅🇧🇷 #MUFC,Sun Jun 01 13:01:59 +0000 2025,32365,327,1682,3415177,False,False,False
1929149735798972755,FabrizioRomano,🔴👀⏳ #LFC,Sun Jun 01 12:15:13 +0000 2025,53676,921,3536,6739581,False,False,False
1929141735860380065,FabrizioRomano,"🚨⚠️ Ter Stegen on Joan García and Barça talks: “No one has spoken to me about this… but it doesn't concern me too much. I know that I WILL be in Barcelona next year”.

“For me the situation has not changed in principle. I’m very excited for next season”. https://t.co/8frpV3AKm0",Sun Jun 01 11:43:26 +0000 2025,29458,1145,1290,2813229,False,False,True
1929141060128694669,FabrizioRomano,"🚨🔵 Manchester City and OL are in club to club talks for Rayan Cherki, deal expected to advance fast next week.

Price tag will be in excess of €30m for Cherki; Man City are confident.

2️⃣ #MCFC mantain their plan: Cherki and Reijnders deals to be done in the next days. https://t.co/NQNfJqWncH",Sun Jun 01 11:40:45 +0000 2025,47478,718,3170,4598243,False,False,True
1929132858150392179,FabrizioRomano,"🚨🔵🔴 Robert Lewandowski: “I will stay at Barça, it’s not even a topic. For sure”.

“I’m sure our team will be stronger and I want to win even more”. https://t.co/fB0JPtt1qj",Sun Jun 01 11:08:09 +0000 2025,57786,475,2305,2329221,False,False,True
1926035863294607836,FabrizioRomano,"🚨💣 Florian Wirtz has informed Bayer Leverkusen of his desire to join Liverpool.

The contract agreement is done, sealed as Wirtz only wants Liverpool move.

Club to club talks already underway as revealed earlier, #LFC are confident to get the deal DONE SOON. Not a long saga. https://t.co/1NM6MIVtnj",Fri May 23 22:01:48 +0000 2025,176662,2914,15022,27998691,False,False,True
1929371608839332061,FabrizioRomano,"🚨 Liverpool remain confident to finalize Florian Wirtz deal as new round of talks has been scheduled this week.

Club optimistic to get the agreement sealed with Bayer Leverkusen soon. https://t.co/TAkyE7Yjvy",Mon Jun 02 02:56:52 +0000 2025,3093,270,291,92488,False,False,True
1929291429286715401,FabrizioRomano,"🚨 Chelsea remain in contact with Jadon Sancho’s camp over contract terms, still no agreement on salary so far.

Final decision will be in few days, outcome expected next week.

If contract terms are not agreed, Sancho will go back to Manchester United with £5m compensation. https://t.co/H8nDCd3WAg",Sun Jun 01 21:38:15 +0000 2025,27746,967,1720,1845797,False,False,True
1929287492819185879,FabrizioRomano,"🚨🔵 Strasbourg are set to sign Brazilian 16 year old fullback Angelo Candido from São Paulo, agreement done.

São Paulo will keep 12% sell-on clause as @mabragatchelo reports, deal in place.

One for the future with potential view on Chelsea move in the following years. 🇧🇷 https://t.co/4ZznwiVvdU",Sun Jun 01 21:22:37 +0000 2025,14072,226,791,1297751,False,False,True
1929281098355269893,FabrizioRomano,"🚨🇦🇹 Joao Sacramento, set to sign as new head coach at Austrian side LASK. Two year contract almost agreed.

Former Mourinho’s assistant at Spurs and Roma, also Galtier's assistant at PSG and Lille, considered to be a talented coach with important future ahead. https://t.co/EmcT8X1vuZ",Sun Jun 01 20:57:12 +0000 2025,11498,163,478,1226364,False,False,True
1929281083314414061,FabrizioRomano,"🎧 Here we go podcast post UCL.

◉ Florian Wirtz negotiations underway.
◉ PSG consider Mastantuono as future top player.
◉ Al Hilal push to get Simone Inzaghi’s green light.
◉ Donnarumma’s contract + Doué deal secrets. 

🎥 More @MenInBlazers: https://t.co/kw0s0JA1AE https://t.co/lwZGNHZO3k",Sun Jun 01 20:57:09 +0000 2025,9225,165,466,1196266,False,False,True
1929264051554505001,FabrizioRomano,"🚨⚪️ Spurs chairman Daniel Levy set to decide Ange Postecoglou’s future in the next days, situation open.

Thomas Frank and Marco Silva are both appreciated, discussed internally as options for Spurs job if Ange gets fired.

No final decision on Postecoglou yet. https://t.co/GNvtBcjiAD",Sun Jun 01 19:49:28 +0000 2025,45098,1117,2346,3142348,False,False,True
1929235096155857299,FabrizioRomano,"🚨🔵 Liam Delap completes first part of his medical at Chelsea and formal steps will follow early next week.

All set to get the deal official. Delap will play for Chelsea. https://t.co/mOtO4bXQp6",Sun Jun 01 17:54:25 +0000 2025,50455,861,3742,2424360,False,False,True
1929217878412108054,FabrizioRomano,"🚨⚪️⚫️ Former Toulouse president Damien Comolli has signed in as new Juventus general director.

Three year contract sealed. https://t.co/9OxVxAQqos",Sun Jun 01 16:46:00 +0000 2025,20413,500,907,2474082,False,False,True
1929202328973762883,FabrizioRomano,"🔵⚪️🦅 Maurizio Sarri and Lazio, deal set to be signed next week on two year contract plus option.

Story revealed yesterday, confirmed. ⤵️",Sun Jun 01 15:44:12 +0000 2025,12037,253,598,3202938,False,False,False
1929202088510132232,FabrizioRomano,"🚨🔴⚪️ Caoimhin Kelleher to Brentford, here we go! Deal done for the goalkeeper to join from Liverpool on £18m package fee add-ons included.

Mark Flekken will leave Brentford and join Bayer Leverkusen for €10m 🔴⚫️🇩🇪 https://t.co/uDfhSEoV8U",Sun Jun 01 15:43:15 +0000 2025,93525,1423,5854,6190332,False,False,True
1929201446731251789,FabrizioRomano,🚨🏅 UEFA Team of the Season for UCL campaign 2024/25 has been released! ✨ https://t.co/hml4zaZkLk,Sun Jun 01 15:40:42 +0000 2025,75168,2026,5103,4208592,False,False,True
1929201297355407775,FabrizioRomano,🚨🏅 Ousmane Dembélé wins Best Player of the Season Award from UEFA for UCL. https://t.co/H4dot33cOv,Sun Jun 01 15:40:06 +0000 2025,117234,1265,7453,3069139,False,False,True
1929201209123930347,FabrizioRomano,🚨🏅 Désiré Doué wins Young Player of the Season Award from UEFA for UCL. https://t.co/uYsmdE2eKa,Sun Jun 01 15:39:45 +0000 2025,87603,856,4370,2775284,False,False,True
1929166245925888507,FabrizioRomano,"🚨❌ Francesco Acerbi has rejected to join Italian national team for the upcoming international games.

“Acerbi informed me by text message this morning, we move on”, says Italy coach Luciano Spalletti. https://t.co/dDuzj3uCzX",Sun Jun 01 13:20:49 +0000 2025,50573,703,1860,4239327,False,False,True
1929161993069416774,FabrizioRomano,"🚨 OFFICIAL: Matheus Cunha joins Man United on five year deal plus one year option from Wolves.

All documents signed after £62.5m release clause has been triggered earlier this week.

First signing of the summer for Man Utd. https://t.co/iesnVyEBaC",Sun Jun 01 13:03:55 +0000 2025,109774,1997,10559,6185214,False,False,True
1929161504764448777,FabrizioRomano,🚨✅🇧🇷 #MUFC,Sun Jun 01 13:01:59 +0000 2025,32365,327,1682,3415177,False,False,False
1929149735798972755,FabrizioRomano,🔴👀⏳ #LFC,Sun Jun 01 12:15:13 +0000 2025,53678,921,3536,6739581,False,False,False
1929141735860380065,FabrizioRomano,"🚨⚠️ Ter Stegen on Joan García and Barça talks: “No one has spoken to me about this… but it doesn't concern me too much. I know that I WILL be in Barcelona next year”.

“For me the situation has not changed in principle. I’m very excited for next season”. https://t.co/8frpV3AKm0",Sun Jun 01 11:43:26 +0000 2025,29459,1145,1290,2813229,False,False,True
1929141060128694669,FabrizioRomano,"🚨🔵 Manchester City and OL are in club to club talks for Rayan Cherki, deal expected to advance fast next week.

Price tag will be in excess of €30m for Cherki; Man City are confident.

2️⃣ #MCFC mantain their plan: Cherki and Reijnders deals to be done in the next days. https://t.co/NQNfJqWncH",Sun Jun 01 11:40:45 +0000 2025,47478,718,3170,4598800,False,False,True
1929132858150392179,FabrizioRomano,"🚨🔵🔴 Robert Lewandowski: “I will stay at Barça, it’s not even a topic. For sure”.

“I’m sure our team will be stronger and I want to win even more”. https://t.co/fB0JPtt1qj",Sun Jun 01 11:08:09 +0000 2025,57787,475,2305,2329221,False,False,True
1926035863294607836,FabrizioRomano,"🚨💣 Florian Wirtz has informed Bayer Leverkusen of his desire to join Liverpool.

The contract agreement is done, sealed as Wirtz only wants Liverpool move.

Club to club talks already underway as revealed earlier, #LFC are confident to get the deal DONE SOON. Not a long saga. https://t.co/1NM6MIVtnj",Fri May 23 22:01:48 +0000 2025,176662,2914,15022,27998691,False,False,True
1929371608839332061,FabrizioRomano,"🚨 Liverpool remain confident to finalize Florian Wirtz deal as new round of talks has been scheduled this week.

Club optimistic to get the agreement sealed with Bayer Leverkusen soon. https://t.co/TAkyE7Yjvy",Mon Jun 02 02:56:52 +0000 2025,3099,270,292,92488,False,False,True
1929291429286715401,FabrizioRomano,"🚨 Chelsea remain in contact with Jadon Sancho’s camp over contract terms, still no agreement on salary so far.

Final decision will be in few days, outcome expected next week.

If contract terms are not agreed, Sancho will go back to Manchester United with £5m compensation. https://t.co/H8nDCd3WAg",Sun Jun 01 21:38:15 +0000 2025,27747,967,1720,1847072,False,False,True
1929287492819185879,FabrizioRomano,"🚨🔵 Strasbourg are set to sign Brazilian 16 year old fullback Angelo Candido from São Paulo, agreement done.

São Paulo will keep 12% sell-on clause as @mabragatchelo reports, deal in place.

One for the future with potential view on Chelsea move in the following years. 🇧🇷 https://t.co/4ZznwiVvdU",Sun Jun 01 21:22:37 +0000 2025,14072,226,791,1297751,False,False,True
1929281098355269893,FabrizioRomano,"🚨🇦🇹 Joao Sacramento, set to sign as new head coach at Austrian side LASK. Two year contract almost agreed.

Former Mourinho’s assistant at Spurs and Roma, also Galtier's assistant at PSG and Lille, considered to be a talented coach with important future ahead. https://t.co/EmcT8X1vuZ",Sun Jun 01 20:57:12 +0000 2025,11498,163,478,1226364,False,False,True
1929281083314414061,FabrizioRomano,"🎧 Here we go podcast post UCL.

◉ Florian Wirtz negotiations underway.
◉ PSG consider Mastantuono as future top player.
◉ Al Hilal push to get Simone Inzaghi’s green light.
◉ Donnarumma’s contract + Doué deal secrets. 

🎥 More @MenInBlazers: https://t.co/kw0s0JA1AE https://t.co/lwZGNHZO3k",Sun Jun 01 20:57:09 +0000 2025,9225,165,466,1196266,False,False,True
1929264051554505001,FabrizioRomano,"🚨⚪️ Spurs chairman Daniel Levy set to decide Ange Postecoglou’s future in the next days, situation open.

Thomas Frank and Marco Silva are both appreciated, discussed internally as options for Spurs job if Ange gets fired.

No final decision on Postecoglou yet. https://t.co/GNvtBcjiAD",Sun Jun 01 19:49:28 +0000 2025,45099,1117,2346,3157633,False,False,True
1929235096155857299,FabrizioRomano,"🚨🔵 Liam Delap completes first part of his medical at Chelsea and formal steps will follow early next week.

All set to get the deal official. Delap will play for Chelsea. https://t.co/mOtO4bXQp6",Sun Jun 01 17:54:25 +0000 2025,50456,861,3742,2424360,False,False,True
1929217878412108054,FabrizioRomano,"🚨⚪️⚫️ Former Toulouse president Damien Comolli has signed in as new Juventus general director.

Three year contract sealed. https://t.co/9OxVxAQqos",Sun Jun 01 16:46:00 +0000 2025,20413,500,907,2474082,False,False,True
1929202328973762883,FabrizioRomano,"🔵⚪️🦅 Maurizio Sarri and Lazio, deal set to be signed next week on two year contract plus option.

Story revealed yesterday, confirmed. ⤵️",Sun Jun 01 15:44:12 +0000 2025,12037,253,598,3202938,False,False,False
1929202088510132232,FabrizioRomano,"🚨🔴⚪️ Caoimhin Kelleher to Brentford, here we go! Deal done for the goalkeeper to join from Liverpool on £18m package fee add-ons included.

Mark Flekken will leave Brentford and join Bayer Leverkusen for €10m 🔴⚫️🇩🇪 https://t.co/uDfhSEoV8U",Sun Jun 01 15:43:15 +0000 2025,93525,1423,5854,6190332,False,False,True
1929201446731251789,FabrizioRomano,🚨🏅 UEFA Team of the Season for UCL campaign 2024/25 has been released! ✨ https://t.co/hml4zaZkLk,Sun Jun 01 15:40:42 +0000 2025,75170,2026,5103,4208592,False,False,True
1929201297355407775,FabrizioRomano,🚨🏅 Ousmane Dembélé wins Best Player of the Season Award from UEFA for UCL. https://t.co/H4dot33cOv,Sun Jun 01 15:40:06 +0000 2025,117235,1265,7453,3069139,False,False,True
1929201209123930347,FabrizioRomano,🚨🏅 Désiré Doué wins Young Player of the Season Award from UEFA for UCL. https://t.co/uYsmdE2eKa,Sun Jun 01 15:39:45 +0000 2025,87603,856,4370,2775284,False,False,True
1929166245925888507,FabrizioRomano,"🚨❌ Francesco Acerbi has rejected to join Italian national team for the upcoming international games.

“Acerbi informed me by text message this morning, we move on”, says Italy coach Luciano Spalletti. https://t.co/dDuzj3uCzX",Sun Jun 01 13:20:49 +0000 2025,50573,703,1860,4239327,False,False,True
1929161993069416774,FabrizioRomano,"🚨 OFFICIAL: Matheus Cunha joins Man United on five year deal plus one year option from Wolves.

All documents signed after £62.5m release clause has been triggered earlier this week.

First signing of the summer for Man Utd. https://t.co/iesnVyEBaC",Sun Jun 01 13:03:55 +0000 2025,109776,1997,10559,6185214,False,False,True
1929161504764448777,FabrizioRomano,🚨✅🇧🇷 #MUFC,Sun Jun 01 13:01:59 +0000 2025,32365,327,1682,3415177,False,False,False
1929149735798972755,FabrizioRomano,🔴👀⏳ #LFC,Sun Jun 01 12:15:13 +0000 2025,53678,921,3536,6739581,False,False,False
1929141735860380065,FabrizioRomano,"🚨⚠️ Ter Stegen on Joan García and Barça talks: “No one has spoken to me about this… but it doesn't concern me too much. I know that I WILL be in Barcelona next year”.

“For me the situation has not changed in principle. I’m very excited for next season”. https://t.co/8frpV3AKm0",Sun Jun 01 11:43:26 +0000 2025,29459,1145,1290,2813229,False,False,True
1929141060128694669,FabrizioRomano,"🚨🔵 Manchester City and OL are in club to club talks for Rayan Cherki, deal expected to advance fast next week.

Price tag will be in excess of €30m for Cherki; Man City are confident.

2️⃣ #MCFC mantain their plan: Cherki and Reijnders deals to be done in the next days. https://t.co/NQNfJqWncH",Sun Jun 01 11:40:45 +0000 2025,47478,718,3170,4598800,False,False,True
1929132858150392179,FabrizioRomano,"🚨🔵🔴 Robert Lewandowski: “I will stay at Barça, it’s not even a topic. For sure”.

“I’m sure our team will be stronger and I want to win even more”. https://t.co/fB0JPtt1qj",Sun Jun 01 11:08:09 +0000 2025,57788,475,2305,2329221,False,False,True
1926035863294607836,FabrizioRomano,"🚨💣 Florian Wirtz has informed Bayer Leverkusen of his desire to join Liverpool.

The contract agreement is done, sealed as Wirtz only wants Liverpool move.

Club to club talks already underway as revealed earlier, #LFC are confident to get the deal DONE SOON. Not a long saga. https://t.co/1NM6MIVtnj",Fri May 23 22:01:48 +0000 2025,176662,2914,15022,27998691,False,False,True
1929371608839332061,FabrizioRomano,"🚨 Liverpool remain confident to finalize Florian Wirtz deal as new round of talks has been scheduled this week.

Club optimistic to get the agreement sealed with Bayer Leverkusen soon. https://t.co/TAkyE7Yjvy",Mon Jun 02 02:56:52 +0000 2025,3114,270,292,98241,False,False,True
1929291429286715401,FabrizioRomano,"🚨 Chelsea remain in contact with Jadon Sancho’s camp over contract terms, still no agreement on salary so far.

Final decision will be in few days, outcome expected next week.

If contract terms are not agreed, Sancho will go back to Manchester United with £5m compensation. https://t.co/H8nDCd3WAg",Sun Jun 01 21:38:15 +0000 2025,27748,967,1720,1847072,False,False,True
1929287492819185879,FabrizioRomano,"🚨🔵 Strasbourg are set to sign Brazilian 16 year old fullback Angelo Candido from São Paulo, agreement done.

São Paulo will keep 12% sell-on clause as @mabragatchelo reports, deal in place.

One for the future with potential view on Chelsea move in the following years. 🇧🇷 https://t.co/4ZznwiVvdU",Sun Jun 01 21:22:37 +0000 2025,14073,226,791,1297751,False,False,True
1929281098355269893,FabrizioRomano,"🚨🇦🇹 Joao Sacramento, set to sign as new head coach at Austrian side LASK. Two year contract almost agreed.

Former Mourinho’s assistant at Spurs and Roma, also Galtier's assistant at PSG and Lille, considered to be a talented coach with important future ahead. https://t.co/EmcT8X1vuZ",Sun Jun 01 20:57:12 +0000 2025,11498,163,478,1226364,False,False,True
1929281083314414061,FabrizioRomano,"🎧 Here we go podcast post UCL.

◉ Florian Wirtz negotiations underway.
◉ PSG consider Mastantuono as future top player.
◉ Al Hilal push to get Simone Inzaghi’s green light.
◉ Donnarumma’s contract + Doué deal secrets. 

🎥 More @MenInBlazers: https://t.co/kw0s0JA1AE https://t.co/lwZGNHZO3k",Sun Jun 01 20:57:09 +0000 2025,9225,165,466,1196266,False,False,True
1929264051554505001,FabrizioRomano,"🚨⚪️ Spurs chairman Daniel Levy set to decide Ange Postecoglou’s future in the next days, situation open.

Thomas Frank and Marco Silva are both appreciated, discussed internally as options for Spurs job if Ange gets fired.

No final decision on Postecoglou yet. https://t.co/GNvtBcjiAD",Sun Jun 01 19:49:28 +0000 2025,45101,1117,2346,3157633,False,False,True
1929235096155857299,FabrizioRomano,"🚨🔵 Liam Delap completes first part of his medical at Chelsea and formal steps will follow early next week.

All set to get the deal official. Delap will play for Chelsea. https://t.co/mOtO4bXQp6",Sun Jun 01 17:54:25 +0000 2025,50457,861,3742,2424360,False,False,True
1929217878412108054,FabrizioRomano,"🚨⚪️⚫️ Former Toulouse president Damien Comolli has signed in as new Juventus general director.

Three year contract sealed. https://t.co/9OxVxAQqos",Sun Jun 01 16:46:00 +0000 2025,20413,500,907,2474082,False,False,True
1929202328973762883,FabrizioRomano,"🔵⚪️🦅 Maurizio Sarri and Lazio, deal set to be signed next week on two year contract plus option.

Story revealed yesterday, confirmed. ⤵️",Sun Jun 01 15:44:12 +0000 2025,12037,253,598,3202938,False,False,False
1929202088510132232,FabrizioRomano,"🚨🔴⚪️ Caoimhin Kelleher to Brentford, here we go! Deal done for the goalkeeper to join from Liverpool on £18m package fee add-ons included.

Mark Flekken will leave Brentford and join Bayer Leverkusen for €10m 🔴⚫️🇩🇪 https://t.co/uDfhSEoV8U",Sun Jun 01 15:43:15 +0000 2025,93524,1423,5854,6190332,False,False,True
1929201446731251789,FabrizioRomano,🚨🏅 UEFA Team of the Season for UCL campaign 2024/25 has been released! ✨ https://t.co/hml4zaZkLk,Sun Jun 01 15:40:42 +0000 2025,75173,2026,5103,4208592,False,False,True
1929201297355407775,FabrizioRomano,🚨🏅 Ousmane Dembélé wins Best Player of the Season Award from UEFA for UCL. https://t.co/H4dot33cOv,Sun Jun 01 15:40:06 +0000 2025,117237,1265,7453,3069139,False,False,True
1929201209123930347,FabrizioRomano,🚨🏅 Désiré Doué wins Young Player of the Season Award from UEFA for UCL. https://t.co/uYsmdE2eKa,Sun Jun 01 15:39:45 +0000 2025,87604,856,4370,2775284,False,False,True
1929166245925888507,FabrizioRomano,"🚨❌ Francesco Acerbi has rejected to join Italian national team for the upcoming international games.

“Acerbi informed me by text message this morning, we move on”, says Italy coach Luciano Spalletti. https://t.co/dDuzj3uCzX",Sun Jun 01 13:20:49 +0000 2025,50573,703,1860,4239327,False,False,True
1929161993069416774,FabrizioRomano,"🚨 OFFICIAL: Matheus Cunha joins Man United on five year deal plus one year option from Wolves.

All documents signed after £62.5m release clause has been triggered earlier this week.

First signing of the summer for Man Utd. https://t.co/iesnVyEBaC",Sun Jun 01 13:03:55 +0000 2025,109776,1997,10559,6241068,False,False,True
1929161504764448777,FabrizioRomano,🚨✅🇧🇷 #MUFC,Sun Jun 01 13:01:59 +0000 2025,32365,327,1682,3415177,False,False,False
1929149735798972755,FabrizioRomano,🔴👀⏳ #LFC,Sun Jun 01 12:15:13 +0000 2025,53678,921,3536,6772940,False,False,False
1929141735860380065,FabrizioRomano,"🚨⚠️ Ter Stegen on Joan García and Barça talks: “No one has spoken to me about this… but it doesn't concern me too much. I know that I WILL be in Barcelona next year”.

“For me the situation has not changed in principle. I’m very excited for next season”. https://t.co/8frpV3AKm0",Sun Jun 01 11:43:26 +0000 2025,29459,1145,1290,2813229,False,False,True
1929141060128694669,FabrizioRomano,"🚨🔵 Manchester City and OL are in club to club talks for Rayan Cherki, deal expected to advance fast next week.

Price tag will be in excess of €30m for Cherki; Man City are confident.

2️⃣ #MCFC mantain their plan: Cherki and Reijnders deals to be done in the next days. https://t.co/NQNfJqWncH",Sun Jun 01 11:40:45 +0000 2025,47478,718,3170,4598800,False,False,True
1929132858150392179,FabrizioRomano,"🚨🔵🔴 Robert Lewandowski: “I will stay at Barça, it’s not even a topic. For sure”.

“I’m sure our team will be stronger and I want to win even more”. https://t.co/fB0JPtt1qj",Sun Jun 01 11:08:09 +0000 2025,57788,475,2305,2329221,False,False,True
1926035863294607836,FabrizioRomano,"🚨💣 Florian Wirtz has informed Bayer Leverkusen of his desire to join Liverpool.

The contract agreement is done, sealed as Wirtz only wants Liverpool move.

Club to club talks already underway as revealed earlier, #LFC are confident to get the deal DONE SOON. Not a long saga. https://t.co/1NM6MIVtnj",Fri May 23 22:01:48 +0000 2025,176662,2914,15022,27999097,False,False,True
1929371608839332061,FabrizioRomano,"🚨 Liverpool remain confident to finalize Florian Wirtz deal as new round of talks has been scheduled this week.

Club optimistic to get the agreement sealed with Bayer Leverkusen soon. https://t.co/TAkyE7Yjvy",Mon Jun 02 02:56:52 +0000 2025,3126,270,292,98241,False,False,True
1929291429286715401,FabrizioRomano,"🚨 Chelsea remain in contact with Jadon Sancho’s camp over contract terms, still no agreement on salary so far.

Final decision will be in few days, outcome expected next week.

If contract terms are not agreed, Sancho will go back to Manchester United with £5m compensation. https://t.co/H8nDCd3WAg",Sun Jun 01 21:38:15 +0000 2025,27749,967,1720,1847072,False,False,True
1929287492819185879,FabrizioRomano,"🚨🔵 Strasbourg are set to sign Brazilian 16 year old fullback Angelo Candido from São Paulo, agreement done.

São Paulo will keep 12% sell-on clause as @mabragatchelo reports, deal in place.

One for the future with potential view on Chelsea move in the following years. 🇧🇷 https://t.co/4ZznwiVvdU",Sun Jun 01 21:22:37 +0000 2025,14073,226,791,1298577,False,False,True
1929281098355269893,FabrizioRomano,"🚨🇦🇹 Joao Sacramento, set to sign as new head coach at Austrian side LASK. Two year contract almost agreed.

Former Mourinho’s assistant at Spurs and Roma, also Galtier's assistant at PSG and Lille, considered to be a talented coach with important future ahead. https://t.co/EmcT8X1vuZ",Sun Jun 01 20:57:12 +0000 2025,11498,163,478,1226364,False,False,True
1929281083314414061,FabrizioRomano,"🎧 Here we go podcast post UCL.

◉ Florian Wirtz negotiations underway.
◉ PSG consider Mastantuono as future top player.
◉ Al Hilal push to get Simone Inzaghi’s green light.
◉ Donnarumma’s contract + Doué deal secrets. 

🎥 More @MenInBlazers: https://t.co/kw0s0JA1AE https://t.co/lwZGNHZO3k",Sun Jun 01 20:57:09 +0000 2025,9226,165,466,1196843,False,False,True
1929264051554505001,FabrizioRomano,"🚨⚪️ Spurs chairman Daniel Levy set to decide Ange Postecoglou’s future in the next days, situation open.

Thomas Frank and Marco Silva are both appreciated, discussed internally as options for Spurs job if Ange gets fired.

No final decision on Postecoglou yet. https://t.co/GNvtBcjiAD",Sun Jun 01 19:49:28 +0000 2025,45103,1117,2346,3157633,False,False,True
1929235096155857299,FabrizioRomano,"🚨🔵 Liam Delap completes first part of his medical at Chelsea and formal steps will follow early next week.

All set to get the deal official. Delap will play for Chelsea. https://t.co/mOtO4bXQp6",Sun Jun 01 17:54:25 +0000 2025,50457,861,3742,2424360,False,False,True
1929217878412108054,FabrizioRomano,"🚨⚪️⚫️ Former Toulouse president Damien Comolli has signed in as new Juventus general director.

Three year contract sealed. https://t.co/9OxVxAQqos",Sun Jun 01 16:46:00 +0000 2025,20413,500,907,2453758,False,False,True
1929202328973762883,FabrizioRomano,"🔵⚪️🦅 Maurizio Sarri and Lazio, deal set to be signed next week on two year contract plus option.

Story revealed yesterday, confirmed. ⤵️",Sun Jun 01 15:44:12 +0000 2025,12037,253,598,3202938,False,False,False
1929202088510132232,FabrizioRomano,"🚨🔴⚪️ Caoimhin Kelleher to Brentford, here we go! Deal done for the goalkeeper to join from Liverpool on £18m package fee add-ons included.

Mark Flekken will leave Brentford and join Bayer Leverkusen for €10m 🔴⚫️🇩🇪 https://t.co/uDfhSEoV8U",Sun Jun 01 15:43:15 +0000 2025,93524,1423,5854,6190332,False,False,True
1929201446731251789,FabrizioRomano,🚨🏅 UEFA Team of the Season for UCL campaign 2024/25 has been released! ✨ https://t.co/hml4zaZkLk,Sun Jun 01 15:40:42 +0000 2025,75175,2026,5105,4208592,False,False,True
1929201297355407775,FabrizioRomano,🚨🏅 Ousmane Dembélé wins Best Player of the Season Award from UEFA for UCL. https://t.co/H4dot33cOv,Sun Jun 01 15:40:06 +0000 2025,117239,1265,7453,3069139,False,False,True
1929201209123930347,FabrizioRomano,🚨🏅 Désiré Doué wins Young Player of the Season Award from UEFA for UCL. https://t.co/uYsmdE2eKa,Sun Jun 01 15:39:45 +0000 2025,87605,856,4370,2775284,False,False,True
1929166245925888507,FabrizioRomano,"🚨❌ Francesco Acerbi has rejected to join Italian national team for the upcoming international games.

“Acerbi informed me by text message this morning, we move on”, says Italy coach Luciano Spalletti. https://t.co/dDuzj3uCzX",Sun Jun 01 13:20:49 +0000 2025,50574,703,1860,4260243,False,False,True
1929161993069416774,FabrizioRomano,"🚨 OFFICIAL: Matheus Cunha joins Man United on five year deal plus one year option from Wolves.

All documents signed after £62.5m release clause has been triggered earlier this week.

First signing of the summer for Man Utd. https://t.co/iesnVyEBaC",Sun Jun 01 13:03:55 +0000 2025,109777,1997,10559,6241068,False,False,True
1929161504764448777,FabrizioRomano,🚨✅🇧🇷 #MUFC,Sun Jun 01 13:01:59 +0000 2025,32365,327,1682,3415431,False,False,False
1929149735798972755,FabrizioRomano,🔴👀⏳ #LFC,Sun Jun 01 12:15:13 +0000 2025,53679,921,3536,6772940,False,False,False
1929141735860380065,FabrizioRomano,"🚨⚠️ Ter Stegen on Joan García and Barça talks: “No one has spoken to me about this… but it doesn't concern me too much. I know that I WILL be in Barcelona next year”.

“For me the situation has not changed in principle. I’m very excited for next season”. https://t.co/8frpV3AKm0",Sun Jun 01 11:43:26 +0000 2025,29459,1145,1290,2813229,False,False,True
1929141060128694669,FabrizioRomano,"🚨🔵 Manchester City and OL are in club to club talks for Rayan Cherki, deal expected to advance fast next week.

Price tag will be in excess of €30m for Cherki; Man City are confident.

2️⃣ #MCFC mantain their plan: Cherki and Reijnders deals to be done in the next days. https://t.co/NQNfJqWncH",Sun Jun 01 11:40:45 +0000 2025,47479,718,3170,4598800,False,False,True
1929132858150392179,FabrizioRomano,"🚨🔵🔴 Robert Lewandowski: “I will stay at Barça, it’s not even a topic. For sure”.

“I’m sure our team will be stronger and I want to win even more”. https://t.co/fB0JPtt1qj",Sun Jun 01 11:08:09 +0000 2025,57789,475,2305,2329221,False,False,True
1926035863294607836,FabrizioRomano,"🚨💣 Florian Wirtz has informed Bayer Leverkusen of his desire to join Liverpool.

The contract agreement is done, sealed as Wirtz only wants Liverpool move.

Club to club talks already underway as revealed earlier, #LFC are confident to get the deal DONE SOON. Not a long saga. https://t.co/1NM6MIVtnj",Fri May 23 22:01:48 +0000 2025,176662,2914,15022,27999097,False,False,True
1929371608839332061,FabrizioRomano,"🚨 Liverpool remain confident to finalize Florian Wirtz deal as new round of talks has been scheduled this week.

Club optimistic to get the agreement sealed with Bayer Leverkusen soon. https://t.co/TAkyE7Yjvy",Mon Jun 02 02:56:52 +0000 2025,3139,271,293,98241,False,False,True
1929291429286715401,FabrizioRomano,"🚨 Chelsea remain in contact with Jadon Sancho’s camp over contract terms, still no agreement on salary so far.

Final decision will be in few days, outcome expected next week.

If contract terms are not agreed, Sancho will go back to Manchester United with £5m compensation. https://t.co/H8nDCd3WAg",Sun Jun 01 21:38:15 +0000 2025,27750,967,1720,1847072,False,False,True
1929287492819185879,FabrizioRomano,"🚨🔵 Strasbourg are set to sign Brazilian 16 year old fullback Angelo Candido from São Paulo, agreement done.

São Paulo will keep 12% sell-on clause as @mabragatchelo reports, deal in place.

One for the future with potential view on Chelsea move in the following years. 🇧🇷 https://t.co/4ZznwiVvdU",Sun Jun 01 21:22:37 +0000 2025,14074,226,791,1298577,False,False,True
1929281098355269893,FabrizioRomano,"🚨🇦🇹 Joao Sacramento, set to sign as new head coach at Austrian side LASK. Two year contract almost agreed.

Former Mourinho’s assistant at Spurs and Roma, also Galtier's assistant at PSG and Lille, considered to be a talented coach with important future ahead. https://t.co/EmcT8X1vuZ",Sun Jun 01 20:57:12 +0000 2025,11499,163,478,1226364,False,False,True
1929281083314414061,FabrizioRomano,"🎧 Here we go podcast post UCL.

◉ Florian Wirtz negotiations underway.
◉ PSG consider Mastantuono as future top player.
◉ Al Hilal push to get Simone Inzaghi’s green light.
◉ Donnarumma’s contract + Doué deal secrets. 

🎥 More @MenInBlazers: https://t.co/kw0s0JA1AE https://t.co/lwZGNHZO3k",Sun Jun 01 20:57:09 +0000 2025,9226,165,466,1196843,False,False,True
1929264051554505001,FabrizioRomano,"🚨⚪️ Spurs chairman Daniel Levy set to decide Ange Postecoglou’s future in the next days, situation open.

Thomas Frank and Marco Silva are both appreciated, discussed internally as options for Spurs job if Ange gets fired.

No final decision on Postecoglou yet. https://t.co/GNvtBcjiAD",Sun Jun 01 19:49:28 +0000 2025,45107,1118,2346,3157633,False,False,True
1929235096155857299,FabrizioRomano,"🚨🔵 Liam Delap completes first part of his medical at Chelsea and formal steps will follow early next week.

All set to get the deal official. Delap will play for Chelsea. https://t.co/mOtO4bXQp6",Sun Jun 01 17:54:25 +0000 2025,50459,861,3742,2424982,False,False,True
1929217878412108054,FabrizioRomano,"🚨⚪️⚫️ Former Toulouse president Damien Comolli has signed in as new Juventus general director.

Three year contract sealed. https://t.co/9OxVxAQqos",Sun Jun 01 16:46:00 +0000 2025,20414,500,907,2453758,False,False,True
1929202328973762883,FabrizioRomano,"🔵⚪️🦅 Maurizio Sarri and Lazio, deal set to be signed next week on two year contract plus option.

Story revealed yesterday, confirmed. ⤵️",Sun Jun 01 15:44:12 +0000 2025,12037,253,598,3202938,False,False,False
1929202088510132232,FabrizioRomano,"🚨🔴⚪️ Caoimhin Kelleher to Brentford, here we go! Deal done for the goalkeeper to join from Liverpool on £18m package fee add-ons included.

Mark Flekken will leave Brentford and join Bayer Leverkusen for €10m 🔴⚫️🇩🇪 https://t.co/uDfhSEoV8U",Sun Jun 01 15:43:15 +0000 2025,93524,1423,5854,6191056,False,False,True
1929201446731251789,FabrizioRomano,🚨🏅 UEFA Team of the Season for UCL campaign 2024/25 has been released! ✨ https://t.co/hml4zaZkLk,Sun Jun 01 15:40:42 +0000 2025,75175,2026,5105,4208592,False,False,True
1929201297355407775,FabrizioRomano,🚨🏅 Ousmane Dembélé wins Best Player of the Season Award from UEFA for UCL. https://t.co/H4dot33cOv,Sun Jun 01 15:40:06 +0000 2025,117240,1265,7453,3069139,False,False,True
1929201209123930347,FabrizioRomano,🚨🏅 Désiré Doué wins Young Player of the Season Award from UEFA for UCL. https://t.co/uYsmdE2eKa,Sun Jun 01 15:39:45 +0000 2025,87607,856,4370,2775284,False,False,True
1929166245925888507,FabrizioRomano,"🚨❌ Francesco Acerbi has rejected to join Italian national team for the upcoming international games.

“Acerbi informed me by text message this morning, we move on”, says Italy coach Luciano Spalletti. https://t.co/dDuzj3uCzX",Sun Jun 01 13:20:49 +0000 2025,50574,703,1860,4260243,False,False,True
1929161993069416774,FabrizioRomano,"🚨 OFFICIAL: Matheus Cunha joins Man United on five year deal plus one year option from Wolves.

All documents signed after £62.5m release clause has been triggered earlier this week.

First signing of the summer for Man Utd. https://t.co/iesnVyEBaC",Sun Jun 01 13:03:55 +0000 2025,109777,1997,10559,6241068,False,False,True
1929161504764448777,FabrizioRomano,🚨✅🇧🇷 #MUFC,Sun Jun 01 13:01:59 +0000 2025,32365,327,1682,3415431,False,False,False
1929149735798972755,FabrizioRomano,🔴👀⏳ #LFC,Sun Jun 01 12:15:13 +0000 2025,53680,921,3536,6772940,False,False,False
1929141735860380065,FabrizioRomano,"🚨⚠️ Ter Stegen on Joan García and Barça talks: “No one has spoken to me about this… but it doesn't concern me too much. I know that I WILL be in Barcelona next year”.

“For me the situation has not changed in principle. I’m very excited for next season”. https://t.co/8frpV3AKm0",Sun Jun 01 11:43:26 +0000 2025,29459,1145,1290,2813229,False,False,True
1929141060128694669,FabrizioRomano,"🚨🔵 Manchester City and OL are in club to club talks for Rayan Cherki, deal expected to advance fast next week.

Price tag will be in excess of €30m for Cherki; Man City are confident.

2️⃣ #MCFC mantain their plan: Cherki and Reijnders deals to be done in the next days. https://t.co/NQNfJqWncH",Sun Jun 01 11:40:45 +0000 2025,47478,718,3170,4598800,False,False,True
1929132858150392179,FabrizioRomano,"🚨🔵🔴 Robert Lewandowski: “I will stay at Barça, it’s not even a topic. For sure”.

“I’m sure our team will be stronger and I want to win even more”. https://t.co/fB0JPtt1qj",Sun Jun 01 11:08:09 +0000 2025,57790,475,2305,2329221,False,False,True
1926035863294607836,FabrizioRomano,"🚨💣 Florian Wirtz has informed Bayer Leverkusen of his desire to join Liverpool.

The contract agreement is done, sealed as Wirtz only wants Liverpool move.

Club to club talks already underway as revealed earlier, #LFC are confident to get the deal DONE SOON. Not a long saga. https://t.co/1NM6MIVtnj",Fri May 23 22:01:48 +0000 2025,176662,2914,15022,27999097,False,False,True
1929371608839332061,FabrizioRomano,"🚨 Liverpool remain confident to finalize Florian Wirtz deal as new round of talks has been scheduled this week.

Club optimistic to get the agreement sealed with Bayer Leverkusen soon. https://t.co/TAkyE7Yjvy",Mon Jun 02 02:56:52 +0000 2025,3147,271,294,98241,False,False,True
1929291429286715401,FabrizioRomano,"🚨 Chelsea remain in contact with Jadon Sancho’s camp over contract terms, still no agreement on salary so far.

Final decision will be in few days, outcome expected next week.

If contract terms are not agreed, Sancho will go back to Manchester United with £5m compensation. https://t.co/H8nDCd3WAg",Sun Jun 01 21:38:15 +0000 2025,27752,967,1720,1847072,False,False,True
1929287492819185879,FabrizioRomano,"🚨🔵 Strasbourg are set to sign Brazilian 16 year old fullback Angelo Candido from São Paulo, agreement done.

São Paulo will keep 12% sell-on clause as @mabragatchelo reports, deal in place.

One for the future with potential view on Chelsea move in the following years. 🇧🇷 https://t.co/4ZznwiVvdU",Sun Jun 01 21:22:37 +0000 2025,14074,226,791,1298577,False,False,True
1929281098355269893,FabrizioRomano,"🚨🇦🇹 Joao Sacramento, set to sign as new head coach at Austrian side LASK. Two year contract almost agreed.

Former Mourinho’s assistant at Spurs and Roma, also Galtier's assistant at PSG and Lille, considered to be a talented coach with important future ahead. https://t.co/EmcT8X1vuZ",Sun Jun 01 20:57:12 +0000 2025,11499,163,478,1226364,False,False,True
1929281083314414061,FabrizioRomano,"🎧 Here we go podcast post UCL.

◉ Florian Wirtz negotiations underway.
◉ PSG consider Mastantuono as future top player.
◉ Al Hilal push to get Simone Inzaghi’s green light.
◉ Donnarumma’s contract + Doué deal secrets. 

🎥 More @MenInBlazers: https://t.co/kw0s0JA1AE https://t.co/lwZGNHZO3k",Sun Jun 01 20:57:09 +0000 2025,9226,165,466,1196843,False,False,True
1929264051554505001,FabrizioRomano,"🚨⚪️ Spurs chairman Daniel Levy set to decide Ange Postecoglou’s future in the next days, situation open.

Thomas Frank and Marco Silva are both appreciated, discussed internally as options for Spurs job if Ange gets fired.

No final decision on Postecoglou yet. https://t.co/GNvtBcjiAD",Sun Jun 01 19:49:28 +0000 2025,45108,1118,2346,3157633,False,False,True
1929235096155857299,FabrizioRomano,"🚨🔵 Liam Delap completes first part of his medical at Chelsea and formal steps will follow early next week.

All set to get the deal official. Delap will play for Chelsea. https://t.co/mOtO4bXQp6",Sun Jun 01 17:54:25 +0000 2025,50458,861,3742,2424982,False,False,True
1929217878412108054,FabrizioRomano,"🚨⚪️⚫️ Former Toulouse president Damien Comolli has signed in as new Juventus general director.

Three year contract sealed. https://t.co/9OxVxAQqos",Sun Jun 01 16:46:00 +0000 2025,20414,500,907,2453758,False,False,True
1929202328973762883,FabrizioRomano,"🔵⚪️🦅 Maurizio Sarri and Lazio, deal set to be signed next week on two year contract plus option.

Story revealed yesterday, confirmed. ⤵️",Sun Jun 01 15:44:12 +0000 2025,12037,253,598,3202938,False,False,False
1929202088510132232,FabrizioRomano,"🚨🔴⚪️ Caoimhin Kelleher to Brentford, here we go! Deal done for the goalkeeper to join from Liverpool on £18m package fee add-ons included.

Mark Flekken will leave Brentford and join Bayer Leverkusen for €10m 🔴⚫️🇩🇪 https://t.co/uDfhSEoV8U",Sun Jun 01 15:43:15 +0000 2025,93525,1423,5854,6191056,False,False,True
1929201446731251789,FabrizioRomano,🚨🏅 UEFA Team of the Season for UCL campaign 2024/25 has been released! ✨ https://t.co/hml4zaZkLk,Sun Jun 01 15:40:42 +0000 2025,75176,2026,5105,4208592,False,False,True
1929201297355407775,FabrizioRomano,🚨🏅 Ousmane Dembélé wins Best Player of the Season Award from UEFA for UCL. https://t.co/H4dot33cOv,Sun Jun 01 15:40:06 +0000 2025,117240,1265,7454,3069139,False,False,True
1929201209123930347,FabrizioRomano,🚨🏅 Désiré Doué wins Young Player of the Season Award from UEFA for UCL. https://t.co/uYsmdE2eKa,Sun Jun 01 15:39:45 +0000 2025,87608,856,4370,2775660,False,False,True
1929166245925888507,FabrizioRomano,"🚨❌ Francesco Acerbi has rejected to join Italian national team for the upcoming international games.

“Acerbi informed me by text message this morning, we move on”, says Italy coach Luciano Spalletti. https://t.co/dDuzj3uCzX",Sun Jun 01 13:20:49 +0000 2025,50574,703,1860,4260243,False,False,True
1929161993069416774,FabrizioRomano,"🚨 OFFICIAL: Matheus Cunha joins Man United on five year deal plus one year option from Wolves.

All documents signed after £62.5m release clause has been triggered earlier this week.

First signing of the summer for Man Utd. https://t.co/iesnVyEBaC",Sun Jun 01 13:03:55 +0000 2025,109777,1997,10559,6185882,False,False,True
1929161504764448777,FabrizioRomano,🚨✅🇧🇷 #MUFC,Sun Jun 01 13:01:59 +0000 2025,32365,327,1682,3415431,False,False,False
1929149735798972755,FabrizioRomano,🔴👀⏳ #LFC,Sun Jun 01 12:15:13 +0000 2025,53681,921,3536,6772940,False,False,False
1929141735860380065,FabrizioRomano,"🚨⚠️ Ter Stegen on Joan García and Barça talks: “No one has spoken to me about this… but it doesn't concern me too much. I know that I WILL be in Barcelona next year”.

“For me the situation has not changed in principle. I’m very excited for next season”. https://t.co/8frpV3AKm0",Sun Jun 01 11:43:26 +0000 2025,29459,1145,1290,2813229,False,False,True
1929141060128694669,FabrizioRomano,"🚨🔵 Manchester City and OL are in club to club talks for Rayan Cherki, deal expected to advance fast next week.

Price tag will be in excess of €30m for Cherki; Man City are confident.

2️⃣ #MCFC mantain their plan: Cherki and Reijnders deals to be done in the next days. https://t.co/NQNfJqWncH",Sun Jun 01 11:40:45 +0000 2025,47479,718,3170,4598800,False,False,True
1929132858150392179,FabrizioRomano,"🚨🔵🔴 Robert Lewandowski: “I will stay at Barça, it’s not even a topic. For sure”.

“I’m sure our team will be stronger and I want to win even more”. https://t.co/fB0JPtt1qj",Sun Jun 01 11:08:09 +0000 2025,57792,475,2305,2329221,False,False,True
1926035863294607836,FabrizioRomano,"🚨💣 Florian Wirtz has informed Bayer Leverkusen of his desire to join Liverpool.

The contract agreement is done, sealed as Wirtz only wants Liverpool move.

Club to club talks already underway as revealed earlier, #LFC are confident to get the deal DONE SOON. Not a long saga. https://t.co/1NM6MIVtnj",Fri May 23 22:01:48 +0000 2025,176662,2914,15022,27999097,False,False,True
1929371608839332061,FabrizioRomano,"🚨 Liverpool remain confident to finalize Florian Wirtz deal as new round of talks has been scheduled this week.

Club optimistic to get the agreement sealed with Bayer Leverkusen soon. https://t.co/TAkyE7Yjvy",Mon Jun 02 02:56:52 +0000 2025,3165,272,294,98241,False,False,True
1929291429286715401,FabrizioRomano,"🚨 Chelsea remain in contact with Jadon Sancho’s camp over contract terms, still no agreement on salary so far.

Final decision will be in few days, outcome expected next week.

If contract terms are not agreed, Sancho will go back to Manchester United with £5m compensation. https://t.co/H8nDCd3WAg",Sun Jun 01 21:38:15 +0000 2025,27751,967,1720,1847072,False,False,True
1929287492819185879,FabrizioRomano,"🚨🔵 Strasbourg are set to sign Brazilian 16 year old fullback Angelo Candido from São Paulo, agreement done.

São Paulo will keep 12% sell-on clause as @mabragatchelo reports, deal in place.

One for the future with potential view on Chelsea move in the following years. 🇧🇷 https://t.co/4ZznwiVvdU",Sun Jun 01 21:22:37 +0000 2025,14076,226,791,1298577,False,False,True
1929281098355269893,FabrizioRomano,"🚨🇦🇹 Joao Sacramento, set to sign as new head coach at Austrian side LASK. Two year contract almost agreed.

Former Mourinho’s assistant at Spurs and Roma, also Galtier's assistant at PSG and Lille, considered to be a talented coach with important future ahead. https://t.co/EmcT8X1vuZ",Sun Jun 01 20:57:12 +0000 2025,11499,163,478,1226364,False,False,True
1929281083314414061,FabrizioRomano,"🎧 Here we go podcast post UCL.

◉ Florian Wirtz negotiations underway.
◉ PSG consider Mastantuono as future top player.
◉ Al Hilal push to get Simone Inzaghi’s green light.
◉ Donnarumma’s contract + Doué deal secrets. 

🎥 More @MenInBlazers: https://t.co/kw0s0JA1AE https://t.co/lwZGNHZO3k",Sun Jun 01 20:57:09 +0000 2025,9226,165,466,1196843,False,False,True
1929264051554505001,FabrizioRomano,"🚨⚪️ Spurs chairman Daniel Levy set to decide Ange Postecoglou’s future in the next days, situation open.

Thomas Frank and Marco Silva are both appreciated, discussed internally as options for Spurs job if Ange gets fired.

No final decision on Postecoglou yet. https://t.co/GNvtBcjiAD",Sun Jun 01 19:49:28 +0000 2025,45110,1118,2346,3157633,False,False,True
1929235096155857299,FabrizioRomano,"🚨🔵 Liam Delap completes first part of his medical at Chelsea and formal steps will follow early next week.

All set to get the deal official. Delap will play for Chelsea. https://t.co/mOtO4bXQp6",Sun Jun 01 17:54:25 +0000 2025,50458,861,3742,2424982,False,False,True
1929217878412108054,FabrizioRomano,"🚨⚪️⚫️ Former Toulouse president Damien Comolli has signed in as new Juventus general director.

Three year contract sealed. https://t.co/9OxVxAQqos",Sun Jun 01 16:46:00 +0000 2025,20414,500,907,2453758,False,False,True
1929202328973762883,FabrizioRomano,"🔵⚪️🦅 Maurizio Sarri and Lazio, deal set to be signed next week on two year contract plus option.

Story revealed yesterday, confirmed. ⤵️",Sun Jun 01 15:44:12 +0000 2025,12037,253,598,3203371,False,False,False
1929202088510132232,FabrizioRomano,"🚨🔴⚪️ Caoimhin Kelleher to Brentford, here we go! Deal done for the goalkeeper to join from Liverpool on £18m package fee add-ons included.

Mark Flekken will leave Brentford and join Bayer Leverkusen for €10m 🔴⚫️🇩🇪 https://t.co/uDfhSEoV8U",Sun Jun 01 15:43:15 +0000 2025,93525,1423,5854,6191056,False,False,True
1929201446731251789,FabrizioRomano,🚨🏅 UEFA Team of the Season for UCL campaign 2024/25 has been released! ✨ https://t.co/hml4zaZkLk,Sun Jun 01 15:40:42 +0000 2025,75178,2026,5106,4208592,False,False,True
1929201297355407775,FabrizioRomano,🚨🏅 Ousmane Dembélé wins Best Player of the Season Award from UEFA for UCL. https://t.co/H4dot33cOv,Sun Jun 01 15:40:06 +0000 2025,117240,1265,7454,3069139,False,False,True
1929201209123930347,FabrizioRomano,🚨🏅 Désiré Doué wins Young Player of the Season Award from UEFA for UCL. https://t.co/uYsmdE2eKa,Sun Jun 01 15:39:45 +0000 2025,87608,856,4370,2775660,False,False,True
1929166245925888507,FabrizioRomano,"🚨❌ Francesco Acerbi has rejected to join Italian national team for the upcoming international games.

“Acerbi informed me by text message this morning, we move on”, says Italy coach Luciano Spalletti. https://t.co/dDuzj3uCzX",Sun Jun 01 13:20:49 +0000 2025,50574,703,1860,4260243,False,False,True
1929161993069416774,FabrizioRomano,"🚨 OFFICIAL: Matheus Cunha joins Man United on five year deal plus one year option from Wolves.

All documents signed after £62.5m release clause has been triggered earlier this week.

First signing of the summer for Man Utd. https://t.co/iesnVyEBaC",Sun Jun 01 13:03:55 +0000 2025,109778,1997,10559,6185882,False,False,True
1929161504764448777,FabrizioRomano,🚨✅🇧🇷 #MUFC,Sun Jun 01 13:01:59 +0000 2025,32365,327,1682,3415431,False,False,False
1929149735798972755,FabrizioRomano,🔴👀⏳ #LFC,Sun Jun 01 12:15:13 +0000 2025,53682,921,3536,6772940,False,False,False
1929141735860380065,FabrizioRomano,"🚨⚠️ Ter Stegen on Joan García and Barça talks: “No one has spoken to me about this… but it doesn't concern me too much. I know that I WILL be in Barcelona next year”.

“For me the situation has not changed in principle. I’m very excited for next season”. https://t.co/8frpV3AKm0",Sun Jun 01 11:43:26 +0000 2025,29459,1145,1290,2831297,False,False,True
1929141060128694669,FabrizioRomano,"🚨🔵 Manchester City and OL are in club to club talks for Rayan Cherki, deal expected to advance fast next week.

Price tag will be in excess of €30m for Cherki; Man City are confident.

2️⃣ #MCFC mantain their plan: Cherki and Reijnders deals to be done in the next days. https://t.co/NQNfJqWncH",Sun Jun 01 11:40:45 +0000 2025,47479,718,3170,4598800,False,False,True
1929132858150392179,FabrizioRomano,"🚨🔵🔴 Robert Lewandowski: “I will stay at Barça, it’s not even a topic. For sure”.

“I’m sure our team will be stronger and I want to win even more”. https://t.co/fB0JPtt1qj",Sun Jun 01 11:08:09 +0000 2025,57793,475,2305,2329221,False,False,True
1926035863294607836,FabrizioRomano,"🚨💣 Florian Wirtz has informed Bayer Leverkusen of his desire to join Liverpool.

The contract agreement is done, sealed as Wirtz only wants Liverpool move.

Club to club talks already underway as revealed earlier, #LFC are confident to get the deal DONE SOON. Not a long saga. https://t.co/1NM6MIVtnj",Fri May 23 22:01:48 +0000 2025,176662,2914,15022,27999097,False,False,True
1929371608839332061,FabrizioRomano,"🚨 Liverpool remain confident to finalize Florian Wirtz deal as new round of talks has been scheduled this week.

Club optimistic to get the agreement sealed with Bayer Leverkusen soon. https://t.co/TAkyE7Yjvy",Mon Jun 02 02:56:52 +0000 2025,3174,272,295,98241,False,False,True
1929291429286715401,FabrizioRomano,"🚨 Chelsea remain in contact with Jadon Sancho’s camp over contract terms, still no agreement on salary so far.

Final decision will be in few days, outcome expected next week.

If contract terms are not agreed, Sancho will go back to Manchester United with £5m compensation. https://t.co/H8nDCd3WAg",Sun Jun 01 21:38:15 +0000 2025,27753,967,1720,1847072,False,False,True
1929287492819185879,FabrizioRomano,"🚨🔵 Strasbourg are set to sign Brazilian 16 year old fullback Angelo Candido from São Paulo, agreement done.

São Paulo will keep 12% sell-on clause as @mabragatchelo reports, deal in place.

One for the future with potential view on Chelsea move in the following years. 🇧🇷 https://t.co/4ZznwiVvdU",Sun Jun 01 21:22:37 +0000 2025,14076,226,791,1298577,False,False,True
1929281098355269893,FabrizioRomano,"🚨🇦🇹 Joao Sacramento, set to sign as new head coach at Austrian side LASK. Two year contract almost agreed.

Former Mourinho’s assistant at Spurs and Roma, also Galtier's assistant at PSG and Lille, considered to be a talented coach with important future ahead. https://t.co/EmcT8X1vuZ",Sun Jun 01 20:57:12 +0000 2025,11500,163,478,1226364,False,False,True
1929281083314414061,FabrizioRomano,"🎧 Here we go podcast post UCL.

◉ Florian Wirtz negotiations underway.
◉ PSG consider Mastantuono as future top player.
◉ Al Hilal push to get Simone Inzaghi’s green light.
◉ Donnarumma’s contract + Doué deal secrets. 

🎥 More @MenInBlazers: https://t.co/kw0s0JA1AE https://t.co/lwZGNHZO3k",Sun Jun 01 20:57:09 +0000 2025,9226,165,466,1196843,False,False,True
1929264051554505001,FabrizioRomano,"🚨⚪️ Spurs chairman Daniel Levy set to decide Ange Postecoglou’s future in the next days, situation open.

Thomas Frank and Marco Silva are both appreciated, discussed internally as options for Spurs job if Ange gets fired.

No final decision on Postecoglou yet. https://t.co/GNvtBcjiAD",Sun Jun 01 19:49:28 +0000 2025,45110,1118,2346,3157633,False,False,True
1929235096155857299,FabrizioRomano,"🚨🔵 Liam Delap completes first part of his medical at Chelsea and formal steps will follow early next week.

All set to get the deal official. Delap will play for Chelsea. https://t.co/mOtO4bXQp6",Sun Jun 01 17:54:25 +0000 2025,50459,861,3742,2424982,False,False,True
1929217878412108054,FabrizioRomano,"🚨⚪️⚫️ Former Toulouse president Damien Comolli has signed in as new Juventus general director.

Three year contract sealed. https://t.co/9OxVxAQqos",Sun Jun 01 16:46:00 +0000 2025,20414,500,907,2453758,False,False,True
1929202328973762883,FabrizioRomano,"🔵⚪️🦅 Maurizio Sarri and Lazio, deal set to be signed next week on two year contract plus option.

Story revealed yesterday, confirmed. ⤵️",Sun Jun 01 15:44:12 +0000 2025,12037,253,598,3203371,False,False,False
1929202088510132232,FabrizioRomano,"🚨🔴⚪️ Caoimhin Kelleher to Brentford, here we go! Deal done for the goalkeeper to join from Liverpool on £18m package fee add-ons included.

Mark Flekken will leave Brentford and join Bayer Leverkusen for €10m 🔴⚫️🇩🇪 https://t.co/uDfhSEoV8U",Sun Jun 01 15:43:15 +0000 2025,93526,1423,5854,6191056,False,False,True
1929201446731251789,FabrizioRomano,🚨🏅 UEFA Team of the Season for UCL campaign 2024/25 has been released! ✨ https://t.co/hml4zaZkLk,Sun Jun 01 15:40:42 +0000 2025,75178,2026,5106,4208592,False,False,True
1929201297355407775,FabrizioRomano,🚨🏅 Ousmane Dembélé wins Best Player of the Season Award from UEFA for UCL. https://t.co/H4dot33cOv,Sun Jun 01 15:40:06 +0000 2025,117243,1265,7455,3069139,False,False,True
1929201209123930347,FabrizioRomano,🚨🏅 Désiré Doué wins Young Player of the Season Award from UEFA for UCL. https://t.co/uYsmdE2eKa,Sun Jun 01 15:39:45 +0000 2025,87609,856,4371,2775660,False,False,True
1929166245925888507,FabrizioRomano,"🚨❌ Francesco Acerbi has rejected to join Italian national team for the upcoming international games.

“Acerbi informed me by text message this morning, we move on”, says Italy coach Luciano Spalletti. https://t.co/dDuzj3uCzX",Sun Jun 01 13:20:49 +0000 2025,50574,703,1860,4260243,False,False,True
1929161993069416774,FabrizioRomano,"🚨 OFFICIAL: Matheus Cunha joins Man United on five year deal plus one year option from Wolves.

All documents signed after £62.5m release clause has been triggered earlier this week.

First signing of the summer for Man Utd. https://t.co/iesnVyEBaC",Sun Jun 01 13:03:55 +0000 2025,109779,1997,10559,6185882,False,False,True
1929161504764448777,FabrizioRomano,🚨✅🇧🇷 #MUFC,Sun Jun 01 13:01:59 +0000 2025,32365,327,1682,3415431,False,False,False
1929149735798972755,FabrizioRomano,🔴👀⏳ #LFC,Sun Jun 01 12:15:13 +0000 2025,53682,921,3536,6772940,False,False,False
1929141735860380065,FabrizioRomano,"🚨⚠️ Ter Stegen on Joan García and Barça talks: “No one has spoken to me about this… but it doesn't concern me too much. I know that I WILL be in Barcelona next year”.

“For me the situation has not changed in principle. I’m very excited for next season”. https://t.co/8frpV3AKm0",Sun Jun 01 11:43:26 +0000 2025,29459,1145,1290,2831297,False,False,True
1929141060128694669,FabrizioRomano,"🚨🔵 Manchester City and OL are in club to club talks for Rayan Cherki, deal expected to advance fast next week.

Price tag will be in excess of €30m for Cherki; Man City are confident.

2️⃣ #MCFC mantain their plan: Cherki and Reijnders deals to be done in the next days. https://t.co/NQNfJqWncH",Sun Jun 01 11:40:45 +0000 2025,47479,718,3170,4598800,False,False,True
1929132858150392179,FabrizioRomano,"🚨🔵🔴 Robert Lewandowski: “I will stay at Barça, it’s not even a topic. For sure”.

“I’m sure our team will be stronger and I want to win even more”. https://t.co/fB0JPtt1qj",Sun Jun 01 11:08:09 +0000 2025,57793,475,2305,2329393,False,False,True
1926035863294607836,FabrizioRomano,"🚨💣 Florian Wirtz has informed Bayer Leverkusen of his desire to join Liverpool.

The contract agreement is done, sealed as Wirtz only wants Liverpool move.

Club to club talks already underway as revealed earlier, #LFC are confident to get the deal DONE SOON. Not a long saga. https://t.co/1NM6MIVtnj",Fri May 23 22:01:48 +0000 2025,176662,2914,15022,27999097,False,False,True
1929371608839332061,FabrizioRomano,"🚨 Liverpool remain confident to finalize Florian Wirtz deal as new round of talks has been scheduled this week.

Club optimistic to get the agreement sealed with Bayer Leverkusen soon. https://t.co/TAkyE7Yjvy",Mon Jun 02 02:56:52 +0000 2025,3185,272,295,98241,False,False,True
1929291429286715401,FabrizioRomano,"🚨 Chelsea remain in contact with Jadon Sancho’s camp over contract terms, still no agreement on salary so far.

Final decision will be in few days, outcome expected next week.

If contract terms are not agreed, Sancho will go back to Manchester United with £5m compensation. https://t.co/H8nDCd3WAg",Sun Jun 01 21:38:15 +0000 2025,27753,967,1721,1847072,False,False,True
1929287492819185879,FabrizioRomano,"🚨🔵 Strasbourg are set to sign Brazilian 16 year old fullback Angelo Candido from São Paulo, agreement done.

São Paulo will keep 12% sell-on clause as @mabragatchelo reports, deal in place.

One for the future with potential view on Chelsea move in the following years. 🇧🇷 https://t.co/4ZznwiVvdU",Sun Jun 01 21:22:37 +0000 2025,14078,226,791,1298577,False,False,True
1929281098355269893,FabrizioRomano,"🚨🇦🇹 Joao Sacramento, set to sign as new head coach at Austrian side LASK. Two year contract almost agreed.

Former Mourinho’s assistant at Spurs and Roma, also Galtier's assistant at PSG and Lille, considered to be a talented coach with important future ahead. https://t.co/EmcT8X1vuZ",Sun Jun 01 20:57:12 +0000 2025,11500,163,478,1226364,False,False,True
1929281083314414061,FabrizioRomano,"🎧 Here we go podcast post UCL.

◉ Florian Wirtz negotiations underway.
◉ PSG consider Mastantuono as future top player.
◉ Al Hilal push to get Simone Inzaghi’s green light.
◉ Donnarumma’s contract + Doué deal secrets. 

🎥 More @MenInBlazers: https://t.co/kw0s0JA1AE https://t.co/lwZGNHZO3k",Sun Jun 01 20:57:09 +0000 2025,9226,165,466,1196843,False,False,True
1929264051554505001,FabrizioRomano,"🚨⚪️ Spurs chairman Daniel Levy set to decide Ange Postecoglou’s future in the next days, situation open.

Thomas Frank and Marco Silva are both appreciated, discussed internally as options for Spurs job if Ange gets fired.

No final decision on Postecoglou yet. https://t.co/GNvtBcjiAD",Sun Jun 01 19:49:28 +0000 2025,45112,1118,2346,3157633,False,False,True
1929235096155857299,FabrizioRomano,"🚨🔵 Liam Delap completes first part of his medical at Chelsea and formal steps will follow early next week.

All set to get the deal official. Delap will play for Chelsea. https://t.co/mOtO4bXQp6",Sun Jun 01 17:54:25 +0000 2025,50463,861,3742,2424982,False,False,True
1929217878412108054,FabrizioRomano,"🚨⚪️⚫️ Former Toulouse president Damien Comolli has signed in as new Juventus general director.

Three year contract sealed. https://t.co/9OxVxAQqos",Sun Jun 01 16:46:00 +0000 2025,20414,500,907,2453758,False,False,True
1929202328973762883,FabrizioRomano,"🔵⚪️🦅 Maurizio Sarri and Lazio, deal set to be signed next week on two year contract plus option.

Story revealed yesterday, confirmed. ⤵️",Sun Jun 01 15:44:12 +0000 2025,12037,253,598,3203371,False,False,False
1929202088510132232,FabrizioRomano,"🚨🔴⚪️ Caoimhin Kelleher to Brentford, here we go! Deal done for the goalkeeper to join from Liverpool on £18m package fee add-ons included.

Mark Flekken will leave Brentford and join Bayer Leverkusen for €10m 🔴⚫️🇩🇪 https://t.co/uDfhSEoV8U",Sun Jun 01 15:43:15 +0000 2025,93527,1423,5854,6191056,False,False,True
1929201446731251789,FabrizioRomano,🚨🏅 UEFA Team of the Season for UCL campaign 2024/25 has been released! ✨ https://t.co/hml4zaZkLk,Sun Jun 01 15:40:42 +0000 2025,75178,2026,5107,4208592,False,False,True
1929201297355407775,FabrizioRomano,🚨🏅 Ousmane Dembélé wins Best Player of the Season Award from UEFA for UCL. https://t.co/H4dot33cOv,Sun Jun 01 15:40:06 +0000 2025,117243,1265,7455,3069139,False,False,True
1929201209123930347,FabrizioRomano,🚨🏅 Désiré Doué wins Young Player of the Season Award from UEFA for UCL. https://t.co/uYsmdE2eKa,Sun Jun 01 15:39:45 +0000 2025,87610,856,4371,2775660,False,False,True
1929166245925888507,FabrizioRomano,"🚨❌ Francesco Acerbi has rejected to join Italian national team for the upcoming international games.

“Acerbi informed me by text message this morning, we move on”, says Italy coach Luciano Spalletti. https://t.co/dDuzj3uCzX",Sun Jun 01 13:20:49 +0000 2025,50574,703,1860,4260243,False,False,True
1929161993069416774,FabrizioRomano,"🚨 OFFICIAL: Matheus Cunha joins Man United on five year deal plus one year option from Wolves.

All documents signed after £62.5m release clause has been triggered earlier this week.

First signing of the summer for Man Utd. https://t.co/iesnVyEBaC",Sun Jun 01 13:03:55 +0000 2025,109779,1997,10559,6185882,False,False,True
1929161504764448777,FabrizioRomano,🚨✅🇧🇷 #MUFC,Sun Jun 01 13:01:59 +0000 2025,32367,327,1682,3415431,False,False,False
1929149735798972755,FabrizioRomano,🔴👀⏳ #LFC,Sun Jun 01 12:15:13 +0000 2025,53683,921,3536,6740132,False,False,False
1929141735860380065,FabrizioRomano,"🚨⚠️ Ter Stegen on Joan García and Barça talks: “No one has spoken to me about this… but it doesn't concern me too much. I know that I WILL be in Barcelona next year”.

“For me the situation has not changed in principle. I’m very excited for next season”. https://t.co/8frpV3AKm0",Sun Jun 01 11:43:26 +0000 2025,29459,1145,1290,2831297,False,False,True
1929141060128694669,FabrizioRomano,"🚨🔵 Manchester City and OL are in club to club talks for Rayan Cherki, deal expected to advance fast next week.

Price tag will be in excess of €30m for Cherki; Man City are confident.

2️⃣ #MCFC mantain their plan: Cherki and Reijnders deals to be done in the next days. https://t.co/NQNfJqWncH",Sun Jun 01 11:40:45 +0000 2025,47479,718,3170,4598800,False,False,True
1929132858150392179,FabrizioRomano,"🚨🔵🔴 Robert Lewandowski: “I will stay at Barça, it’s not even a topic. For sure”.

“I’m sure our team will be stronger and I want to win even more”. https://t.co/fB0JPtt1qj",Sun Jun 01 11:08:09 +0000 2025,57793,475,2305,2329393,False,False,True
1926035863294607836,FabrizioRomano,"🚨💣 Florian Wirtz has informed Bayer Leverkusen of his desire to join Liverpool.

The contract agreement is done, sealed as Wirtz only wants Liverpool move.

Club to club talks already underway as revealed earlier, #LFC are confident to get the deal DONE SOON. Not a long saga. https://t.co/1NM6MIVtnj",Fri May 23 22:01:48 +0000 2025,176663,2914,15022,27999097,False,False,True
1929371608839332061,FabrizioRomano,"🚨 Liverpool remain confident to finalize Florian Wirtz deal as new round of talks has been scheduled this week.

Club optimistic to get the agreement sealed with Bayer Leverkusen soon. https://t.co/TAkyE7Yjvy",Mon Jun 02 02:56:52 +0000 2025,3195,273,296,98241,False,False,True
1929291429286715401,FabrizioRomano,"🚨 Chelsea remain in contact with Jadon Sancho’s camp over contract terms, still no agreement on salary so far.

Final decision will be in few days, outcome expected next week.

If contract terms are not agreed, Sancho will go back to Manchester United with £5m compensation. https://t.co/H8nDCd3WAg",Sun Jun 01 21:38:15 +0000 2025,27753,967,1721,1847072,False,False,True
1929287492819185879,FabrizioRomano,"🚨🔵 Strasbourg are set to sign Brazilian 16 year old fullback Angelo Candido from São Paulo, agreement done.

São Paulo will keep 12% sell-on clause as @mabragatchelo reports, deal in place.

One for the future with potential view on Chelsea move in the following years. 🇧🇷 https://t.co/4ZznwiVvdU",Sun Jun 01 21:22:37 +0000 2025,14078,226,791,1298577,False,False,True
1929281098355269893,FabrizioRomano,"🚨🇦🇹 Joao Sacramento, set to sign as new head coach at Austrian side LASK. Two year contract almost agreed.

Former Mourinho’s assistant at Spurs and Roma, also Galtier's assistant at PSG and Lille, considered to be a talented coach with important future ahead. https://t.co/EmcT8X1vuZ",Sun Jun 01 20:57:12 +0000 2025,11500,163,478,1226961,False,False,True
1929281083314414061,FabrizioRomano,"🎧 Here we go podcast post UCL.

◉ Florian Wirtz negotiations underway.
◉ PSG consider Mastantuono as future top player.
◉ Al Hilal push to get Simone Inzaghi’s green light.
◉ Donnarumma’s contract + Doué deal secrets. 

🎥 More @MenInBlazers: https://t.co/kw0s0JA1AE https://t.co/lwZGNHZO3k",Sun Jun 01 20:57:09 +0000 2025,9226,165,466,1196843,False,False,True
1929264051554505001,FabrizioRomano,"🚨⚪️ Spurs chairman Daniel Levy set to decide Ange Postecoglou’s future in the next days, situation open.

Thomas Frank and Marco Silva are both appreciated, discussed internally as options for Spurs job if Ange gets fired.

No final decision on Postecoglou yet. https://t.co/GNvtBcjiAD",Sun Jun 01 19:49:28 +0000 2025,45114,1118,2347,3143491,False,False,True
1929235096155857299,FabrizioRomano,"🚨🔵 Liam Delap completes first part of his medical at Chelsea and formal steps will follow early next week.

All set to get the deal official. Delap will play for Chelsea. https://t.co/mOtO4bXQp6",Sun Jun 01 17:54:25 +0000 2025,50464,861,3743,2424982,False,False,True
1929217878412108054,FabrizioRomano,"🚨⚪️⚫️ Former Toulouse president Damien Comolli has signed in as new Juventus general director.

Three year contract sealed. https://t.co/9OxVxAQqos",Sun Jun 01 16:46:00 +0000 2025,20414,500,907,2453758,False,False,True
1929202328973762883,FabrizioRomano,"🔵⚪️🦅 Maurizio Sarri and Lazio, deal set to be signed next week on two year contract plus option.

Story revealed yesterday, confirmed. ⤵️",Sun Jun 01 15:44:12 +0000 2025,12037,253,598,3203371,False,False,False
1929202088510132232,FabrizioRomano,"🚨🔴⚪️ Caoimhin Kelleher to Brentford, here we go! Deal done for the goalkeeper to join from Liverpool on £18m package fee add-ons included.

Mark Flekken will leave Brentford and join Bayer Leverkusen for €10m 🔴⚫️🇩🇪 https://t.co/uDfhSEoV8U",Sun Jun 01 15:43:15 +0000 2025,93528,1423,5855,6191056,False,False,True
1929201446731251789,FabrizioRomano,🚨🏅 UEFA Team of the Season for UCL campaign 2024/25 has been released! ✨ https://t.co/hml4zaZkLk,Sun Jun 01 15:40:42 +0000 2025,75178,2026,5107,4208592,False,False,True
1929201297355407775,FabrizioRomano,🚨🏅 Ousmane Dembélé wins Best Player of the Season Award from UEFA for UCL. https://t.co/H4dot33cOv,Sun Jun 01 15:40:06 +0000 2025,117243,1265,7455,3069516,False,False,True
1929201209123930347,FabrizioRomano,🚨🏅 Désiré Doué wins Young Player of the Season Award from UEFA for UCL. https://t.co/uYsmdE2eKa,Sun Jun 01 15:39:45 +0000 2025,87610,856,4371,2775660,False,False,True
1929166245925888507,FabrizioRomano,"🚨❌ Francesco Acerbi has rejected to join Italian national team for the upcoming international games.

“Acerbi informed me by text message this morning, we move on”, says Italy coach Luciano Spalletti. https://t.co/dDuzj3uCzX",Sun Jun 01 13:20:49 +0000 2025,50574,703,1860,4239724,False,False,True
1929161993069416774,FabrizioRomano,"🚨 OFFICIAL: Matheus Cunha joins Man United on five year deal plus one year option from Wolves.

All documents signed after £62.5m release clause has been triggered earlier this week.

First signing of the summer for Man Utd. https://t.co/iesnVyEBaC",Sun Jun 01 13:03:55 +0000 2025,109779,1997,10559,6185882,False,False,True
1929161504764448777,FabrizioRomano,🚨✅🇧🇷 #MUFC,Sun Jun 01 13:01:59 +0000 2025,32367,327,1682,3415431,False,False,False
1929149735798972755,FabrizioRomano,🔴👀⏳ #LFC,Sun Jun 01 12:15:13 +0000 2025,53684,921,3536,6740132,False,False,False
1929141735860380065,FabrizioRomano,"🚨⚠️ Ter Stegen on Joan García and Barça talks: “No one has spoken to me about this… but it doesn't concern me too much. I know that I WILL be in Barcelona next year”.

“For me the situation has not changed in principle. I’m very excited for next season”. https://t.co/8frpV3AKm0",Sun Jun 01 11:43:26 +0000 2025,29459,1145,1290,2813428,False,False,True
1929141060128694669,FabrizioRomano,"🚨🔵 Manchester City and OL are in club to club talks for Rayan Cherki, deal expected to advance fast next week.

Price tag will be in excess of €30m for Cherki; Man City are confident.

2️⃣ #MCFC mantain their plan: Cherki and Reijnders deals to be done in the next days. https://t.co/NQNfJqWncH",Sun Jun 01 11:40:45 +0000 2025,47479,718,3170,4598800,False,False,True
1929132858150392179,FabrizioRomano,"🚨🔵🔴 Robert Lewandowski: “I will stay at Barça, it’s not even a topic. For sure”.

“I’m sure our team will be stronger and I want to win even more”. https://t.co/fB0JPtt1qj",Sun Jun 01 11:08:09 +0000 2025,57793,475,2305,2329393,False,False,True
1926035863294607836,FabrizioRomano,"🚨💣 Florian Wirtz has informed Bayer Leverkusen of his desire to join Liverpool.

The contract agreement is done, sealed as Wirtz only wants Liverpool move.

Club to club talks already underway as revealed earlier, #LFC are confident to get the deal DONE SOON. Not a long saga. https://t.co/1NM6MIVtnj",Fri May 23 22:01:48 +0000 2025,176663,2914,15022,27999097,False,False,True
1929371608839332061,FabrizioRomano,"🚨 Liverpool remain confident to finalize Florian Wirtz deal as new round of talks has been scheduled this week.

Club optimistic to get the agreement sealed with Bayer Leverkusen soon. https://t.co/TAkyE7Yjvy",Mon Jun 02 02:56:52 +0000 2025,3205,274,296,98241,False,False,True
1929291429286715401,FabrizioRomano,"🚨 Chelsea remain in contact with Jadon Sancho’s camp over contract terms, still no agreement on salary so far.

Final decision will be in few days, outcome expected next week.

If contract terms are not agreed, Sancho will go back to Manchester United with £5m compensation. https://t.co/H8nDCd3WAg",Sun Jun 01 21:38:15 +0000 2025,27757,967,1721,1847072,False,False,True
1929287492819185879,FabrizioRomano,"🚨🔵 Strasbourg are set to sign Brazilian 16 year old fullback Angelo Candido from São Paulo, agreement done.

São Paulo will keep 12% sell-on clause as @mabragatchelo reports, deal in place.

One for the future with potential view on Chelsea move in the following years. 🇧🇷 https://t.co/4ZznwiVvdU",Sun Jun 01 21:22:37 +0000 2025,14078,226,791,1298577,False,False,True
1929281098355269893,FabrizioRomano,"🚨🇦🇹 Joao Sacramento, set to sign as new head coach at Austrian side LASK. Two year contract almost agreed.

Former Mourinho’s assistant at Spurs and Roma, also Galtier's assistant at PSG and Lille, considered to be a talented coach with important future ahead. https://t.co/EmcT8X1vuZ",Sun Jun 01 20:57:12 +0000 2025,11501,163,478,1226961,False,False,True
1929281083314414061,FabrizioRomano,"🎧 Here we go podcast post UCL.

◉ Florian Wirtz negotiations underway.
◉ PSG consider Mastantuono as future top player.
◉ Al Hilal push to get Simone Inzaghi’s green light.
◉ Donnarumma’s contract + Doué deal secrets. 

🎥 More @MenInBlazers: https://t.co/kw0s0JA1AE https://t.co/lwZGNHZO3k",Sun Jun 01 20:57:09 +0000 2025,9226,165,466,1196843,False,False,True
1929264051554505001,FabrizioRomano,"🚨⚪️ Spurs chairman Daniel Levy set to decide Ange Postecoglou’s future in the next days, situation open.

Thomas Frank and Marco Silva are both appreciated, discussed internally as options for Spurs job if Ange gets fired.

No final decision on Postecoglou yet. https://t.co/GNvtBcjiAD",Sun Jun 01 19:49:28 +0000 2025,45116,1118,2347,3143491,False,False,True
1929235096155857299,FabrizioRomano,"🚨🔵 Liam Delap completes first part of his medical at Chelsea and formal steps will follow early next week.

All set to get the deal official. Delap will play for Chelsea. https://t.co/mOtO4bXQp6",Sun Jun 01 17:54:25 +0000 2025,50465,861,3743,2424982,False,False,True
1929217878412108054,FabrizioRomano,"🚨⚪️⚫️ Former Toulouse president Damien Comolli has signed in as new Juventus general director.

Three year contract sealed. https://t.co/9OxVxAQqos",Sun Jun 01 16:46:00 +0000 2025,20415,500,907,2474466,False,False,True
1929202328973762883,FabrizioRomano,"🔵⚪️🦅 Maurizio Sarri and Lazio, deal set to be signed next week on two year contract plus option.

Story revealed yesterday, confirmed. ⤵️",Sun Jun 01 15:44:12 +0000 2025,12037,253,598,3203371,False,False,False
1929202088510132232,FabrizioRomano,"🚨🔴⚪️ Caoimhin Kelleher to Brentford, here we go! Deal done for the goalkeeper to join from Liverpool on £18m package fee add-ons included.

Mark Flekken will leave Brentford and join Bayer Leverkusen for €10m 🔴⚫️🇩🇪 https://t.co/uDfhSEoV8U",Sun Jun 01 15:43:15 +0000 2025,93528,1423,5855,6191056,False,False,True
1929201446731251789,FabrizioRomano,🚨🏅 UEFA Team of the Season for UCL campaign 2024/25 has been released! ✨ https://t.co/hml4zaZkLk,Sun Jun 01 15:40:42 +0000 2025,75178,2026,5107,4208592,False,False,True
1929201297355407775,FabrizioRomano,🚨🏅 Ousmane Dembélé wins Best Player of the Season Award from UEFA for UCL. https://t.co/H4dot33cOv,Sun Jun 01 15:40:06 +0000 2025,117243,1265,7455,3069516,False,False,True
1929201209123930347,FabrizioRomano,🚨🏅 Désiré Doué wins Young Player of the Season Award from UEFA for UCL. https://t.co/uYsmdE2eKa,Sun Jun 01 15:39:45 +0000 2025,87610,856,4371,2775660,False,False,True
1929166245925888507,FabrizioRomano,"🚨❌ Francesco Acerbi has rejected to join Italian national team for the upcoming international games.

“Acerbi informed me by text message this morning, we move on”, says Italy coach Luciano Spalletti. https://t.co/dDuzj3uCzX",Sun Jun 01 13:20:49 +0000 2025,50574,703,1860,4239724,False,False,True
1929161993069416774,FabrizioRomano,"🚨 OFFICIAL: Matheus Cunha joins Man United on five year deal plus one year option from Wolves.

All documents signed after £62.5m release clause has been triggered earlier this week.

First signing of the summer for Man Utd. https://t.co/iesnVyEBaC",Sun Jun 01 13:03:55 +0000 2025,109781,1997,10559,6185882,False,False,True
1929161504764448777,FabrizioRomano,🚨✅🇧🇷 #MUFC,Sun Jun 01 13:01:59 +0000 2025,32367,327,1682,3415431,False,False,False
1929149735798972755,FabrizioRomano,🔴👀⏳ #LFC,Sun Jun 01 12:15:13 +0000 2025,53684,921,3536,6740132,False,False,False
1929141735860380065,FabrizioRomano,"🚨⚠️ Ter Stegen on Joan García and Barça talks: “No one has spoken to me about this… but it doesn't concern me too much. I know that I WILL be in Barcelona next year”.

“For me the situation has not changed in principle. I’m very excited for next season”. https://t.co/8frpV3AKm0",Sun Jun 01 11:43:26 +0000 2025,29459,1145,1290,2813428,False,False,True
1929141060128694669,FabrizioRomano,"🚨🔵 Manchester City and OL are in club to club talks for Rayan Cherki, deal expected to advance fast next week.

Price tag will be in excess of €30m for Cherki; Man City are confident.

2️⃣ #MCFC mantain their plan: Cherki and Reijnders deals to be done in the next days. https://t.co/NQNfJqWncH",Sun Jun 01 11:40:45 +0000 2025,47480,718,3170,4598800,False,False,True
1929132858150392179,FabrizioRomano,"🚨🔵🔴 Robert Lewandowski: “I will stay at Barça, it’s not even a topic. For sure”.

“I’m sure our team will be stronger and I want to win even more”. https://t.co/fB0JPtt1qj",Sun Jun 01 11:08:09 +0000 2025,57794,475,2305,2329393,False,False,True
1926035863294607836,FabrizioRomano,"🚨💣 Florian Wirtz has informed Bayer Leverkusen of his desire to join Liverpool.

The contract agreement is done, sealed as Wirtz only wants Liverpool move.

Club to club talks already underway as revealed earlier, #LFC are confident to get the deal DONE SOON. Not a long saga. https://t.co/1NM6MIVtnj",Fri May 23 22:01:48 +0000 2025,176663,2914,15022,27999097,False,False,True
1929371608839332061,FabrizioRomano,"🚨 Liverpool remain confident to finalize Florian Wirtz deal as new round of talks has been scheduled this week.

Club optimistic to get the agreement sealed with Bayer Leverkusen soon. https://t.co/TAkyE7Yjvy",Mon Jun 02 02:56:52 +0000 2025,3218,274,296,98241,False,False,True
1929291429286715401,FabrizioRomano,"🚨 Chelsea remain in contact with Jadon Sancho’s camp over contract terms, still no agreement on salary so far.

Final decision will be in few days, outcome expected next week.

If contract terms are not agreed, Sancho will go back to Manchester United with £5m compensation. https://t.co/H8nDCd3WAg",Sun Jun 01 21:38:15 +0000 2025,27760,967,1721,1847072,False,False,True
1929287492819185879,FabrizioRomano,"🚨🔵 Strasbourg are set to sign Brazilian 16 year old fullback Angelo Candido from São Paulo, agreement done.

São Paulo will keep 12% sell-on clause as @mabragatchelo reports, deal in place.

One for the future with potential view on Chelsea move in the following years. 🇧🇷 https://t.co/4ZznwiVvdU",Sun Jun 01 21:22:37 +0000 2025,14079,226,791,1298577,False,False,True
1929281098355269893,FabrizioRomano,"🚨🇦🇹 Joao Sacramento, set to sign as new head coach at Austrian side LASK. Two year contract almost agreed.

Former Mourinho’s assistant at Spurs and Roma, also Galtier's assistant at PSG and Lille, considered to be a talented coach with important future ahead. https://t.co/EmcT8X1vuZ",Sun Jun 01 20:57:12 +0000 2025,11501,163,478,1226961,False,False,True
1929281083314414061,FabrizioRomano,"🎧 Here we go podcast post UCL.

◉ Florian Wirtz negotiations underway.
◉ PSG consider Mastantuono as future top player.
◉ Al Hilal push to get Simone Inzaghi’s green light.
◉ Donnarumma’s contract + Doué deal secrets. 

🎥 More @MenInBlazers: https://t.co/kw0s0JA1AE https://t.co/lwZGNHZO3k",Sun Jun 01 20:57:09 +0000 2025,9226,165,466,1196843,False,False,True
1929264051554505001,FabrizioRomano,"🚨⚪️ Spurs chairman Daniel Levy set to decide Ange Postecoglou’s future in the next days, situation open.

Thomas Frank and Marco Silva are both appreciated, discussed internally as options for Spurs job if Ange gets fired.

No final decision on Postecoglou yet. https://t.co/GNvtBcjiAD",Sun Jun 01 19:49:28 +0000 2025,45117,1118,2347,3143491,False,False,True
1929235096155857299,FabrizioRomano,"🚨🔵 Liam Delap completes first part of his medical at Chelsea and formal steps will follow early next week.

All set to get the deal official. Delap will play for Chelsea. https://t.co/mOtO4bXQp6",Sun Jun 01 17:54:25 +0000 2025,50465,861,3743,2424982,False,False,True
1929217878412108054,FabrizioRomano,"🚨⚪️⚫️ Former Toulouse president Damien Comolli has signed in as new Juventus general director.

Three year contract sealed. https://t.co/9OxVxAQqos",Sun Jun 01 16:46:00 +0000 2025,20416,500,907,2474466,False,False,True
1929202328973762883,FabrizioRomano,"🔵⚪️🦅 Maurizio Sarri and Lazio, deal set to be signed next week on two year contract plus option.

Story revealed yesterday, confirmed. ⤵️",Sun Jun 01 15:44:12 +0000 2025,12037,253,598,3203371,False,False,False
1929202088510132232,FabrizioRomano,"🚨🔴⚪️ Caoimhin Kelleher to Brentford, here we go! Deal done for the goalkeeper to join from Liverpool on £18m package fee add-ons included.

Mark Flekken will leave Brentford and join Bayer Leverkusen for €10m 🔴⚫️🇩🇪 https://t.co/uDfhSEoV8U",Sun Jun 01 15:43:15 +0000 2025,93529,1423,5855,6191056,False,False,True
1929201446731251789,FabrizioRomano,🚨🏅 UEFA Team of the Season for UCL campaign 2024/25 has been released! ✨ https://t.co/hml4zaZkLk,Sun Jun 01 15:40:42 +0000 2025,75178,2027,5108,4209325,False,False,True
1929201297355407775,FabrizioRomano,🚨🏅 Ousmane Dembélé wins Best Player of the Season Award from UEFA for UCL. https://t.co/H4dot33cOv,Sun Jun 01 15:40:06 +0000 2025,117244,1265,7455,3069516,False,False,True
1929201209123930347,FabrizioRomano,🚨🏅 Désiré Doué wins Young Player of the Season Award from UEFA for UCL. https://t.co/uYsmdE2eKa,Sun Jun 01 15:39:45 +0000 2025,87611,856,4371,2775660,False,False,True
1929166245925888507,FabrizioRomano,"🚨❌ Francesco Acerbi has rejected to join Italian national team for the upcoming international games.

“Acerbi informed me by text message this morning, we move on”, says Italy coach Luciano Spalletti. https://t.co/dDuzj3uCzX",Sun Jun 01 13:20:49 +0000 2025,50574,703,1860,4239724,False,False,True
1929161993069416774,FabrizioRomano,"🚨 OFFICIAL: Matheus Cunha joins Man United on five year deal plus one year option from Wolves.

All documents signed after £62.5m release clause has been triggered earlier this week.

First signing of the summer for Man Utd. https://t.co/iesnVyEBaC",Sun Jun 01 13:03:55 +0000 2025,109782,1997,10559,6185882,False,False,True
1929161504764448777,FabrizioRomano,🚨✅🇧🇷 #MUFC,Sun Jun 01 13:01:59 +0000 2025,32367,327,1682,3415431,False,False,False
1929149735798972755,FabrizioRomano,🔴👀⏳ #LFC,Sun Jun 01 12:15:13 +0000 2025,53684,921,3536,6740132,False,False,False
1929141735860380065,FabrizioRomano,"🚨⚠️ Ter Stegen on Joan García and Barça talks: “No one has spoken to me about this… but it doesn't concern me too much. I know that I WILL be in Barcelona next year”.

“For me the situation has not changed in principle. I’m very excited for next season”. https://t.co/8frpV3AKm0",Sun Jun 01 11:43:26 +0000 2025,29459,1145,1290,2813428,False,False,True
1929141060128694669,FabrizioRomano,"🚨🔵 Manchester City and OL are in club to club talks for Rayan Cherki, deal expected to advance fast next week.

Price tag will be in excess of €30m for Cherki; Man City are confident.

2️⃣ #MCFC mantain their plan: Cherki and Reijnders deals to be done in the next days. https://t.co/NQNfJqWncH",Sun Jun 01 11:40:45 +0000 2025,47481,718,3170,4598800,False,False,True
1929132858150392179,FabrizioRomano,"🚨🔵🔴 Robert Lewandowski: “I will stay at Barça, it’s not even a topic. For sure”.

“I’m sure our team will be stronger and I want to win even more”. https://t.co/fB0JPtt1qj",Sun Jun 01 11:08:09 +0000 2025,57795,475,2305,2329393,False,False,True
1926035863294607836,FabrizioRomano,"🚨💣 Florian Wirtz has informed Bayer Leverkusen of his desire to join Liverpool.

The contract agreement is done, sealed as Wirtz only wants Liverpool move.

Club to club talks already underway as revealed earlier, #LFC are confident to get the deal DONE SOON. Not a long saga. https://t.co/1NM6MIVtnj",Fri May 23 22:01:48 +0000 2025,176663,2914,15022,27999097,False,False,True
1929371608839332061,FabrizioRomano,"🚨 Liverpool remain confident to finalize Florian Wirtz deal as new round of talks has been scheduled this week.

Club optimistic to get the agreement sealed with Bayer Leverkusen soon. https://t.co/TAkyE7Yjvy",Mon Jun 02 02:56:52 +0000 2025,3235,274,296,98241,False,False,True
1929291429286715401,FabrizioRomano,"🚨 Chelsea remain in contact with Jadon Sancho’s camp over contract terms, still no agreement on salary so far.

Final decision will be in few days, outcome expected next week.

If contract terms are not agreed, Sancho will go back to Manchester United with £5m compensation. https://t.co/H8nDCd3WAg",Sun Jun 01 21:38:15 +0000 2025,27763,967,1721,1848414,False,False,True
1929287492819185879,FabrizioRomano,"🚨🔵 Strasbourg are set to sign Brazilian 16 year old fullback Angelo Candido from São Paulo, agreement done.

São Paulo will keep 12% sell-on clause as @mabragatchelo reports, deal in place.

One for the future with potential view on Chelsea move in the following years. 🇧🇷 https://t.co/4ZznwiVvdU",Sun Jun 01 21:22:37 +0000 2025,14079,226,791,1298577,False,False,True
1929281098355269893,FabrizioRomano,"🚨🇦🇹 Joao Sacramento, set to sign as new head coach at Austrian side LASK. Two year contract almost agreed.

Former Mourinho’s assistant at Spurs and Roma, also Galtier's assistant at PSG and Lille, considered to be a talented coach with important future ahead. https://t.co/EmcT8X1vuZ",Sun Jun 01 20:57:12 +0000 2025,11503,163,478,1226961,False,False,True
1929281083314414061,FabrizioRomano,"🎧 Here we go podcast post UCL.

◉ Florian Wirtz negotiations underway.
◉ PSG consider Mastantuono as future top player.
◉ Al Hilal push to get Simone Inzaghi’s green light.
◉ Donnarumma’s contract + Doué deal secrets. 

🎥 More @MenInBlazers: https://t.co/kw0s0JA1AE https://t.co/lwZGNHZO3k",Sun Jun 01 20:57:09 +0000 2025,9226,165,466,1196843,False,False,True
1929264051554505001,FabrizioRomano,"🚨⚪️ Spurs chairman Daniel Levy set to decide Ange Postecoglou’s future in the next days, situation open.

Thomas Frank and Marco Silva are both appreciated, discussed internally as options for Spurs job if Ange gets fired.

No final decision on Postecoglou yet. https://t.co/GNvtBcjiAD",Sun Jun 01 19:49:28 +0000 2025,45120,1118,2347,3158823,False,False,True
1929235096155857299,FabrizioRomano,"🚨🔵 Liam Delap completes first part of his medical at Chelsea and formal steps will follow early next week.

All set to get the deal official. Delap will play for Chelsea. https://t.co/mOtO4bXQp6",Sun Jun 01 17:54:25 +0000 2025,50467,861,3743,2424982,False,False,True
1929217878412108054,FabrizioRomano,"🚨⚪️⚫️ Former Toulouse president Damien Comolli has signed in as new Juventus general director.

Three year contract sealed. https://t.co/9OxVxAQqos",Sun Jun 01 16:46:00 +0000 2025,20416,500,907,2474466,False,False,True
1929202328973762883,FabrizioRomano,"🔵⚪️🦅 Maurizio Sarri and Lazio, deal set to be signed next week on two year contract plus option.

Story revealed yesterday, confirmed. ⤵️",Sun Jun 01 15:44:12 +0000 2025,12037,253,599,3203371,False,False,False
1929202088510132232,FabrizioRomano,"🚨🔴⚪️ Caoimhin Kelleher to Brentford, here we go! Deal done for the goalkeeper to join from Liverpool on £18m package fee add-ons included.

Mark Flekken will leave Brentford and join Bayer Leverkusen for €10m 🔴⚫️🇩🇪 https://t.co/uDfhSEoV8U",Sun Jun 01 15:43:15 +0000 2025,93530,1423,5855,6191056,False,False,True
1929201446731251789,FabrizioRomano,🚨🏅 UEFA Team of the Season for UCL campaign 2024/25 has been released! ✨ https://t.co/hml4zaZkLk,Sun Jun 01 15:40:42 +0000 2025,75180,2027,5108,4209325,False,False,True
1929201297355407775,FabrizioRomano,🚨🏅 Ousmane Dembélé wins Best Player of the Season Award from UEFA for UCL. https://t.co/H4dot33cOv,Sun Jun 01 15:40:06 +0000 2025,117246,1265,7455,3069516,False,False,True
1929201209123930347,FabrizioRomano,🚨🏅 Désiré Doué wins Young Player of the Season Award from UEFA for UCL. https://t.co/uYsmdE2eKa,Sun Jun 01 15:39:45 +0000 2025,87611,856,4371,2775660,False,False,True
1929166245925888507,FabrizioRomano,"🚨❌ Francesco Acerbi has rejected to join Italian national team for the upcoming international games.

“Acerbi informed me by text message this morning, we move on”, says Italy coach Luciano Spalletti. https://t.co/dDuzj3uCzX",Sun Jun 01 13:20:49 +0000 2025,50574,703,1860,4239724,False,False,True
1929161993069416774,FabrizioRomano,"🚨 OFFICIAL: Matheus Cunha joins Man United on five year deal plus one year option from Wolves.

All documents signed after £62.5m release clause has been triggered earlier this week.

First signing of the summer for Man Utd. https://t.co/iesnVyEBaC",Sun Jun 01 13:03:55 +0000 2025,109782,1997,10559,6185882,False,False,True
1929161504764448777,FabrizioRomano,🚨✅🇧🇷 #MUFC,Sun Jun 01 13:01:59 +0000 2025,32367,327,1682,3415431,False,False,False
1929149735798972755,FabrizioRomano,🔴👀⏳ #LFC,Sun Jun 01 12:15:13 +0000 2025,53684,921,3536,6740132,False,False,False
1929141735860380065,FabrizioRomano,"🚨⚠️ Ter Stegen on Joan García and Barça talks: “No one has spoken to me about this… but it doesn't concern me too much. I know that I WILL be in Barcelona next year”.

“For me the situation has not changed in principle. I’m very excited for next season”. https://t.co/8frpV3AKm0",Sun Jun 01 11:43:26 +0000 2025,29459,1145,1290,2813428,False,False,True
1929141060128694669,FabrizioRomano,"🚨🔵 Manchester City and OL are in club to club talks for Rayan Cherki, deal expected to advance fast next week.

Price tag will be in excess of €30m for Cherki; Man City are confident.

2️⃣ #MCFC mantain their plan: Cherki and Reijnders deals to be done in the next days. https://t.co/NQNfJqWncH",Sun Jun 01 11:40:45 +0000 2025,47481,718,3170,4599402,False,False,True
1929132858150392179,FabrizioRomano,"🚨🔵🔴 Robert Lewandowski: “I will stay at Barça, it’s not even a topic. For sure”.

“I’m sure our team will be stronger and I want to win even more”. https://t.co/fB0JPtt1qj",Sun Jun 01 11:08:09 +0000 2025,57797,475,2305,2329393,False,False,True
1926035863294607836,FabrizioRomano,"🚨💣 Florian Wirtz has informed Bayer Leverkusen of his desire to join Liverpool.

The contract agreement is done, sealed as Wirtz only wants Liverpool move.

Club to club talks already underway as revealed earlier, #LFC are confident to get the deal DONE SOON. Not a long saga. https://t.co/1NM6MIVtnj",Fri May 23 22:01:48 +0000 2025,176663,2914,15022,27999097,False,False,True
1929371608839332061,FabrizioRomano,"🚨 Liverpool remain confident to finalize Florian Wirtz deal as new round of talks has been scheduled this week.

Club optimistic to get the agreement sealed with Bayer Leverkusen soon. https://t.co/TAkyE7Yjvy",Mon Jun 02 02:56:52 +0000 2025,3245,274,297,98241,False,False,True
1929291429286715401,FabrizioRomano,"🚨 Chelsea remain in contact with Jadon Sancho’s camp over contract terms, still no agreement on salary so far.

Final decision will be in few days, outcome expected next week.

If contract terms are not agreed, Sancho will go back to Manchester United with £5m compensation. https://t.co/H8nDCd3WAg",Sun Jun 01 21:38:15 +0000 2025,27768,967,1721,1848414,False,False,True
1929287492819185879,FabrizioRomano,"🚨🔵 Strasbourg are set to sign Brazilian 16 year old fullback Angelo Candido from São Paulo, agreement done.

São Paulo will keep 12% sell-on clause as @mabragatchelo reports, deal in place.

One for the future with potential view on Chelsea move in the following years. 🇧🇷 https://t.co/4ZznwiVvdU",Sun Jun 01 21:22:37 +0000 2025,14080,226,791,1298577,False,False,True
1929281098355269893,FabrizioRomano,"🚨🇦🇹 Joao Sacramento, set to sign as new head coach at Austrian side LASK. Two year contract almost agreed.

Former Mourinho’s assistant at Spurs and Roma, also Galtier's assistant at PSG and Lille, considered to be a talented coach with important future ahead. https://t.co/EmcT8X1vuZ",Sun Jun 01 20:57:12 +0000 2025,11504,163,478,1226961,False,False,True
1929281083314414061,FabrizioRomano,"🎧 Here we go podcast post UCL.

◉ Florian Wirtz negotiations underway.
◉ PSG consider Mastantuono as future top player.
◉ Al Hilal push to get Simone Inzaghi’s green light.
◉ Donnarumma’s contract + Doué deal secrets. 

🎥 More @MenInBlazers: https://t.co/kw0s0JA1AE https://t.co/lwZGNHZO3k",Sun Jun 01 20:57:09 +0000 2025,9227,165,466,1196843,False,False,True
1929264051554505001,FabrizioRomano,"🚨⚪️ Spurs chairman Daniel Levy set to decide Ange Postecoglou’s future in the next days, situation open.

Thomas Frank and Marco Silva are both appreciated, discussed internally as options for Spurs job if Ange gets fired.

No final decision on Postecoglou yet. https://t.co/GNvtBcjiAD",Sun Jun 01 19:49:28 +0000 2025,45120,1118,2347,3158823,False,False,True
1929235096155857299,FabrizioRomano,"🚨🔵 Liam Delap completes first part of his medical at Chelsea and formal steps will follow early next week.

All set to get the deal official. Delap will play for Chelsea. https://t.co/mOtO4bXQp6",Sun Jun 01 17:54:25 +0000 2025,50467,861,3743,2424982,False,False,True
1929217878412108054,FabrizioRomano,"🚨⚪️⚫️ Former Toulouse president Damien Comolli has signed in as new Juventus general director.

Three year contract sealed. https://t.co/9OxVxAQqos",Sun Jun 01 16:46:00 +0000 2025,20416,500,907,2474466,False,False,True
1929202328973762883,FabrizioRomano,"🔵⚪️🦅 Maurizio Sarri and Lazio, deal set to be signed next week on two year contract plus option.

Story revealed yesterday, confirmed. ⤵️",Sun Jun 01 15:44:12 +0000 2025,12039,253,599,3203371,False,False,False
1929202088510132232,FabrizioRomano,"🚨🔴⚪️ Caoimhin Kelleher to Brentford, here we go! Deal done for the goalkeeper to join from Liverpool on £18m package fee add-ons included.

Mark Flekken will leave Brentford and join Bayer Leverkusen for €10m 🔴⚫️🇩🇪 https://t.co/uDfhSEoV8U",Sun Jun 01 15:43:15 +0000 2025,93532,1423,5855,6191056,False,False,True
1929201446731251789,FabrizioRomano,🚨🏅 UEFA Team of the Season for UCL campaign 2024/25 has been released! ✨ https://t.co/hml4zaZkLk,Sun Jun 01 15:40:42 +0000 2025,75181,2027,5108,4209325,False,False,True
1929201297355407775,FabrizioRomano,🚨🏅 Ousmane Dembélé wins Best Player of the Season Award from UEFA for UCL. https://t.co/H4dot33cOv,Sun Jun 01 15:40:06 +0000 2025,117247,1265,7455,3069516,False,False,True
1929201209123930347,FabrizioRomano,🚨🏅 Désiré Doué wins Young Player of the Season Award from UEFA for UCL. https://t.co/uYsmdE2eKa,Sun Jun 01 15:39:45 +0000 2025,87613,856,4371,2775660,False,False,True
1929166245925888507,FabrizioRomano,"🚨❌ Francesco Acerbi has rejected to join Italian national team for the upcoming international games.

“Acerbi informed me by text message this morning, we move on”, says Italy coach Luciano Spalletti. https://t.co/dDuzj3uCzX",Sun Jun 01 13:20:49 +0000 2025,50574,703,1860,4239724,False,False,True
1929161993069416774,FabrizioRomano,"🚨 OFFICIAL: Matheus Cunha joins Man United on five year deal plus one year option from Wolves.

All documents signed after £62.5m release clause has been triggered earlier this week.

First signing of the summer for Man Utd. https://t.co/iesnVyEBaC",Sun Jun 01 13:03:55 +0000 2025,109782,1997,10559,6241806,False,False,True
1929161504764448777,FabrizioRomano,🚨✅🇧🇷 #MUFC,Sun Jun 01 13:01:59 +0000 2025,32368,327,1682,3415431,False,False,False
1929149735798972755,FabrizioRomano,🔴👀⏳ #LFC,Sun Jun 01 12:15:13 +0000 2025,53684,921,3536,6773509,False,False,False
1929141735860380065,FabrizioRomano,"🚨⚠️ Ter Stegen on Joan García and Barça talks: “No one has spoken to me about this… but it doesn't concern me too much. I know that I WILL be in Barcelona next year”.

“For me the situation has not changed in principle. I’m very excited for next season”. https://t.co/8frpV3AKm0",Sun Jun 01 11:43:26 +0000 2025,29459,1145,1290,2813428,False,False,True
1929141060128694669,FabrizioRomano,"🚨🔵 Manchester City and OL are in club to club talks for Rayan Cherki, deal expected to advance fast next week.

Price tag will be in excess of €30m for Cherki; Man City are confident.

2️⃣ #MCFC mantain their plan: Cherki and Reijnders deals to be done in the next days. https://t.co/NQNfJqWncH",Sun Jun 01 11:40:45 +0000 2025,47481,718,3170,4599402,False,False,True
1929132858150392179,FabrizioRomano,"🚨🔵🔴 Robert Lewandowski: “I will stay at Barça, it’s not even a topic. For sure”.

“I’m sure our team will be stronger and I want to win even more”. https://t.co/fB0JPtt1qj",Sun Jun 01 11:08:09 +0000 2025,57797,475,2305,2329393,False,False,True
1926035863294607836,FabrizioRomano,"🚨💣 Florian Wirtz has informed Bayer Leverkusen of his desire to join Liverpool.

The contract agreement is done, sealed as Wirtz only wants Liverpool move.

Club to club talks already underway as revealed earlier, #LFC are confident to get the deal DONE SOON. Not a long saga. https://t.co/1NM6MIVtnj",Fri May 23 22:01:48 +0000 2025,176663,2914,15022,27999658,False,False,True
1929371608839332061,FabrizioRomano,"🚨 Liverpool remain confident to finalize Florian Wirtz deal as new round of talks has been scheduled this week.

Club optimistic to get the agreement sealed with Bayer Leverkusen soon. https://t.co/TAkyE7Yjvy",Mon Jun 02 02:56:52 +0000 2025,3257,274,297,104062,False,False,True
1929291429286715401,FabrizioRomano,"🚨 Chelsea remain in contact with Jadon Sancho’s camp over contract terms, still no agreement on salary so far.

Final decision will be in few days, outcome expected next week.

If contract terms are not agreed, Sancho will go back to Manchester United with £5m compensation. https://t.co/H8nDCd3WAg",Sun Jun 01 21:38:15 +0000 2025,27768,967,1721,1848414,False,False,True
1929287492819185879,FabrizioRomano,"🚨🔵 Strasbourg are set to sign Brazilian 16 year old fullback Angelo Candido from São Paulo, agreement done.

São Paulo will keep 12% sell-on clause as @mabragatchelo reports, deal in place.

One for the future with potential view on Chelsea move in the following years. 🇧🇷 https://t.co/4ZznwiVvdU",Sun Jun 01 21:22:37 +0000 2025,14082,226,791,1299223,False,False,True
1929281098355269893,FabrizioRomano,"🚨🇦🇹 Joao Sacramento, set to sign as new head coach at Austrian side LASK. Two year contract almost agreed.

Former Mourinho’s assistant at Spurs and Roma, also Galtier's assistant at PSG and Lille, considered to be a talented coach with important future ahead. https://t.co/EmcT8X1vuZ",Sun Jun 01 20:57:12 +0000 2025,11506,163,478,1226961,False,False,True
1929281083314414061,FabrizioRomano,"🎧 Here we go podcast post UCL.

◉ Florian Wirtz negotiations underway.
◉ PSG consider Mastantuono as future top player.
◉ Al Hilal push to get Simone Inzaghi’s green light.
◉ Donnarumma’s contract + Doué deal secrets. 

🎥 More @MenInBlazers: https://t.co/kw0s0JA1AE https://t.co/lwZGNHZO3k",Sun Jun 01 20:57:09 +0000 2025,9227,165,466,1196843,False,False,True
1929264051554505001,FabrizioRomano,"🚨⚪️ Spurs chairman Daniel Levy set to decide Ange Postecoglou’s future in the next days, situation open.

Thomas Frank and Marco Silva are both appreciated, discussed internally as options for Spurs job if Ange gets fired.

No final decision on Postecoglou yet. https://t.co/GNvtBcjiAD",Sun Jun 01 19:49:28 +0000 2025,45120,1118,2347,3158823,False,False,True
1929235096155857299,FabrizioRomano,"🚨🔵 Liam Delap completes first part of his medical at Chelsea and formal steps will follow early next week.

All set to get the deal official. Delap will play for Chelsea. https://t.co/mOtO4bXQp6",Sun Jun 01 17:54:25 +0000 2025,50468,861,3743,2424982,False,False,True
1929217878412108054,FabrizioRomano,"🚨⚪️⚫️ Former Toulouse president Damien Comolli has signed in as new Juventus general director.

Three year contract sealed. https://t.co/9OxVxAQqos",Sun Jun 01 16:46:00 +0000 2025,20416,500,907,2454110,False,False,True
1929202328973762883,FabrizioRomano,"🔵⚪️🦅 Maurizio Sarri and Lazio, deal set to be signed next week on two year contract plus option.

Story revealed yesterday, confirmed. ⤵️",Sun Jun 01 15:44:12 +0000 2025,12039,253,599,3203371,False,False,False
1929202088510132232,FabrizioRomano,"🚨🔴⚪️ Caoimhin Kelleher to Brentford, here we go! Deal done for the goalkeeper to join from Liverpool on £18m package fee add-ons included.

Mark Flekken will leave Brentford and join Bayer Leverkusen for €10m 🔴⚫️🇩🇪 https://t.co/uDfhSEoV8U",Sun Jun 01 15:43:15 +0000 2025,93532,1423,5855,6191056,False,False,True
1929201446731251789,FabrizioRomano,🚨🏅 UEFA Team of the Season for UCL campaign 2024/25 has been released! ✨ https://t.co/hml4zaZkLk,Sun Jun 01 15:40:42 +0000 2025,75182,2027,5108,4209325,False,False,True
1929201297355407775,FabrizioRomano,🚨🏅 Ousmane Dembélé wins Best Player of the Season Award from UEFA for UCL. https://t.co/H4dot33cOv,Sun Jun 01 15:40:06 +0000 2025,117248,1265,7455,3069516,False,False,True
1929201209123930347,FabrizioRomano,🚨🏅 Désiré Doué wins Young Player of the Season Award from UEFA for UCL. https://t.co/uYsmdE2eKa,Sun Jun 01 15:39:45 +0000 2025,87613,856,4371,2775660,False,False,True
1929166245925888507,FabrizioRomano,"🚨❌ Francesco Acerbi has rejected to join Italian national team for the upcoming international games.

“Acerbi informed me by text message this morning, we move on”, says Italy coach Luciano Spalletti. https://t.co/dDuzj3uCzX",Sun Jun 01 13:20:49 +0000 2025,50574,703,1860,4260633,False,False,True
1929161993069416774,FabrizioRomano,"🚨 OFFICIAL: Matheus Cunha joins Man United on five year deal plus one year option from Wolves.

All documents signed after £62.5m release clause has been triggered earlier this week.

First signing of the summer for Man Utd. https://t.co/iesnVyEBaC",Sun Jun 01 13:03:55 +0000 2025,109782,1997,10559,6241806,False,False,True
1929161504764448777,FabrizioRomano,🚨✅🇧🇷 #MUFC,Sun Jun 01 13:01:59 +0000 2025,32368,327,1682,3415431,False,False,False
1929149735798972755,FabrizioRomano,🔴👀⏳ #LFC,Sun Jun 01 12:15:13 +0000 2025,53684,921,3536,6773509,False,False,False
1929141735860380065,FabrizioRomano,"🚨⚠️ Ter Stegen on Joan García and Barça talks: “No one has spoken to me about this… but it doesn't concern me too much. I know that I WILL be in Barcelona next year”.

“For me the situation has not changed in principle. I’m very excited for next season”. https://t.co/8frpV3AKm0",Sun Jun 01 11:43:26 +0000 2025,29459,1145,1290,2813428,False,False,True
1929141060128694669,FabrizioRomano,"🚨🔵 Manchester City and OL are in club to club talks for Rayan Cherki, deal expected to advance fast next week.

Price tag will be in excess of €30m for Cherki; Man City are confident.

2️⃣ #MCFC mantain their plan: Cherki and Reijnders deals to be done in the next days. https://t.co/NQNfJqWncH",Sun Jun 01 11:40:45 +0000 2025,47481,718,3170,4599402,False,False,True
1929132858150392179,FabrizioRomano,"🚨🔵🔴 Robert Lewandowski: “I will stay at Barça, it’s not even a topic. For sure”.

“I’m sure our team will be stronger and I want to win even more”. https://t.co/fB0JPtt1qj",Sun Jun 01 11:08:09 +0000 2025,57798,475,2305,2329393,False,False,True
1926035863294607836,FabrizioRomano,"🚨💣 Florian Wirtz has informed Bayer Leverkusen of his desire to join Liverpool.

The contract agreement is done, sealed as Wirtz only wants Liverpool move.

Club to club talks already underway as revealed earlier, #LFC are confident to get the deal DONE SOON. Not a long saga. https://t.co/1NM6MIVtnj",Fri May 23 22:01:48 +0000 2025,176663,2914,15022,27999658,False,False,True
1929371608839332061,FabrizioRomano,"🚨 Liverpool remain confident to finalize Florian Wirtz deal as new round of talks has been scheduled this week.

Club optimistic to get the agreement sealed with Bayer Leverkusen soon. https://t.co/TAkyE7Yjvy",Mon Jun 02 02:56:52 +0000 2025,3272,274,298,104062,False,False,True
1929291429286715401,FabrizioRomano,"🚨 Chelsea remain in contact with Jadon Sancho’s camp over contract terms, still no agreement on salary so far.

Final decision will be in few days, outcome expected next week.

If contract terms are not agreed, Sancho will go back to Manchester United with £5m compensation. https://t.co/H8nDCd3WAg",Sun Jun 01 21:38:15 +0000 2025,27769,967,1721,1848414,False,False,True
1929287492819185879,FabrizioRomano,"🚨🔵 Strasbourg are set to sign Brazilian 16 year old fullback Angelo Candido from São Paulo, agreement done.

São Paulo will keep 12% sell-on clause as @mabragatchelo reports, deal in place.

One for the future with potential view on Chelsea move in the following years. 🇧🇷 https://t.co/4ZznwiVvdU",Sun Jun 01 21:22:37 +0000 2025,14083,226,791,1299223,False,False,True
1929281098355269893,FabrizioRomano,"🚨🇦🇹 Joao Sacramento, set to sign as new head coach at Austrian side LASK. Two year contract almost agreed.

Former Mourinho’s assistant at Spurs and Roma, also Galtier's assistant at PSG and Lille, considered to be a talented coach with important future ahead. https://t.co/EmcT8X1vuZ",Sun Jun 01 20:57:12 +0000 2025,11507,163,478,1226961,False,False,True
1929281083314414061,FabrizioRomano,"🎧 Here we go podcast post UCL.

◉ Florian Wirtz negotiations underway.
◉ PSG consider Mastantuono as future top player.
◉ Al Hilal push to get Simone Inzaghi’s green light.
◉ Donnarumma’s contract + Doué deal secrets. 

🎥 More @MenInBlazers: https://t.co/kw0s0JA1AE https://t.co/lwZGNHZO3k",Sun Jun 01 20:57:09 +0000 2025,9227,166,466,1197398,False,False,True
1929264051554505001,FabrizioRomano,"🚨⚪️ Spurs chairman Daniel Levy set to decide Ange Postecoglou’s future in the next days, situation open.

Thomas Frank and Marco Silva are both appreciated, discussed internally as options for Spurs job if Ange gets fired.

No final decision on Postecoglou yet. https://t.co/GNvtBcjiAD",Sun Jun 01 19:49:28 +0000 2025,45122,1118,2347,3158823,False,False,True
1929235096155857299,FabrizioRomano,"🚨🔵 Liam Delap completes first part of his medical at Chelsea and formal steps will follow early next week.

All set to get the deal official. Delap will play for Chelsea. https://t.co/mOtO4bXQp6",Sun Jun 01 17:54:25 +0000 2025,50469,861,3743,2424982,False,False,True
1929217878412108054,FabrizioRomano,"🚨⚪️⚫️ Former Toulouse president Damien Comolli has signed in as new Juventus general director.

Three year contract sealed. https://t.co/9OxVxAQqos",Sun Jun 01 16:46:00 +0000 2025,20416,500,907,2454110,False,False,True
1929202328973762883,FabrizioRomano,"🔵⚪️🦅 Maurizio Sarri and Lazio, deal set to be signed next week on two year contract plus option.

Story revealed yesterday, confirmed. ⤵️",Sun Jun 01 15:44:12 +0000 2025,12039,253,599,3203371,False,False,False
1929202088510132232,FabrizioRomano,"🚨🔴⚪️ Caoimhin Kelleher to Brentford, here we go! Deal done for the goalkeeper to join from Liverpool on £18m package fee add-ons included.

Mark Flekken will leave Brentford and join Bayer Leverkusen for €10m 🔴⚫️🇩🇪 https://t.co/uDfhSEoV8U",Sun Jun 01 15:43:15 +0000 2025,93533,1423,5856,6192155,False,False,True
1929201446731251789,FabrizioRomano,🚨🏅 UEFA Team of the Season for UCL campaign 2024/25 has been released! ✨ https://t.co/hml4zaZkLk,Sun Jun 01 15:40:42 +0000 2025,75182,2027,5108,4209325,False,False,True
1929201297355407775,FabrizioRomano,🚨🏅 Ousmane Dembélé wins Best Player of the Season Award from UEFA for UCL. https://t.co/H4dot33cOv,Sun Jun 01 15:40:06 +0000 2025,117248,1265,7455,3069516,False,False,True
1929201209123930347,FabrizioRomano,🚨🏅 Désiré Doué wins Young Player of the Season Award from UEFA for UCL. https://t.co/uYsmdE2eKa,Sun Jun 01 15:39:45 +0000 2025,87613,856,4371,2775660,False,False,True
1929166245925888507,FabrizioRomano,"🚨❌ Francesco Acerbi has rejected to join Italian national team for the upcoming international games.

“Acerbi informed me by text message this morning, we move on”, says Italy coach Luciano Spalletti. https://t.co/dDuzj3uCzX",Sun Jun 01 13:20:49 +0000 2025,50575,703,1860,4260633,False,False,True
1929161993069416774,FabrizioRomano,"🚨 OFFICIAL: Matheus Cunha joins Man United on five year deal plus one year option from Wolves.

All documents signed after £62.5m release clause has been triggered earlier this week.

First signing of the summer for Man Utd. https://t.co/iesnVyEBaC",Sun Jun 01 13:03:55 +0000 2025,109782,1997,10559,6241806,False,False,True
1929161504764448777,FabrizioRomano,🚨✅🇧🇷 #MUFC,Sun Jun 01 13:01:59 +0000 2025,32368,327,1682,3415691,False,False,False
1929149735798972755,FabrizioRomano,🔴👀⏳ #LFC,Sun Jun 01 12:15:13 +0000 2025,53686,921,3536,6773509,False,False,False
1929141735860380065,FabrizioRomano,"🚨⚠️ Ter Stegen on Joan García and Barça talks: “No one has spoken to me about this… but it doesn't concern me too much. I know that I WILL be in Barcelona next year”.

“For me the situation has not changed in principle. I’m very excited for next season”. https://t.co/8frpV3AKm0",Sun Jun 01 11:43:26 +0000 2025,29460,1145,1290,2813428,False,False,True
1929141060128694669,FabrizioRomano,"🚨🔵 Manchester City and OL are in club to club talks for Rayan Cherki, deal expected to advance fast next week.

Price tag will be in excess of €30m for Cherki; Man City are confident.

2️⃣ #MCFC mantain their plan: Cherki and Reijnders deals to be done in the next days. https://t.co/NQNfJqWncH",Sun Jun 01 11:40:45 +0000 2025,47481,718,3170,4599402,False,False,True
1929132858150392179,FabrizioRomano,"🚨🔵🔴 Robert Lewandowski: “I will stay at Barça, it’s not even a topic. For sure”.

“I’m sure our team will be stronger and I want to win even more”. https://t.co/fB0JPtt1qj",Sun Jun 01 11:08:09 +0000 2025,57799,475,2305,2329393,False,False,True
1926035863294607836,FabrizioRomano,"🚨💣 Florian Wirtz has informed Bayer Leverkusen of his desire to join Liverpool.

The contract agreement is done, sealed as Wirtz only wants Liverpool move.

Club to club talks already underway as revealed earlier, #LFC are confident to get the deal DONE SOON. Not a long saga. https://t.co/1NM6MIVtnj",Fri May 23 22:01:48 +0000 2025,176663,2914,15022,27999658,False,False,True
1929371608839332061,FabrizioRomano,"🚨 Liverpool remain confident to finalize Florian Wirtz deal as new round of talks has been scheduled this week.

Club optimistic to get the agreement sealed with Bayer Leverkusen soon. https://t.co/TAkyE7Yjvy",Mon Jun 02 02:56:52 +0000 2025,3286,274,299,104062,False,False,True
1929291429286715401,FabrizioRomano,"🚨 Chelsea remain in contact with Jadon Sancho’s camp over contract terms, still no agreement on salary so far.

Final decision will be in few days, outcome expected next week.

If contract terms are not agreed, Sancho will go back to Manchester United with £5m compensation. https://t.co/H8nDCd3WAg",Sun Jun 01 21:38:15 +0000 2025,27771,967,1721,1848414,False,False,True
1929287492819185879,FabrizioRomano,"🚨🔵 Strasbourg are set to sign Brazilian 16 year old fullback Angelo Candido from São Paulo, agreement done.

São Paulo will keep 12% sell-on clause as @mabragatchelo reports, deal in place.

One for the future with potential view on Chelsea move in the following years. 🇧🇷 https://t.co/4ZznwiVvdU",Sun Jun 01 21:22:37 +0000 2025,14083,226,791,1299223,False,False,True
1929281098355269893,FabrizioRomano,"🚨🇦🇹 Joao Sacramento, set to sign as new head coach at Austrian side LASK. Two year contract almost agreed.

Former Mourinho’s assistant at Spurs and Roma, also Galtier's assistant at PSG and Lille, considered to be a talented coach with important future ahead. https://t.co/EmcT8X1vuZ",Sun Jun 01 20:57:12 +0000 2025,11507,163,478,1226961,False,False,True
1929281083314414061,FabrizioRomano,"🎧 Here we go podcast post UCL.

◉ Florian Wirtz negotiations underway.
◉ PSG consider Mastantuono as future top player.
◉ Al Hilal push to get Simone Inzaghi’s green light.
◉ Donnarumma’s contract + Doué deal secrets. 

🎥 More @MenInBlazers: https://t.co/kw0s0JA1AE https://t.co/lwZGNHZO3k",Sun Jun 01 20:57:09 +0000 2025,9230,166,466,1197398,False,False,True
1929264051554505001,FabrizioRomano,"🚨⚪️ Spurs chairman Daniel Levy set to decide Ange Postecoglou’s future in the next days, situation open.

Thomas Frank and Marco Silva are both appreciated, discussed internally as options for Spurs job if Ange gets fired.

No final decision on Postecoglou yet. https://t.co/GNvtBcjiAD",Sun Jun 01 19:49:28 +0000 2025,45125,1118,2347,3158823,False,False,True
1929235096155857299,FabrizioRomano,"🚨🔵 Liam Delap completes first part of his medical at Chelsea and formal steps will follow early next week.

All set to get the deal official. Delap will play for Chelsea. https://t.co/mOtO4bXQp6",Sun Jun 01 17:54:25 +0000 2025,50471,861,3743,2425540,False,False,True
1929217878412108054,FabrizioRomano,"🚨⚪️⚫️ Former Toulouse president Damien Comolli has signed in as new Juventus general director.

Three year contract sealed. https://t.co/9OxVxAQqos",Sun Jun 01 16:46:00 +0000 2025,20416,500,907,2454110,False,False,True
1929202328973762883,FabrizioRomano,"🔵⚪️🦅 Maurizio Sarri and Lazio, deal set to be signed next week on two year contract plus option.

Story revealed yesterday, confirmed. ⤵️",Sun Jun 01 15:44:12 +0000 2025,12039,253,599,3203371,False,False,False
1929202088510132232,FabrizioRomano,"🚨🔴⚪️ Caoimhin Kelleher to Brentford, here we go! Deal done for the goalkeeper to join from Liverpool on £18m package fee add-ons included.

Mark Flekken will leave Brentford and join Bayer Leverkusen for €10m 🔴⚫️🇩🇪 https://t.co/uDfhSEoV8U",Sun Jun 01 15:43:15 +0000 2025,93534,1423,5856,6192155,False,False,True
1929201446731251789,FabrizioRomano,🚨🏅 UEFA Team of the Season for UCL campaign 2024/25 has been released! ✨ https://t.co/hml4zaZkLk,Sun Jun 01 15:40:42 +0000 2025,75184,2027,5108,4209325,False,False,True
1929201297355407775,FabrizioRomano,🚨🏅 Ousmane Dembélé wins Best Player of the Season Award from UEFA for UCL. https://t.co/H4dot33cOv,Sun Jun 01 15:40:06 +0000 2025,117250,1265,7455,3069516,False,False,True
1929201209123930347,FabrizioRomano,🚨🏅 Désiré Doué wins Young Player of the Season Award from UEFA for UCL. https://t.co/uYsmdE2eKa,Sun Jun 01 15:39:45 +0000 2025,87614,856,4371,2776008,False,False,True
1929166245925888507,FabrizioRomano,"🚨❌ Francesco Acerbi has rejected to join Italian national team for the upcoming international games.

“Acerbi informed me by text message this morning, we move on”, says Italy coach Luciano Spalletti. https://t.co/dDuzj3uCzX",Sun Jun 01 13:20:49 +0000 2025,50576,703,1860,4260633,False,False,True
1929161993069416774,FabrizioRomano,"🚨 OFFICIAL: Matheus Cunha joins Man United on five year deal plus one year option from Wolves.

All documents signed after £62.5m release clause has been triggered earlier this week.

First signing of the summer for Man Utd. https://t.co/iesnVyEBaC",Sun Jun 01 13:03:55 +0000 2025,109782,1997,10559,6186539,False,False,True
1929161504764448777,FabrizioRomano,🚨✅🇧🇷 #MUFC,Sun Jun 01 13:01:59 +0000 2025,32368,327,1682,3415691,False,False,False
1929149735798972755,FabrizioRomano,🔴👀⏳ #LFC,Sun Jun 01 12:15:13 +0000 2025,53686,921,3536,6773509,False,False,False
1929141735860380065,FabrizioRomano,"🚨⚠️ Ter Stegen on Joan García and Barça talks: “No one has spoken to me about this… but it doesn't concern me too much. I know that I WILL be in Barcelona next year”.

“For me the situation has not changed in principle. I’m very excited for next season”. https://t.co/8frpV3AKm0",Sun Jun 01 11:43:26 +0000 2025,29460,1145,1290,2813428,False,False,True
1929141060128694669,FabrizioRomano,"🚨🔵 Manchester City and OL are in club to club talks for Rayan Cherki, deal expected to advance fast next week.

Price tag will be in excess of €30m for Cherki; Man City are confident.

2️⃣ #MCFC mantain their plan: Cherki and Reijnders deals to be done in the next days. https://t.co/NQNfJqWncH",Sun Jun 01 11:40:45 +0000 2025,47481,718,3170,4599402,False,False,True
1929132858150392179,FabrizioRomano,"🚨🔵🔴 Robert Lewandowski: “I will stay at Barça, it’s not even a topic. For sure”.

“I’m sure our team will be stronger and I want to win even more”. https://t.co/fB0JPtt1qj",Sun Jun 01 11:08:09 +0000 2025,57800,475,2305,2329393,False,False,True
1926035863294607836,FabrizioRomano,"🚨💣 Florian Wirtz has informed Bayer Leverkusen of his desire to join Liverpool.

The contract agreement is done, sealed as Wirtz only wants Liverpool move.

Club to club talks already underway as revealed earlier, #LFC are confident to get the deal DONE SOON. Not a long saga. https://t.co/1NM6MIVtnj",Fri May 23 22:01:48 +0000 2025,176664,2914,15022,27999658,False,False,True
1929371608839332061,FabrizioRomano,"🚨 Liverpool remain confident to finalize Florian Wirtz deal as new round of talks has been scheduled this week.

Club optimistic to get the agreement sealed with Bayer Leverkusen soon. https://t.co/TAkyE7Yjvy",Mon Jun 02 02:56:52 +0000 2025,3296,277,301,104062,False,False,True
1929291429286715401,FabrizioRomano,"🚨 Chelsea remain in contact with Jadon Sancho’s camp over contract terms, still no agreement on salary so far.

Final decision will be in few days, outcome expected next week.

If contract terms are not agreed, Sancho will go back to Manchester United with £5m compensation. https://t.co/H8nDCd3WAg",Sun Jun 01 21:38:15 +0000 2025,27771,967,1721,1848414,False,False,True
1929287492819185879,FabrizioRomano,"🚨🔵 Strasbourg are set to sign Brazilian 16 year old fullback Angelo Candido from São Paulo, agreement done.

São Paulo will keep 12% sell-on clause as @mabragatchelo reports, deal in place.

One for the future with potential view on Chelsea move in the following years. 🇧🇷 https://t.co/4ZznwiVvdU",Sun Jun 01 21:22:37 +0000 2025,14083,226,791,1299223,False,False,True
1929281098355269893,FabrizioRomano,"🚨🇦🇹 Joao Sacramento, set to sign as new head coach at Austrian side LASK. Two year contract almost agreed.

Former Mourinho’s assistant at Spurs and Roma, also Galtier's assistant at PSG and Lille, considered to be a talented coach with important future ahead. https://t.co/EmcT8X1vuZ",Sun Jun 01 20:57:12 +0000 2025,11508,163,478,1226961,False,False,True
1929281083314414061,FabrizioRomano,"🎧 Here we go podcast post UCL.

◉ Florian Wirtz negotiations underway.
◉ PSG consider Mastantuono as future top player.
◉ Al Hilal push to get Simone Inzaghi’s green light.
◉ Donnarumma’s contract + Doué deal secrets. 

🎥 More @MenInBlazers: https://t.co/kw0s0JA1AE https://t.co/lwZGNHZO3k",Sun Jun 01 20:57:09 +0000 2025,9230,166,467,1197398,False,False,True
1929264051554505001,FabrizioRomano,"🚨⚪️ Spurs chairman Daniel Levy set to decide Ange Postecoglou’s future in the next days, situation open.

Thomas Frank and Marco Silva are both appreciated, discussed internally as options for Spurs job if Ange gets fired.

No final decision on Postecoglou yet. https://t.co/GNvtBcjiAD",Sun Jun 01 19:49:28 +0000 2025,45126,1118,2347,3158823,False,False,True
1929235096155857299,FabrizioRomano,"🚨🔵 Liam Delap completes first part of his medical at Chelsea and formal steps will follow early next week.

All set to get the deal official. Delap will play for Chelsea. https://t.co/mOtO4bXQp6",Sun Jun 01 17:54:25 +0000 2025,50471,861,3743,2425540,False,False,True
1929217878412108054,FabrizioRomano,"🚨⚪️⚫️ Former Toulouse president Damien Comolli has signed in as new Juventus general director.

Three year contract sealed. https://t.co/9OxVxAQqos",Sun Jun 01 16:46:00 +0000 2025,20416,500,907,2454110,False,False,True
1929202328973762883,FabrizioRomano,"🔵⚪️🦅 Maurizio Sarri and Lazio, deal set to be signed next week on two year contract plus option.

Story revealed yesterday, confirmed. ⤵️",Sun Jun 01 15:44:12 +0000 2025,12039,253,599,3203371,False,False,False
1929202088510132232,FabrizioRomano,"🚨🔴⚪️ Caoimhin Kelleher to Brentford, here we go! Deal done for the goalkeeper to join from Liverpool on £18m package fee add-ons included.

Mark Flekken will leave Brentford and join Bayer Leverkusen for €10m 🔴⚫️🇩🇪 https://t.co/uDfhSEoV8U",Sun Jun 01 15:43:15 +0000 2025,93534,1423,5856,6192155,False,False,True
1929201446731251789,FabrizioRomano,🚨🏅 UEFA Team of the Season for UCL campaign 2024/25 has been released! ✨ https://t.co/hml4zaZkLk,Sun Jun 01 15:40:42 +0000 2025,75185,2027,5108,4209325,False,False,True
1929201297355407775,FabrizioRomano,🚨🏅 Ousmane Dembélé wins Best Player of the Season Award from UEFA for UCL. https://t.co/H4dot33cOv,Sun Jun 01 15:40:06 +0000 2025,117253,1265,7455,3069516,False,False,True
1929201209123930347,FabrizioRomano,🚨🏅 Désiré Doué wins Young Player of the Season Award from UEFA for UCL. https://t.co/uYsmdE2eKa,Sun Jun 01 15:39:45 +0000 2025,87616,856,4371,2776008,False,False,True
1929166245925888507,FabrizioRomano,"🚨❌ Francesco Acerbi has rejected to join Italian national team for the upcoming international games.

“Acerbi informed me by text message this morning, we move on”, says Italy coach Luciano Spalletti. https://t.co/dDuzj3uCzX",Sun Jun 01 13:20:49 +0000 2025,50576,703,1860,4260633,False,False,True
1929161993069416774,FabrizioRomano,"🚨 OFFICIAL: Matheus Cunha joins Man United on five year deal plus one year option from Wolves.

All documents signed after £62.5m release clause has been triggered earlier this week.

First signing of the summer for Man Utd. https://t.co/iesnVyEBaC",Sun Jun 01 13:03:55 +0000 2025,109782,1997,10559,6186539,False,False,True
1929161504764448777,FabrizioRomano,🚨✅🇧🇷 #MUFC,Sun Jun 01 13:01:59 +0000 2025,32369,327,1682,3415691,False,False,False
1929149735798972755,FabrizioRomano,🔴👀⏳ #LFC,Sun Jun 01 12:15:13 +0000 2025,53687,921,3536,6773509,False,False,False
1929141735860380065,FabrizioRomano,"🚨⚠️ Ter Stegen on Joan García and Barça talks: “No one has spoken to me about this… but it doesn't concern me too much. I know that I WILL be in Barcelona next year”.

“For me the situation has not changed in principle. I’m very excited for next season”. https://t.co/8frpV3AKm0",Sun Jun 01 11:43:26 +0000 2025,29460,1145,1290,2831479,False,False,True
1929141060128694669,FabrizioRomano,"🚨🔵 Manchester City and OL are in club to club talks for Rayan Cherki, deal expected to advance fast next week.

Price tag will be in excess of €30m for Cherki; Man City are confident.

2️⃣ #MCFC mantain their plan: Cherki and Reijnders deals to be done in the next days. https://t.co/NQNfJqWncH",Sun Jun 01 11:40:45 +0000 2025,47481,718,3170,4599402,False,False,True
1929132858150392179,FabrizioRomano,"🚨🔵🔴 Robert Lewandowski: “I will stay at Barça, it’s not even a topic. For sure”.

“I’m sure our team will be stronger and I want to win even more”. https://t.co/fB0JPtt1qj",Sun Jun 01 11:08:09 +0000 2025,57800,475,2305,2329393,False,False,True
1926035863294607836,FabrizioRomano,"🚨💣 Florian Wirtz has informed Bayer Leverkusen of his desire to join Liverpool.

The contract agreement is done, sealed as Wirtz only wants Liverpool move.

Club to club talks already underway as revealed earlier, #LFC are confident to get the deal DONE SOON. Not a long saga. https://t.co/1NM6MIVtnj",Fri May 23 22:01:48 +0000 2025,176664,2914,15022,27999658,False,False,True
1929371608839332061,FabrizioRomano,"🚨 Liverpool remain confident to finalize Florian Wirtz deal as new round of talks has been scheduled this week.

Club optimistic to get the agreement sealed with Bayer Leverkusen soon. https://t.co/TAkyE7Yjvy",Mon Jun 02 02:56:52 +0000 2025,3310,277,301,104062,False,False,True
1929291429286715401,FabrizioRomano,"🚨 Chelsea remain in contact with Jadon Sancho’s camp over contract terms, still no agreement on salary so far.

Final decision will be in few days, outcome expected next week.

If contract terms are not agreed, Sancho will go back to Manchester United with £5m compensation. https://t.co/H8nDCd3WAg",Sun Jun 01 21:38:15 +0000 2025,27772,967,1721,1848414,False,False,True
1929287492819185879,FabrizioRomano,"🚨🔵 Strasbourg are set to sign Brazilian 16 year old fullback Angelo Candido from São Paulo, agreement done.

São Paulo will keep 12% sell-on clause as @mabragatchelo reports, deal in place.

One for the future with potential view on Chelsea move in the following years. 🇧🇷 https://t.co/4ZznwiVvdU",Sun Jun 01 21:22:37 +0000 2025,14083,226,791,1299223,False,False,True
1929281098355269893,FabrizioRomano,"🚨🇦🇹 Joao Sacramento, set to sign as new head coach at Austrian side LASK. Two year contract almost agreed.

Former Mourinho’s assistant at Spurs and Roma, also Galtier's assistant at PSG and Lille, considered to be a talented coach with important future ahead. https://t.co/EmcT8X1vuZ",Sun Jun 01 20:57:12 +0000 2025,11508,163,478,1226961,False,False,True
1929281083314414061,FabrizioRomano,"🎧 Here we go podcast post UCL.

◉ Florian Wirtz negotiations underway.
◉ PSG consider Mastantuono as future top player.
◉ Al Hilal push to get Simone Inzaghi’s green light.
◉ Donnarumma’s contract + Doué deal secrets. 

🎥 More @MenInBlazers: https://t.co/kw0s0JA1AE https://t.co/lwZGNHZO3k",Sun Jun 01 20:57:09 +0000 2025,9231,166,467,1197398,False,False,True
